time,open,high,low,close,volume
2016-09-02 19:25:47,600,618.73,594.58,607.73,28711521
2016-09-03 19:25:47,607.73,613.87,579.47,589.54,17363590
2016-09-04 19:25:47,589.54,601.29,570.45,580.2,32786970
2016-09-05 19:25:47,580.2,597.19,576.99,588.5,9218681
2016-09-06 19:25:47,588.5,591.43,573.95,576.66,25953560
2016-09-07 19:25:47,576.66,588.81,569.11,587.29,39111362
2016-09-08 19:25:47,587.29,590.88,578.72,587.83,7550753
2016-09-09 19:25:47,587.83,612.76,581.49,602.15,26204536
2016-09-10 19:25:47,602.15,607.74,588.62,599.82,6284534
2016-09-11 19:25:47,599.82,601.13,580.52,583.75,35003287
2016-09-12 19:25:47,583.75,588.9,570.24,574.29,36281744
2016-09-13 19:25:47,574.29,586.85,565.54,582.43,31898442
2016-09-14 19:25:47,582.43,597.25,582.0,591.56,35045386
2016-09-15 19:25:47,591.56,597.91,578.22,587.24,32925786
2016-09-16 19:25:47,587.24,595.8,576.99,586.16,25690431
2016-09-17 19:25:47,586.16,602.52,576.08,596.45,41355301
2016-09-18 19:25:47,596.45,605.79,581.97,591.88,27443159
2016-09-19 19:25:47,591.88,601.27,578.75,584.1,41251085
2016-09-20 19:25:47,584.1,587.7,564.23,572.46,22139424
2016-09-21 19:25:47,572.46,576.44,567.16,575.6,26700683
2016-09-22 19:25:47,575.6,586.67,564.24,580.34,19535722
2016-09-23 19:25:47,580.34,596.56,578.23,589.64,9138966
2016-09-24 19:25:47,589.64,595.01,570.29,580.72,21044191
2016-09-25 19:25:47,580.72,582.73,576.13,580.71,25366833
2016-09-26 19:25:47,580.71,591.83,569.1,573.07,14135095
2016-09-27 19:25:47,573.07,578.47,569.83,571.76,18149585
2016-09-28 19:25:47,571.76,576.28,552.17,557.93,26932902
2016-09-29 19:25:47,557.93,580.92,547.23,570.82,1071455
2016-09-30 19:25:47,570.82,580.72,552.41,563.67,49004390
2016-10-01 19:25:47,563.67,564.47,553.14,553.3,7717497
2016-10-02 19:25:47,553.3,559.16,534.61,539.07,44180326
2016-10-03 19:25:47,539.07,547.25,529.63,532.06,10499952
2016-10-04 19:25:47,532.06,538.95,509.37,517.68,2355059
2016-10-05 19:25:47,517.68,521.87,512.47,516.71,10220648
2016-10-06 19:25:47,516.71,516.99,495.31,502.58,15856477
2016-10-07 19:25:47,502.58,522.62,495.37,512.49,6807033
2016-10-08 19:25:47,512.49,517.74,501.24,510.02,37862674
2016-10-09 19:25:47,510.02,517.76,504.17,512.15,25317515
2016-10-10 19:25:47,512.15,519.38,496.19,504.19,20157528
2016-10-11 19:25:47,504.19,520.48,498.1,514.74,14421064
2016-10-12 19:25:47,514.74,522.69,505.8,522.44,27494566
2016-10-13 19:25:47,522.44,529.92,508.73,516.95,22156100
2016-10-14 19:25:47,516.95,519.89,504.56,512.04,10106286
2016-10-15 19:25:47,512.04,521.6,496.75,504.48,44128215
2016-10-16 19:25:47,504.48,517.57,499.1,514.57,42594488
2016-10-17 19:25:47,514.57,523.47,497.95,504.18,4766728
2016-10-18 19:25:47,504.18,512.84,494.51,505.17,11142681
2016-10-19 19:25:47,505.17,518.1,501.16,517.29,5882091
2016-10-20 19:25:47,517.29,518.69,508.71,512.33,27922932
2016-10-21 19:25:47,512.33,518.36,495.27,497.5,28074682
2016-10-22 19:25:47,497.5,513.36,496.47,505.47,42071246
2016-10-23 19:25:47,505.47,514.65,501.44,512.73,24562778
2016-10-24 19:25:47,512.73,528.78,507.77,526.24,45760519
2016-10-25 19:25:47,526.24,530.82,513.2,520.06,17820010
2016-10-26 19:25:47,520.06,545.22,513.3,535.13,33229007
2016-10-27 19:25:47,535.13,553.65,534.3,550.57,43041269
2016-10-28 19:25:47,550.57,566.63,541.8,559.29,32781385
2016-10-29 19:25:47,559.29,569.46,558.94,563.54,6538223
2016-10-30 19:25:47,563.54,567.6,562.9,565.07,19526871
2016-10-31 19:25:47,565.07,573.63,554.29,556.26,10908063
2016-11-01 19:25:47,556.26,572.55,546.14,561.74,20005845
2016-11-02 19:25:47,561.74,581.42,557.04,576.23,1162160
2016-11-03 19:25:47,576.23,596.52,570.2,592.32,35616386
2016-11-04 19:25:47,592.32,605.06,588.66,599.04,27553107
2016-11-05 19:25:47,599.04,614.5,596.1,607.47,12218300
2016-11-06 19:25:47,607.47,617.87,599.68,604.85,13030049
2016-11-07 19:25:47,604.85,610.57,575.93,586.79,26483786
2016-11-08 19:25:47,586.79,593.46,559.12,569.69,28253355
2016-11-09 19:25:47,569.69,588.61,565.64,580.37,1239722
2016-11-10 19:25:47,580.37,586.12,570.49,580.2,1826951
2016-11-11 19:25:47,580.2,596.46,572.53,589.94,33783986
2016-11-12 19:25:47,589.94,590.78,571.0,581.25,49342926
2016-11-13 19:25:47,581.25,585.75,557.75,566.33,15231359
2016-11-14 19:25:47,566.33,583.12,559.99,573.61,45524366
2016-11-15 19:25:47,573.61,599.36,570.84,589.24,38650703
2016-11-16 19:25:47,589.24,604.8,577.69,593.32,18034878
2016-11-17 19:25:47,593.32,599.02,583.62,585.04,16578985
2016-11-18 19:25:47,585.04,595.33,574.62,582.38,24984726
2016-11-19 19:25:47,582.38,588.22,575.36,583.63,36866162
2016-11-20 19:25:47,583.63,595.34,578.8,595.17,43226623
2016-11-21 19:25:47,595.17,605.75,588.62,593.65,4631411
2016-11-22 19:25:47,593.65,611.58,583.27,608.42,21576791
2016-11-23 19:25:47,608.42,617.57,600.38,610.24,40637936
2016-11-24 19:25:47,610.24,623.15,600.09,611.89,21294579
2016-11-25 19:25:47,611.89,630.06,609.78,627.24,25703714
2016-11-26 19:25:47,627.24,629.97,617.4,626.83,49196616
2016-11-27 19:25:47,626.83,633.76,618.05,622.98,30034380
2016-11-28 19:25:47,622.98,623.73,612.37,619.11,38218891
2016-11-29 19:25:47,619.11,623.15,610.5,621.31,37692486
2016-11-30 19:25:47,621.31,632.36,605.61,611.54,2536935
2016-12-01 19:25:47,611.54,634.42,608.8,625.17,34898684
2016-12-02 19:25:47,625.17,642.84,620.35,631.04,25008688
2016-12-03 19:25:47,631.04,642.58,612.07,615.09,6944491
2016-12-04 19:25:47,615.09,643.17,605.62,632.9,3717476
2016-12-05 19:25:47,632.9,634.55,611.53,615.32,9238899
2016-12-06 19:25:47,615.32,625.96,604.32,610.29,32269705
2016-12-07 19:25:47,610.29,634.2,606.43,625.21,33009338
2016-12-08 19:25:47,625.21,638.75,613.48,628.06,26033213
2016-12-09 19:25:47,628.06,639.92,618.03,623.5,12265300
2016-12-10 19:25:47,623.5,637.57,618.1,625.3,35498542
2016-12-11 19:25:47,625.3,630.45,613.95,629.21,19120849
2016-12-12 19:25:47,629.21,644.91,626.6,632.3,45860588
2016-12-13 19:25:47,632.3,633.41,621.83,631.59,9296468
2016-12-14 19:25:47,631.59,645.88,627.85,636.71,9685651
2016-12-15 19:25:47,636.71,647.46,612.81,622.35,36052661
2016-12-16 19:25:47,622.35,645.93,618.82,637.43,48109718
2016-12-17 19:25:47,637.43,661.58,629.93,656.29,2941904
2016-12-18 19:25:47,656.29,672.34,650.59,666.83,39717152
2016-12-19 19:25:47,666.83,671.59,657.48,668.8,45055370
2016-12-20 19:25:47,668.8,683.09,657.29,670.16,36627823
2016-12-21 19:25:47,670.16,674.18,668.18,671.49,7105484
2016-12-22 19:25:47,671.49,680.63,644.27,654.41,27218548
2016-12-23 19:25:47,654.41,673.36,643.36,669.82,27960996
2016-12-24 19:25:47,669.82,696.84,666.14,685.72,38884904
2016-12-25 19:25:47,685.72,703.13,676.57,693.22,26754219
2016-12-26 19:25:47,693.22,704.59,687.48,689.88,39051844
2016-12-27 19:25:47,689.88,691.11,668.52,672.08,49208718
2016-12-28 19:25:47,672.08,672.93,659.4,661.09,25477834
2016-12-29 19:25:47,661.09,673.93,638.19,643.68,12837935
2016-12-30 19:25:47,643.68,654.36,625.62,629.49,9871190
2016-12-31 19:25:47,629.49,640.25,624.87,628.72,5011598
2017-01-01 19:25:47,628.72,640.83,613.24,625.09,15285115
2017-01-02 19:25:47,625.09,643.05,613.22,631.32,35818982
2017-01-03 19:25:47,631.32,651.98,622.39,639.3,48854970
2017-01-04 19:25:47,639.3,660.77,634.15,656.84,7351041
2017-01-05 19:25:47,656.84,665.37,648.89,653.94,38661985
2017-01-06 19:25:47,653.94,655.44,627.75,636.68,42422414
2017-01-07 19:25:47,636.68,648.22,631.95,634.78,31040952
2017-01-08 19:25:47,634.78,642.31,630.49,632.41,2782836
2017-01-09 19:25:47,632.41,640.01,622.76,633.96,21057270
2017-01-10 19:25:47,633.96,655.7,624.88,644.3,13122579
2017-01-11 19:25:47,644.3,654.76,620.22,631.02,4289243
2017-01-12 19:25:47,631.02,633.6,615.06,617.34,45190816
2017-01-13 19:25:47,617.34,634.66,616.64,625.48,15952044
2017-01-14 19:25:47,625.48,635.98,619.07,629.83,44551282
2017-01-15 19:25:47,629.83,651.77,627.17,646.12,41112994
2017-01-16 19:25:47,646.12,663.1,645.38,652.76,30577998
2017-01-17 19:25:47,652.76,675.48,647.34,662.75,30888794
2017-01-18 19:25:47,662.75,674.32,662.04,669.69,33527928
2017-01-19 19:25:47,669.69,678.22,652.3,662.38,44847757
2017-01-20 19:25:47,662.38,685.71,656.36,676.97,25163406
2017-01-21 19:25:47,676.97,688.12,665.25,666.42,46664901
2017-01-22 19:25:47,666.42,679.29,656.09,660.62,7203065
2017-01-23 19:25:47,660.62,672.94,652.61,668.72,7997339
2017-01-24 19:25:47,668.72,671.53,644.5,655.23,21522367
2017-01-25 19:25:47,655.23,663.45,637.93,639.84,2480014
2017-01-26 19:25:47,639.84,646.84,619.13,625.32,22060603
2017-01-27 19:25:47,625.32,628.87,606.5,613.73,8559302
2017-01-28 19:25:47,613.73,634.62,611.01,623.86,45537324
2017-01-29 19:25:47,623.86,639.65,619.57,638.45,27916034
2017-01-30 19:25:47,638.45,656.31,629.32,650.13,19924887
2017-01-31 19:25:47,650.13,654.22,637.81,644.31,9302983
2017-02-01 19:25:47,644.31,654.91,638.4,643.39,26463306
2017-02-02 19:25:47,643.39,654.27,624.16,626.22,48512940
2017-02-03 19:25:47,626.22,644.92,619.84,641.97,43909062
2017-02-04 19:25:47,641.97,656.8,631.8,648.18,39537751
2017-02-05 19:25:47,648.18,659.74,630.64,635.2,28024370
2017-02-06 19:25:47,635.2,648.5,632.38,642.32,30055793
2017-02-07 19:25:47,642.32,651.34,632.75,639.56,35843997
2017-02-08 19:25:47,639.56,640.81,635.83,640.12,37416100
2017-02-09 19:25:47,640.12,663.68,634.94,657.29,21468219
2017-02-10 19:25:47,657.29,676.61,652.64,663.78,2950154
2017-02-11 19:25:47,663.78,678.0,657.98,669.94,42870970
2017-02-12 19:25:47,669.94,678.69,659.34,668.12,27968478
2017-02-13 19:25:47,668.12,690.83,658.68,679.09,35013109
2017-02-14 19:25:47,679.09,685.24,653.36,663.4,31303990
2017-02-15 19:25:47,663.4,672.5,646.23,650.93,11678391
2017-02-16 19:25:47,650.93,656.47,636.92,639.15,43843635
2017-02-17 19:25:47,639.15,646.81,636.15,638.94,27022896
2017-02-18 19:25:47,638.94,660.4,632.74,656.0,34898852
2017-02-19 19:25:47,656.0,662.67,643.58,649.95,12553660
2017-02-20 19:25:47,649.95,655.95,627.4,635.47,40125863
2017-02-21 19:25:47,635.47,642.34,625.83,631.67,4255092
2017-02-22 19:25:47,631.67,642.61,623.05,628.08,40149048
2017-02-23 19:25:47,628.08,628.87,618.88,620.05,27811724
2017-02-24 19:25:47,620.05,635.22,617.36,622.94,31419557
2017-02-25 19:25:47,622.94,624.26,619.8,623.72,38660816
2017-02-26 19:25:47,623.72,632.23,621.98,630.52,2009053
2017-02-27 19:25:47,630.52,633.39,611.05,614.14,22541321
2017-02-28 19:25:47,614.14,620.66,601.95,612.93,42202812
2017-03-01 19:25:47,612.93,623.35,610.82,613.43,3645287
2017-03-02 19:25:47,613.43,623.09,594.46,596.25,42309497
2017-03-03 19:25:47,596.25,597.65,583.3,590.77,6075963
2017-03-04 19:25:47,590.77,614.38,583.62,602.82,6370201
2017-03-05 19:25:47,602.82,611.46,582.98,591.96,16079792
2017-03-06 19:25:47,591.96,616.83,580.66,608.52,45398284
2017-03-07 19:25:47,608.52,615.25,597.39,608.7,5430507
2017-03-08 19:25:47,608.7,611.06,585.42,591.78,18914742
2017-03-09 19:25:47,591.78,594.01,572.32,577.43,6303351
2017-03-10 19:25:47,577.43,592.74,570.12,587.99,20370797
2017-03-11 19:25:47,587.99,592.55,573.84,577.98,26142937
2017-03-12 19:25:47,577.98,589.2,565.22,573.46,25739934
2017-03-13 19:25:47,573.46,583.0,562.02,573.56,16409122
2017-03-14 19:25:47,573.56,581.42,562.28,572.62,34094441
2017-03-15 19:25:47,572.62,587.78,572.04,585.75,8312280
2017-03-16 19:25:47,585.75,605.68,582.2,599.91,3361078
2017-03-17 19:25:47,599.91,607.53,572.81,582.14,29680481
2017-03-18 19:25:47,582.14,607.33,575.58,598.72,13122489
2017-03-19 19:25:47,598.72,609.53,585.63,594.21,35470879
2017-03-20 19:25:47,594.21,614.41,591.49,610.05,1591555
2017-03-21 19:25:47,610.05,611.83,602.34,607.7,18664075
2017-03-22 19:25:47,607.7,618.53,597.44,605.43,25109963
2017-03-23 19:25:47,605.43,615.37,585.02,592.64,36940871
2017-03-24 19:25:47,592.64,617.03,581.19,605.04,46493417
2017-03-25 19:25:47,605.04,611.76,603.02,610.24,12072334
2017-03-26 19:25:47,610.24,638.22,608.25,627.87,18127902
2017-03-27 19:25:47,627.87,630.54,612.34,616.82,22923125
2017-03-28 19:25:47,616.82,626.24,595.08,602.39,17505510
2017-03-29 19:25:47,602.39,603.46,574.91,585.68,5666570
2017-03-30 19:25:47,585.68,597.39,573.34,581.35,26122396
2017-03-31 19:25:47,581.35,584.77,560.21,568.42,25279121
2017-04-01 19:25:47,568.42,588.71,564.51,579.34,45063775
2017-04-02 19:25:47,579.34,584.04,576.64,579.99,10700681
2017-04-03 19:25:47,579.99,603.3,579.75,593.88,14050858
2017-04-04 19:25:47,593.88,598.18,580.27,587.66,2207326
2017-04-05 19:25:47,587.66,596.18,581.64,594.02,48511979
2017-04-06 19:25:47,594.02,600.17,576.18,587.24,33251922
2017-04-07 19:25:47,587.24,594.54,580.82,593.33,3874095
2017-04-08 19:25:47,593.33,595.57,586.23,591.06,30460021
2017-04-09 19:25:47,591.06,604.04,582.08,594.27,9585353
2017-04-10 19:25:47,594.27,605.65,586.65,587.86,10638178
2017-04-11 19:25:47,587.86,595.5,575.08,581.58,19230418
2017-04-12 19:25:47,581.58,591.07,573.42,579.42,47307011
2017-04-13 19:25:47,579.42,599.62,570.03,596.0,44425758
2017-04-14 19:25:47,596.0,609.19,590.98,608.53,2512532
2017-04-15 19:25:47,608.53,629.24,606.74,623.41,17089427
2017-04-16 19:25:47,623.41,626.79,610.9,615.8,16310426
2017-04-17 19:25:47,615.8,619.07,608.49,615.04,29762573
2017-04-18 19:25:47,615.04,616.51,596.88,602.32,4709173
2017-04-19 19:25:47,602.32,619.75,594.79,618.27,25866639
2017-04-20 19:25:47,618.27,641.11,617.7,631.53,38451768
2017-04-21 19:25:47,631.53,638.95,619.21,622.63,9253019
2017-04-22 19:25:47,622.63,634.46,614.03,632.37,29628539
2017-04-23 19:25:47,632.37,652.43,624.72,645.6,19315155
2017-04-24 19:25:47,645.6,647.45,631.45,639.9,12327013
2017-04-25 19:25:47,639.9,643.37,614.35,622.16,47200168
2017-04-26 19:25:47,622.16,639.46,615.83,630.88,21792850
2017-04-27 19:25:47,630.88,649.15,619.54,641.06,34772600
2017-04-28 19:25:47,641.06,641.21,622.5,628.04,38712055
2017-04-29 19:25:47,628.04,635.54,619.48,622.22,38461110
2017-04-30 19:25:47,622.22,628.92,598.74,608.37,36108155
2017-05-01 19:25:47,608.37,611.47,586.57,593.97,18556602
2017-05-02 19:25:47,593.97,601.46,570.62,578.1,49239929
2017-05-03 19:25:47,578.1,583.43,567.11,571.05,13727525
2017-05-04 19:25:47,571.05,575.49,569.19,573.82,27111883
2017-05-05 19:25:47,573.82,577.46,555.45,557.56,1493824
2017-05-06 19:25:47,557.56,564.45,534.92,541.37,11736025
2017-05-07 19:25:47,541.37,545.34,516.48,525.76,18682502
2017-05-08 19:25:47,525.76,534.6,510.42,517.78,28742123
2017-05-09 19:25:47,517.78,533.34,514.18,523.83,6603644
2017-05-10 19:25:47,523.83,534.77,520.2,526.91,36164066
2017-05-11 19:25:47,526.91,526.98,511.77,516.56,5337142
2017-05-12 19:25:47,516.56,534.66,516.37,525.42,45778554
2017-05-13 19:25:47,525.42,527.2,511.01,520.21,11351221
2017-05-14 19:25:47,520.21,534.45,512.02,530.22,6757403
2017-05-15 19:25:47,530.22,534.98,523.48,530.72,32713905
2017-05-16 19:25:47,530.72,530.8,511.78,516.24,46863907
2017-05-17 19:25:47,516.24,520.97,512.42,514.6,19135147
2017-05-18 19:25:47,514.6,529.86,512.9,521.12,13904044
2017-05-19 19:25:47,521.12,526.75,513.98,514.25,22798892
2017-05-20 19:25:47,514.25,521.6,506.86,512.96,20945973
2017-05-21 19:25:47,512.96,534.15,511.17,526.72,21396922
2017-05-22 19:25:47,526.72,528.81,520.77,520.97,4476701
2017-05-23 19:25:47,520.97,535.23,518.61,532.23,21608359
2017-05-24 19:25:47,532.23,544.54,532.02,543.53,13419123
2017-05-25 19:25:47,543.53,546.24,523.73,530.09,45549102
2017-05-26 19:25:47,530.09,551.49,525.13,542.84,3428754
2017-05-27 19:25:47,542.84,552.25,538.41,541.97,32870129
2017-05-28 19:25:47,541.97,547.83,526.16,534.02,7881132
2017-05-29 19:25:47,534.02,551.77,528.14,548.61,33295976
2017-05-30 19:25:47,548.61,549.88,523.29,533.72,39510759
2017-05-31 19:25:47,533.72,556.38,526.76,546.63,2347677
2017-06-01 19:25:47,546.63,557.49,536.82,555.27,11248229
2017-06-02 19:25:47,555.27,561.93,546.95,556.04,14925770
2017-06-03 19:25:47,556.04,578.34,550.66,572.51,38199169
2017-06-04 19:25:47,572.51,574.25,563.67,571.02,49534013
2017-06-05 19:25:47,571.02,582.86,569.33,582.46,17722266
2017-06-06 19:25:47,582.46,586.72,563.07,568.41,25569027
2017-06-07 19:25:47,568.41,581.21,563.39,575.34,45859463
2017-06-08 19:25:47,575.34,582.46,562.29,573.29,10376417
2017-06-09 19:25:47,573.29,588.89,566.63,586.55,33536787
2017-06-10 19:25:47,586.55,594.96,582.66,593.91,49123846
2017-06-11 19:25:47,593.91,599.58,570.14,580.89,14758815
2017-06-12 19:25:47,580.89,590.25,565.51,572.93,25010324
2017-06-13 19:25:47,572.93,593.81,567.98,586.58,27244321
2017-06-14 19:25:47,586.58,598.8,579.02,596.95,38829988
2017-06-15 19:25:47,596.95,607.6,587.24,597.58,43358491
2017-06-16 19:25:47,597.58,613.11,590.23,607.92,42314766
2017-06-17 19:25:47,607.92,611.51,604.64,605.59,37094307
2017-06-18 19:25:47,605.59,609.11,603.39,609.05,30890562
2017-06-19 19:25:47,609.05,614.14,592.3,594.84,43387921
2017-06-20 19:25:47,594.84,616.44,591.38,611.28,1422642
2017-06-21 19:25:47,611.28,622.95,596.76,606.27,48520664
2017-06-22 19:25:47,606.27,608.46,587.07,588.2,31594742
2017-06-23 19:25:47,588.2,589.8,567.92,577.0,29187564
2017-06-24 19:25:47,577.0,597.71,566.32,591.71,33739953
2017-06-25 19:25:47,591.71,608.89,590.66,608.16,9152005
2017-06-26 19:25:47,608.16,618.8,585.74,595.13,27626910
2017-06-27 19:25:47,595.13,601.43,586.24,597.84,35793311
2017-06-28 19:25:47,597.84,603.47,584.26,589.57,6045992
2017-06-29 19:25:47,589.57,593.78,573.39,573.55,31251018
2017-06-30 19:25:47,573.55,591.42,571.28,581.45,30052717
2017-07-01 19:25:47,581.45,582.73,569.58,578.22,21230510
2017-07-02 19:25:47,578.22,588.22,562.97,570.61,45880369
2017-07-03 19:25:47,570.61,580.52,568.23,579.97,12577824
2017-07-04 19:25:47,579.97,586.25,570.3,578.65,16310273
2017-07-05 19:25:47,578.65,586.66,576.66,579.85,25833763
2017-07-06 19:25:47,579.85,588.88,577.75,582.9,34716501
2017-07-07 19:25:47,582.9,597.56,575.36,589.95,30178336
2017-07-08 19:25:47,589.95,606.62,578.25,594.92,21831834
2017-07-09 19:25:47,594.92,605.36,578.55,589.56,36195000
2017-07-10 19:25:47,589.56,598.14,578.24,581.74,39926375
2017-07-11 19:25:47,581.74,593.74,575.65,589.29,16110075
2017-07-12 19:25:47,589.29,611.71,583.65,603.91,24502439
2017-07-13 19:25:47,603.91,604.74,580.92,589.62,42076771
2017-07-14 19:25:47,589.62,590.5,582.17,585.87,26401365
2017-07-15 19:25:47,585.87,609.03,581.75,602.7,12882936
2017-07-16 19:25:47,602.7,603.66,598.22,598.34,23917184
2017-07-17 19:25:47,598.34,604.95,589.82,597.81,47466522
2017-07-18 19:25:47,597.81,600.29,579.42,586.99,27798545
2017-07-19 19:25:47,586.99,596.02,569.96,572.7,25590696
2017-07-20 19:25:47,572.7,575.02,558.15,564.42,31245819
2017-07-21 19:25:47,564.42,569.55,559.21,568.02,38001512
2017-07-22 19:25:47,568.02,568.33,557.32,563.52,1330491
2017-07-23 19:25:47,563.52,563.96,557.21,562.73,26397122
2017-07-24 19:25:47,562.73,583.06,559.72,574.12,44591516
2017-07-25 19:25:47,574.12,584.75,558.62,566.55,42599772
2017-07-26 19:25:47,566.55,567.05,550.43,552.27,31524935
2017-07-27 19:25:47,552.27,560.2,533.75,538.43,43002898
2017-07-28 19:25:47,538.43,542.3,522.32,530.69,22489006
2017-07-29 19:25:47,530.69,536.54,527.25,535.3,5989735
2017-07-30 19:25:47,535.3,538.15,517.59,524.6,43957672
2017-07-31 19:25:47,524.6,534.97,524.5,526.17,22666374
2017-08-01 19:25:47,526.17,531.56,522.48,531.51,21168905
2017-08-02 19:25:47,531.51,553.9,526.66,544.87,20642025
2017-08-03 19:25:47,544.87,554.0,543.44,545.83,11555914
2017-08-04 19:25:47,545.83,555.04,537.83,553.43,32612464
2017-08-05 19:25:47,553.43,564.16,549.32,550.15,32641388
2017-08-06 19:25:47,550.15,566.31,547.68,559.18,43134964
2017-08-07 19:25:47,559.18,560.97,541.46,545.21,24932971
2017-08-08 19:25:47,545.21,547.02,533.05,542.56,10192785
2017-08-09 19:25:47,542.56,542.9,521.35,529.61,35644249
2017-08-10 19:25:47,529.61,540.47,523.53,530.82,47613250
2017-08-11 19:25:47,530.82,550.93,522.84,545.71,14887657
2017-08-12 19:25:47,545.71,559.29,538.53,557.27,15070018
2017-08-13 19:25:47,557.27,572.16,556.37,565.45,48964933
2017-08-14 19:25:47,565.45,575.4,559.18,564.63,48500105
2017-08-15 19:25:47,564.63,588.33,563.51,581.36,25491196
2017-08-16 19:25:47,581.36,603.66,572.41,592.99,31586940
2017-08-17 19:25:47,592.99,610.58,587.64,606.23,38871654
2017-08-18 19:25:47,606.23,617.45,591.33,593.39,8562520
2017-08-19 19:25:47,593.39,600.11,576.28,579.98,3567633
2017-08-20 19:25:47,579.98,580.21,555.0,564.32,14859851
2017-08-21 19:25:47,564.32,567.98,554.7,566.83,47658779
2017-08-22 19:25:47,566.83,578.53,565.32,575.13,47219184
2017-08-23 19:25:47,575.13,577.25,565.35,572.97,39877599
2017-08-24 19:25:47,572.97,583.78,558.07,561.47,44252222
2017-08-25 19:25:47,561.47,583.36,555.72,573.89,30045074
2017-08-26 19:25:47,573.89,575.97,568.78,575.9,16962680
2017-08-27 19:25:47,575.9,590.86,574.67,590.27,14411133
2017-08-28 19:25:47,590.27,597.54,577.8,581.83,9712140
2017-08-29 19:25:47,581.83,583.03,570.27,571.98,27036756
2017-08-30 19:25:47,571.98,583.65,566.38,574.04,16611086
2017-08-31 19:25:47,574.04,583.07,561.8,564.54,48249485
2017-09-01 19:25:47,564.54,570.57,562.45,562.64,44320359
2017-09-02 19:25:47,562.64,568.1,554.42,563.33,8653565
2017-09-03 19:25:47,563.33,574.37,559.74,572.95,29104308
2017-09-04 19:25:47,572.95,600.35,562.19,589.53,33076692
2017-09-05 19:25:47,589.53,594.5,573.5,577.82,9573112
2017-09-06 19:25:47,577.82,584.07,567.31,572.62,35787160
2017-09-07 19:25:47,572.62,588.65,568.32,583.87,29052530
2017-09-08 19:25:47,583.87,590.0,574.44,581.04,29042516
2017-09-09 19:25:47,581.04,591.23,563.55,568.4,33164443
2017-09-10 19:25:47,568.4,586.99,565.1,578.33,25280096
2017-09-11 19:25:47,578.33,583.43,563.02,574.49,39462089
2017-09-12 19:25:47,574.49,601.02,564.36,590.09,48354424
2017-09-13 19:25:47,590.09,598.33,587.55,590.27,47861089
2017-09-14 19:25:47,590.27,601.93,570.05,573.62,22115081
2017-09-15 19:25:47,573.62,590.34,573.04,581.77,23417083
2017-09-16 19:25:47,581.77,593.19,560.19,570.88,31930284
2017-09-17 19:25:47,570.88,573.42,554.58,560.11,9707644
2017-09-18 19:25:47,560.11,583.2,556.25,576.05,34511329
2017-09-19 19:25:47,576.05,585.22,572.72,579.7,16806255
2017-09-20 19:25:47,579.7,592.72,573.25,592.63,17923452
2017-09-21 19:25:47,592.63,603.84,577.8,588.5,32063469
2017-09-22 19:25:47,588.5,600.1,570.18,579.01,18674542
2017-09-23 19:25:47,579.01,581.92,554.27,565.26,10479953
2017-09-24 19:25:47,565.26,568.44,548.37,549.54,20114327
2017-09-25 19:25:47,549.54,556.93,527.54,534.71,14127582
2017-09-26 19:25:47,534.71,543.44,522.62,530.49,5841229
2017-09-27 19:25:47,530.49,541.03,515.48,523.83,32162665
2017-09-28 19:25:47,523.83,542.41,523.51,533.65,22539039
2017-09-29 19:25:47,533.65,541.81,526.0,539.15,19144455
2017-09-30 19:25:47,539.15,554.86,534.67,545.66,35429272
2017-10-01 19:25:47,545.66,551.79,541.32,541.37,5360375
2017-10-02 19:25:47,541.37,545.68,538.7,542.19,10878116
2017-10-03 19:25:47,542.19,545.13,524.62,531.37,4863587
2017-10-04 19:25:47,531.37,553.71,525.68,546.53,29308823
2017-10-05 19:25:47,546.53,547.59,523.35,531.14,12723767
2017-10-06 19:25:47,531.14,531.62,513.52,523.28,39983050
2017-10-07 19:25:47,523.28,530.01,518.95,528.36,39630086
2017-10-08 19:25:47,528.36,542.4,526.95,536.57,25951068
2017-10-09 19:25:47,536.57,546.16,522.59,528.17,34539500
2017-10-10 19:25:47,528.17,536.13,511.45,513.95,49637384
2017-10-11 19:25:47,513.95,521.37,510.66,520.13,38533231
2017-10-12 19:25:47,520.13,527.87,507.03,508.93,11659018
2017-10-13 19:25:47,508.93,512.51,495.82,499.42,43333365
2017-10-14 19:25:47,499.42,501.67,499.22,499.48,36500337
2017-10-15 19:25:47,499.48,516.51,493.67,508.77,39240858
2017-10-16 19:25:47,508.77,515.78,504.99,512.87,14814991
2017-10-17 19:25:47,512.87,522.83,506.73,511.08,8492525
2017-10-18 19:25:47,511.08,521.92,510.8,512.1,28819287
2017-10-19 19:25:47,512.1,521.63,508.14,511.95,3315018
2017-10-20 19:25:47,511.95,512.96,496.44,505.2,28616200
2017-10-21 19:25:47,505.2,518.19,495.36,512.05,6727794
2017-10-22 19:25:47,512.05,524.94,511.74,523.14,27188812
2017-10-23 19:25:47,523.14,530.95,508.21,514.85,37667818
2017-10-24 19:25:47,514.85,517.91,497.05,499.9,25109713
2017-10-25 19:25:47,499.9,508.28,489.39,496.12,16158711
2017-10-26 19:25:47,496.12,501.7,486.86,498.64,36748472
2017-10-27 19:25:47,498.64,505.99,492.1,498.39,9542574
2017-10-28 19:25:47,498.39,514.8,493.89,505.99,4882019
2017-10-29 19:25:47,505.99,507.91,489.17,497.81,31992462
2017-10-30 19:25:47,497.81,509.39,497.71,503.19,45426838
2017-10-31 19:25:47,503.19,507.24,494.51,505.6,19967911
2017-11-01 19:25:47,505.6,511.34,500.16,506.94,9455611
2017-11-02 19:25:47,506.94,516.42,492.24,500.58,48297607
2017-11-03 19:25:47,500.58,503.59,487.57,493.79,35965771
2017-11-04 19:25:47,493.79,510.83,485.39,501.67,23547320
2017-11-05 19:25:47,501.67,504.82,482.79,488.53,44788429
2017-11-06 19:25:47,488.53,490.17,482.84,486.91,7590977
2017-11-07 19:25:47,486.91,487.84,473.08,473.78,30931077
2017-11-08 19:25:47,473.78,481.32,463.66,470.03,21125513
2017-11-09 19:25:47,470.03,478.63,452.94,457.69,13420000
2017-11-10 19:25:47,457.69,466.4,450.13,465.21,37823827
2017-11-11 19:25:47,465.21,468.58,454.34,461.8,7747480
2017-11-12 19:25:47,461.8,468.04,460.08,466.6,11235448
2017-11-13 19:25:47,466.6,484.15,461.86,480.42,13461247
2017-11-14 19:25:47,480.42,483.4,462.91,471.57,42662100
2017-11-15 19:25:47,471.57,476.85,461.84,463.42,10521767
2017-11-16 19:25:47,463.42,469.28,460.58,462.03,30765233
2017-11-17 19:25:47,462.03,475.3,461.88,466.6,31877750
2017-11-18 19:25:47,466.6,478.13,461.21,472.11,20092598
2017-11-19 19:25:47,472.11,479.07,466.73,471.41,45789497
2017-11-20 19:25:47,471.41,476.52,466.83,468.39,17831073
2017-11-21 19:25:47,468.39,470.98,458.24,466.46,31795924
2017-11-22 19:25:47,466.46,477.7,460.78,469.1,23183118
2017-11-23 19:25:47,469.1,472.39,463.97,470.26,10401416
2017-11-24 19:25:47,470.26,479.66,453.93,458.79,30714317
2017-11-25 19:25:47,458.79,470.77,458.05,464.78,24859846
2017-11-26 19:25:47,464.78,473.56,456.1,459.03,24857593
2017-11-27 19:25:47,459.03,460.99,449.03,457.1,36465033
2017-11-28 19:25:47,457.1,473.82,452.97,468.65,30061086
2017-11-29 19:25:47,468.65,475.94,454.3,460.74,44551367
2017-11-30 19:25:47,460.74,468.53,450.67,453.72,19946364
2017-12-01 19:25:47,453.72,459.4,439.15,443.77,32587895
2017-12-02 19:25:47,443.77,453.9,442.17,449.88,28458752
2017-12-03 19:25:47,449.88,463.78,444.29,457.37,1976987
2017-12-04 19:25:47,457.37,476.48,448.39,468.54,29816989
2017-12-05 19:25:47,468.54,474.0,455.22,457.92,37212903
2017-12-06 19:25:47,457.92,476.89,451.58,470.69,32359904
2017-12-07 19:25:47,470.69,484.35,470.44,479.62,42983133
2017-12-08 19:25:47,479.62,492.2,474.61,491.8,16815125
2017-12-09 19:25:47,491.8,509.1,489.18,500.91,10927427
2017-12-10 19:25:47,500.91,508.37,492.89,503.88,18530407
2017-12-11 19:25:47,503.88,505.89,487.98,494.39,13297486
2017-12-12 19:25:47,494.39,509.39,492.94,504.84,27780875
2017-12-13 19:25:47,504.84,513.9,487.82,489.87,41342162
2017-12-14 19:25:47,489.87,507.29,483.36,501.61,44571205
2017-12-15 19:25:47,501.61,507.75,495.02,497.44,9204680
2017-12-16 19:25:47,497.44,497.44,476.21,484.61,26664090
2017-12-17 19:25:47,484.61,488.19,477.16,485.72,24207820
2017-12-18 19:25:47,485.72,491.81,473.77,478.92,4593214
2017-12-19 19:25:47,478.92,479.47,466.14,469.87,47956944
2017-12-20 19:25:47,469.87,473.24,463.92,469.18,37219264
2017-12-21 19:25:47,469.18,484.75,460.39,480.04,47199427
2017-12-22 19:25:47,480.04,493.22,475.55,490.84,31945302
2017-12-23 19:25:47,490.84,506.04,488.27,501.46,49387024
2017-12-24 19:25:47,501.46,511.8,496.15,511.28,14611177
2017-12-25 19:25:47,511.28,528.33,501.08,520.89,23502321
2017-12-26 19:25:47,520.89,521.19,513.05,517.18,18317912
2017-12-27 19:25:47,517.18,537.32,507.96,531.35,13237138
2017-12-28 19:25:47,531.35,549.75,528.02,545.67,8031155
2017-12-29 19:25:47,545.67,569.66,544.91,561.91,32071391
2017-12-30 19:25:47,561.91,589.45,560.3,578.28,12407414
2017-12-31 19:25:47,578.28,590.93,572.18,590.32,6455145
2018-01-01 19:25:47,590.32,597.4,586.46,588.77,28995364
2018-01-02 19:25:47,588.77,591.28,572.21,572.77,48631804
2018-01-03 19:25:47,572.77,582.32,567.5,580.57,46808021
2018-01-04 19:25:47,580.57,589.56,579.62,584.65,7848135
2018-01-05 19:25:47,584.65,588.71,568.8,579.42,1843964
2018-01-06 19:25:47,579.42,585.05,558.55,563.82,1495419
2018-01-07 19:25:47,563.82,586.13,555.99,577.85,37231106
2018-01-08 19:25:47,577.85,584.77,563.01,571.54,7650573
2018-01-09 19:25:47,571.54,576.84,565.89,567.76,40644514
2018-01-10 19:25:47,567.76,577.93,566.67,569.81,41902297
2018-01-11 19:25:47,569.81,577.63,547.28,553.66,3269977
2018-01-12 19:25:47,553.66,571.71,551.43,563.8,26715438
2018-01-13 19:25:47,563.8,574.74,541.82,546.91,6906917
2018-01-14 19:25:47,546.91,556.18,523.97,534.15,29296999
2018-01-15 19:25:47,534.15,543.99,519.44,521.38,11393369
2018-01-16 19:25:47,521.38,523.81,513.69,523.52,36270245
2018-01-17 19:25:47,523.52,535.48,519.73,525.08,21105823
2018-01-18 19:25:47,525.08,532.25,516.12,529.99,3349969
2018-01-19 19:25:47,529.99,546.46,528.47,542.64,47647948
2018-01-20 19:25:47,542.64,545.64,520.9,529.98,32365176
2018-01-21 19:25:47,529.98,544.24,523.46,535.24,23315324
2018-01-22 19:25:47,535.24,543.52,518.03,527.86,1605503
2018-01-23 19:25:47,527.86,537.21,525.81,534.46,44250013
2018-01-24 19:25:47,534.46,556.05,532.78,546.92,27329127
2018-01-25 19:25:47,546.92,554.76,540.73,542.32,36653539
2018-01-26 19:25:47,542.32,551.14,540.69,549.79,30641258
2018-01-27 19:25:47,549.79,564.49,547.16,561.56,6546421
2018-01-28 19:25:47,561.56,565.07,552.1,556.79,21289420
2018-01-29 19:25:47,556.79,565.95,532.65,543.22,6979131
2018-01-30 19:25:47,543.22,564.42,536.84,554.87,19197685
2018-01-31 19:25:47,554.87,560.93,546.19,558.83,33444383
2018-02-01 19:25:47,558.83,561.98,547.25,548.26,29213879
2018-02-02 19:25:47,548.26,550.98,540.26,542.4,10414151
2018-02-03 19:25:47,542.4,553.37,540.57,548.87,31501266
2018-02-04 19:25:47,548.87,565.1,543.12,557.84,19099557
2018-02-05 19:25:47,557.84,558.16,541.37,542.53,43323330
2018-02-06 19:25:47,542.53,553.92,541.7,551.86,32291836
2018-02-07 19:25:47,551.86,565.45,545.16,563.09,1437000
2018-02-08 19:25:47,563.09,568.66,558.04,563.44,47366452
2018-02-09 19:25:47,563.44,579.27,553.48,576.99,41918424
2018-02-10 19:25:47,576.99,578.31,573.27,573.94,5667250
2018-02-11 19:25:47,573.94,588.24,564.12,587.07,49876673
2018-02-12 19:25:47,587.07,593.75,564.64,572.63,24526660
2018-02-13 19:25:47,572.63,577.37,566.65,569.51,48464160
2018-02-14 19:25:47,569.51,579.93,549.6,553.32,43101001
2018-02-15 19:25:47,553.32,558.44,540.91,541.94,9173111
2018-02-16 19:25:47,541.94,551.41,537.92,547.17,41816750
2018-02-17 19:25:47,547.17,559.67,543.79,554.42,4782066
2018-02-18 19:25:47,554.42,561.8,538.05,545.42,45222495
2018-02-19 19:25:47,545.42,565.15,537.31,555.63,25436082
2018-02-20 19:25:47,555.63,571.44,550.92,569.89,10400496
2018-02-21 19:25:47,569.89,578.27,557.18,566.47,25718727
2018-02-22 19:25:47,566.47,574.92,544.33,551.32,6206850
2018-02-23 19:25:47,551.32,552.91,532.54,539.71,34366146
2018-02-24 19:25:47,539.71,541.09,535.52,539.49,14527507
2018-02-25 19:25:47,539.49,543.39,524.75,527.61,19093317
2018-02-26 19:25:47,527.61,537.9,524.33,537.21,18049028
2018-02-27 19:25:47,537.21,538.24,523.12,533.71,15994085
2018-02-28 19:25:47,533.71,539.1,522.02,524.21,8933669
2018-03-01 19:25:47,524.21,528.22,512.64,521.77,44067370
2018-03-02 19:25:47,521.77,523.63,516.67,517.92,32043970
2018-03-03 19:25:47,517.92,527.22,499.1,502.52,8361551
2018-03-04 19:25:47,502.52,516.48,501.45,506.65,37488654
2018-03-05 19:25:47,506.65,515.78,498.02,508.67,27102540
2018-03-06 19:25:47,508.67,508.95,503.11,508.2,38948765
2018-03-07 19:25:47,508.2,521.32,499.09,520.89,34130949
2018-03-08 19:25:47,520.89,541.66,511.1,532.59,14866544
2018-03-09 19:25:47,532.59,545.33,526.05,541.27,32991358
2018-03-10 19:25:47,541.27,544.76,518.86,526.84,38521425
2018-03-11 19:25:47,526.84,530.33,519.65,528.99,25988396
2018-03-12 19:25:47,528.99,536.67,519.68,534.98,13105699
2018-03-13 19:25:47,534.98,553.49,531.06,549.05,12948871
2018-03-14 19:25:47,549.05,559.0,524.59,534.96,19690366
2018-03-15 19:25:47,534.96,553.81,524.92,548.82,27943086
2018-03-16 19:25:47,548.82,561.92,541.13,555.89,16610458
2018-03-17 19:25:47,555.89,568.9,554.46,561.64,38807740
2018-03-18 19:25:47,561.64,565.59,543.06,553.56,13934778
2018-03-19 19:25:47,553.56,555.89,550.16,552.62,26944325
2018-03-20 19:25:47,552.62,565.68,548.47,556.44,32196121
2018-03-21 19:25:47,556.44,570.38,551.01,562.06,23067671
2018-03-22 19:25:47,562.06,565.06,547.54,555.88,45395329
2018-03-23 19:25:47,555.88,556.89,554.58,556.29,23179705
2018-03-24 19:25:47,556.29,563.23,555.11,559.12,32688106
2018-03-25 19:25:47,559.12,565.9,536.5,546.4,6657594
2018-03-26 19:25:47,546.4,556.54,524.4,532.81,17195915
2018-03-27 19:25:47,532.81,548.98,527.46,540.35,33406471
2018-03-28 19:25:47,540.35,548.11,536.84,544.32,42752864
2018-03-29 19:25:47,544.32,547.86,535.16,545.58,25428342
2018-03-30 19:25:47,545.58,555.22,541.16,546.65,19190740
2018-03-31 19:25:47,546.65,566.62,543.84,562.07,30759338
2018-04-01 19:25:47,562.07,572.24,556.41,559.31,34632629
2018-04-02 19:25:47,559.31,566.46,558.68,565.96,10024366
2018-04-03 19:25:47,565.96,578.48,555.58,571.18,4204533
2018-04-04 19:25:47,571.18,589.75,567.05,586.47,43134706
2018-04-05 19:25:47,586.47,598.85,577.69,598.81,27885230
2018-04-06 19:25:47,598.81,604.63,577.9,581.24,19440100
2018-04-07 19:25:47,581.24,586.09,570.3,584.09,35730855
2018-04-08 19:25:47,584.09,602.52,573.75,593.6,47992052
2018-04-09 19:25:47,593.6,611.31,586.74,604.61,49877204
2018-04-10 19:25:47,604.61,621.89,598.62,619.0,26673883
2018-04-11 19:25:47,619.0,629.05,608.78,610.06,41796173
2018-04-12 19:25:47,610.06,632.51,602.77,626.59,25222356
2018-04-13 19:25:47,626.59,636.1,615.83,630.07,39481959
2018-04-14 19:25:47,630.07,635.13,624.01,626.72,30673768
2018-04-15 19:25:47,626.72,638.79,616.51,620.7,38857051
2018-04-16 19:25:47,620.7,629.94,602.7,610.53,46050324
2018-04-17 19:25:47,610.53,619.31,596.47,604.82,17555444
2018-04-18 19:25:47,604.82,619.53,600.26,614.56,34972834
2018-04-19 19:25:47,614.56,618.46,592.39,604.38,23308210
2018-04-20 19:25:47,604.38,624.22,600.91,617.59,22131733
2018-04-21 19:25:47,617.59,630.23,612.95,618.46,18913963
2018-04-22 19:25:47,618.46,626.77,594.45,599.96,29571275
2018-04-23 19:25:47,599.96,622.55,597.27,610.74,17917305
2018-04-24 19:25:47,610.74,610.86,583.31,592.85,25133856
2018-04-25 19:25:47,592.85,604.68,584.59,592.92,47200023
2018-04-26 19:25:47,592.92,610.37,590.05,605.99,30539670
2018-04-27 19:25:47,605.99,619.51,603.69,616.25,28484542
2018-04-28 19:25:47,616.25,635.87,616.17,632.38,27131413
2018-04-29 19:25:47,632.38,644.44,629.64,632.03,36128476
2018-04-30 19:25:47,632.03,646.15,624.78,639.34,8417382
2018-05-01 19:25:47,639.34,642.23,632.62,639.47,30385909
2018-05-02 19:25:47,639.47,648.6,627.62,628.81,11651995
2018-05-03 19:25:47,628.81,633.18,625.05,631.97,35152336
2018-05-04 19:25:47,631.97,643.71,619.57,642.78,31415460
2018-05-05 19:25:47,642.78,646.49,618.17,628.16,2680923
2018-05-06 19:25:47,628.16,628.91,612.08,619.59,42574098
2018-05-07 19:25:47,619.59,639.56,614.61,632.65,5361256
2018-05-08 19:25:47,632.65,640.52,629.28,632.28,37413777
2018-05-09 19:25:47,632.28,642.25,617.6,623.52,7839006
2018-05-10 19:25:47,623.52,627.07,612.96,620.34,30387632
2018-05-11 19:25:47,620.34,621.06,600.27,611.06,34200805
2018-05-12 19:25:47,611.06,618.35,604.38,609.9,35815037
2018-05-13 19:25:47,609.9,615.27,596.64,600.76,18798571
2018-05-14 19:25:47,600.76,608.28,578.61,584.15,24835880
2018-05-15 19:25:47,584.15,594.58,562.23,566.93,24422216
2018-05-16 19:25:47,566.93,570.8,560.15,565.29,43805841
2018-05-17 19:25:47,565.29,574.53,552.74,556.22,44500708
2018-05-18 19:25:47,556.22,572.3,555.34,570.19,2664469
2018-05-19 19:25:47,570.19,579.54,566.74,579.26,31659663
2018-05-20 19:25:47,579.26,602.79,576.25,592.38,34547417
2018-05-21 19:25:47,592.38,607.03,586.32,600.18,21421480
2018-05-22 19:25:47,600.18,611.61,591.12,593.24,31057709
2018-05-23 19:25:47,593.24,611.33,583.92,605.36,24211358
2018-05-24 19:25:47,605.36,623.9,598.34,617.6,22234994
2018-05-25 19:25:47,617.6,634.87,614.95,628.61,36934102
2018-05-26 19:25:47,628.61,639.45,616.31,631.16,4599374
2018-05-27 19:25:47,631.16,640.13,606.38,614.04,6126096
2018-05-28 19:25:47,614.04,624.98,604.89,608.93,21503394
2018-05-29 19:25:47,608.93,630.81,600.62,621.16,18949251
2018-05-30 19:25:47,621.16,625.67,591.85,603.01,23059209
2018-05-31 19:25:47,603.01,611.43,599.83,607.38,4596456
2018-06-01 19:25:47,607.38,617.09,603.74,605.18,27801282
2018-06-02 19:25:47,605.18,611.72,601.6,608.55,23839747
2018-06-03 19:25:47,608.55,614.15,601.7,606.84,8245490
2018-06-04 19:25:47,606.84,613.69,594.58,599.94,3705990
2018-06-05 19:25:47,599.94,601.51,591.04,595.14,35099866
2018-06-06 19:25:47,595.14,601.87,583.36,599.0,43823561
2018-06-07 19:25:47,599.0,599.28,592.33,592.98,20243682
2018-06-08 19:25:47,592.98,597.26,583.7,584.73,30420355
2018-06-09 19:25:47,584.73,591.02,580.61,590.95,14411245
2018-06-10 19:25:47,590.95,608.14,588.41,604.97,33917356
2018-06-11 19:25:47,604.97,615.74,588.01,595.17,34765319
2018-06-12 19:25:47,595.17,603.24,586.08,597.47,3448313
2018-06-13 19:25:47,597.47,608.75,592.39,602.22,46602423
2018-06-14 19:25:47,602.22,603.89,587.98,599.42,23560786
2018-06-15 19:25:47,599.42,608.11,583.98,595.74,8255075
2018-06-16 19:25:47,595.74,601.46,589.94,599.89,30499438
2018-06-17 19:25:47,599.89,601.63,595.02,596.26,19095167
2018-06-18 19:25:47,596.26,605.47,591.18,601.86,25090095
2018-06-19 19:25:47,601.86,622.65,595.3,616.41,45880072
2018-06-20 19:25:47,616.41,621.16,594.08,599.45,11941624
2018-06-21 19:25:47,599.45,601.88,582.28,585.59,7991981
2018-06-22 19:25:47,585.59,594.92,566.51,571.45,26272728
2018-06-23 19:25:47,571.45,575.07,545.42,555.75,14743763
2018-06-24 19:25:47,555.75,565.54,548.31,552.34,48943563
2018-06-25 19:25:47,552.34,558.44,537.14,542.57,47216139
2018-06-26 19:25:47,542.57,552.31,537.09,546.9,3974098
2018-06-27 19:25:47,546.9,566.22,546.51,563.0,29919267
2018-06-28 19:25:47,563.0,573.09,552.81,568.02,10255358
2018-06-29 19:25:47,568.02,570.48,566.44,570.17,36224062
2018-06-30 19:25:47,570.17,584.74,564.36,582.64,15200702
2018-07-01 19:25:47,582.64,604.54,579.58,593.56,36665021
2018-07-02 19:25:47,593.56,607.4,589.7,600.87,1785323
2018-07-03 19:25:47,600.87,605.13,596.78,600.35,37045080
2018-07-04 19:25:47,600.35,603.8,578.26,589.8,35446939
2018-07-05 19:25:47,589.8,600.28,579.2,588.44,49920507
2018-07-06 19:25:47,588.44,592.2,569.21,576.13,11721746
2018-07-07 19:25:47,576.13,580.57,560.05,566.01,31338610
2018-07-08 19:25:47,566.01,572.11,559.88,570.55,4619791
2018-07-09 19:25:47,570.55,583.72,565.58,573.84,13815914
2018-07-10 19:25:47,573.84,581.72,567.94,580.57,17850901
2018-07-11 19:25:47,580.57,583.08,575.52,576.78,47792453
2018-07-12 19:25:47,576.78,592.14,572.57,587.72,10085693
2018-07-13 19:25:47,587.72,597.43,565.83,570.2,32027903
2018-07-14 19:25:47,570.2,577.4,554.18,563.38,40240700
2018-07-15 19:25:47,563.38,579.37,554.01,578.94,18062397
2018-07-16 19:25:47,578.94,594.92,570.14,593.33,29034363
2018-07-17 19:25:47,593.33,618.66,589.0,608.91,15156328
2018-07-18 19:25:47,608.91,611.82,599.14,599.61,9825136
2018-07-19 19:25:47,599.61,602.21,576.61,583.31,20415271
2018-07-20 19:25:47,583.31,585.03,577.2,577.66,23128376
2018-07-21 19:25:47,577.66,595.94,575.77,591.5,42069725
2018-07-22 19:25:47,591.5,591.92,578.78,582.53,17600696
2018-07-23 19:25:47,582.53,586.32,571.86,577.87,25985740
2018-07-24 19:25:47,577.87,599.79,566.41,588.86,45800313
2018-07-25 19:25:47,588.86,593.12,581.21,581.45,11542390
2018-07-26 19:25:47,581.45,584.69,571.75,571.92,35647127
2018-07-27 19:25:47,571.92,577.58,546.89,555.89,43432829
2018-07-28 19:25:47,555.89,569.02,551.13,566.14,15346199
2018-07-29 19:25:47,566.14,584.08,561.66,580.06,14444556
2018-07-30 19:25:47,580.06,588.57,567.01,577.75,3469544
2018-07-31 19:25:47,577.75,582.79,566.6,568.41,6206680
2018-08-01 19:25:47,568.41,582.3,565.94,576.49,4541014
2018-08-02 19:25:47,576.49,579.41,555.9,564.14,6938211
2018-08-03 19:25:47,564.14,580.68,561.96,576.67,35344801
2018-08-04 19:25:47,576.67,579.38,560.26,563.73,21199430
2018-08-05 19:25:47,563.73,569.14,550.81,559.96,34760784
2018-08-06 19:25:47,559.96,563.42,557.26,562.28,49898116
2018-08-07 19:25:47,562.28,572.36,542.55,550.51,12122643
2018-08-08 19:25:47,550.51,566.64,544.68,564.71,11849670
2018-08-09 19:25:47,564.71,567.0,548.43,558.2,5271238
2018-08-10 19:25:47,558.2,571.3,549.27,565.15,21167994
2018-08-11 19:25:47,565.15,568.36,543.74,548.66,15160762
2018-08-12 19:25:47,548.66,553.37,532.03,532.42,32571177
2018-08-13 19:25:47,532.42,547.39,524.58,546.97,18549407
2018-08-14 19:25:47,546.97,555.81,546.22,548.11,34236484
2018-08-15 19:25:47,548.11,550.0,528.44,538.81,14256774
2018-08-16 19:25:47,538.81,549.79,536.93,540.38,33364820
2018-08-17 19:25:47,540.38,547.23,533.22,536.36,2197453
2018-08-18 19:25:47,536.36,549.35,527.78,548.93,46284003
2018-08-19 19:25:47,548.93,559.27,534.07,539.34,5682134
2018-08-20 19:25:47,539.34,560.63,532.14,550.4,16517687
2018-08-21 19:25:47,550.4,573.9,544.45,566.19,41499158
2018-08-22 19:25:47,566.19,577.03,549.86,551.46,1154878
2018-08-23 19:25:47,551.46,557.15,541.19,554.9,7549910
2018-08-24 19:25:47,554.9,564.09,553.29,561.13,39433879
2018-08-25 19:25:47,561.13,586.59,559.17,577.46,3318874
2018-08-26 19:25:47,577.46,595.31,577.15,593.95,16715823
2018-08-27 19:25:47,593.95,594.13,590.9,591.54,11695200
2018-08-28 19:25:47,591.54,601.65,584.57,595.97,22982986
2018-08-29 19:25:47,595.97,616.71,590.52,611.65,38853259
2018-08-30 19:25:47,611.65,617.46,599.16,605.52,4014012
2018-08-31 19:25:47,605.52,616.99,597.49,608.87,29573145
2018-09-01 19:25:47,608.87,626.67,601.09,616.71,49536354
2018-09-02 19:25:47,616.71,631.83,604.76,623.3,14269572
2018-09-03 19:25:47,623.3,635.67,614.65,624.25,46457467
2018-09-04 19:25:47,624.25,649.63,613.84,640.22,21943443
2018-09-05 19:25:47,640.22,658.28,632.1,649.25,38498569
2018-09-06 19:25:47,649.25,650.1,638.77,641.08,22477186
2018-09-07 19:25:47,641.08,652.42,633.82,651.83,43496943
2018-09-08 19:25:47,651.83,672.53,644.29,664.14,18326572
2018-09-09 19:25:47,664.14,675.71,642.59,653.1,32303554
2018-09-10 19:25:47,653.1,669.85,641.02,657.8,48452690
2018-09-11 19:25:47,657.8,670.72,632.0,641.94,31929943
2018-09-12 19:25:47,641.94,646.46,627.08,629.07,21025862
2018-09-13 19:25:47,629.07,633.5,613.54,619.47,7225190
2018-09-14 19:25:47,619.47,623.78,608.9,623.61,26901697
2018-09-15 19:25:47,623.61,640.3,618.83,637.13,43063381
2018-09-16 19:25:47,637.13,658.34,636.79,650.9,31161941
2018-09-17 19:25:47,650.9,665.95,638.01,655.5,29044299
2018-09-18 19:25:47,655.5,658.93,633.48,642.1,49167922
2018-09-19 19:25:47,642.1,648.92,618.21,623.24,4618342
2018-09-20 19:25:47,623.24,637.6,616.49,630.69,7757512
2018-09-21 19:25:47,630.69,633.05,605.91,617.67,43862375
2018-09-22 19:25:47,617.67,647.24,606.33,635.0,30487487
2018-09-23 19:25:47,635.0,643.61,616.49,622.6,15368860
2018-09-24 19:25:47,622.6,644.42,620.23,635.91,27391060
2018-09-25 19:25:47,635.91,657.5,626.61,652.82,17944992
2018-09-26 19:25:47,652.82,670.88,644.75,661.42,44776096
2018-09-27 19:25:47,661.42,679.74,659.12,674.44,27280360
2018-09-28 19:25:47,674.44,682.82,669.33,678.45,6051221
2018-09-29 19:25:47,678.45,689.37,669.24,684.4,40000048
2018-09-30 19:25:47,684.4,693.06,678.27,691.43,20821759
2018-10-01 19:25:47,691.43,705.05,690.75,695.37,14669430
2018-10-02 19:25:47,695.37,713.31,683.39,705.88,25448163
2018-10-03 19:25:47,705.88,728.06,700.09,719.74,9334657
2018-10-04 19:25:47,719.74,743.16,706.79,735.34,42865072
2018-10-05 19:25:47,735.34,736.99,718.48,724.5,14390559
2018-10-06 19:25:47,724.5,726.16,714.88,719.52,24934649
2018-10-07 19:25:47,719.52,729.34,718.07,725.66,11818402
2018-10-08 19:25:47,725.66,747.49,720.79,744.64,29189652
2018-10-09 19:25:47,744.64,768.33,742.84,765.4,13104609
2018-10-10 19:25:47,765.4,776.9,751.66,763.26,48650574
2018-10-11 19:25:47,763.26,768.45,738.14,742.21,28529012
2018-10-12 19:25:47,742.21,769.17,731.63,763.14,30391170
2018-10-13 19:25:47,763.14,764.7,747.05,755.86,33138433
2018-10-14 19:25:47,755.86,759.5,735.47,738.7,6411763
2018-10-15 19:25:47,738.7,748.3,715.73,719.41,47068661
2018-10-16 19:25:47,719.41,732.16,693.94,703.81,33952629
2018-10-17 19:25:47,703.81,718.05,701.3,708.21,40141792
2018-10-18 19:25:47,708.21,721.25,688.46,693.17,23816124
2018-10-19 19:25:47,693.17,716.68,684.15,707.97,44639819
2018-10-20 19:25:47,707.97,716.85,685.84,692.59,25565111
2018-10-21 19:25:47,692.59,712.33,686.12,704.22,32727200
2018-10-22 19:25:47,704.22,712.87,688.01,694.6,16810910
2018-10-23 19:25:47,694.6,705.72,677.28,687.65,18583520
2018-10-24 19:25:47,687.65,708.59,677.11,707.42,15965272
2018-10-25 19:25:47,707.42,728.53,703.76,721.15,42071235
2018-10-26 19:25:47,721.15,740.45,707.31,735.83,36978663
2018-10-27 19:25:47,735.83,751.06,731.51,742.42,11900067
2018-10-28 19:25:47,742.42,752.08,733.44,747.46,24768713
2018-10-29 19:25:47,747.46,752.3,735.07,747.36,23136570
2018-10-30 19:25:47,747.36,751.19,741.42,748.43,34985477
2018-10-31 19:25:47,748.43,756.88,726.61,738.65,8088116
2018-11-01 19:25:47,738.65,745.47,722.61,733.84,33343370
2018-11-02 19:25:47,733.84,742.54,714.46,722.79,16876752
2018-11-03 19:25:47,722.79,748.56,721.62,736.95,10395120
2018-11-04 19:25:47,736.95,739.7,728.76,731.94,11698661
2018-11-05 19:25:47,731.94,740.18,723.32,729.37,3907345
2018-11-06 19:25:47,729.37,732.28,704.01,713.06,13840889
2018-11-07 19:25:47,713.06,718.22,690.14,701.74,1512073
2018-11-08 19:25:47,701.74,732.81,700.64,720.55,46516861
2018-11-09 19:25:47,720.55,722.43,703.93,704.24,17166631
2018-11-10 19:25:47,704.24,720.46,694.1,716.76,2810151
2018-11-11 19:25:47,716.76,744.39,704.93,732.41,27094920
2018-11-12 19:25:47,732.41,739.34,707.63,710.65,40173715
2018-11-13 19:25:47,710.65,740.46,705.51,726.59,2853688
2018-11-14 19:25:47,726.59,735.43,701.3,711.26,39074920
2018-11-15 19:25:47,711.26,715.89,704.78,709.26,28335171
2018-11-16 19:25:47,709.26,716.01,703.7,705.45,7843114
2018-11-17 19:25:47,705.45,708.53,687.6,699.24,42833188
2018-11-18 19:25:47,699.24,704.99,685.97,703.61,5026051
2018-11-19 19:25:47,703.61,712.43,695.15,707.55,27815433
2018-11-20 19:25:47,707.55,730.56,707.43,720.85,1249342
2018-11-21 19:25:47,720.85,738.86,707.04,728.31,16276846
2018-11-22 19:25:47,728.31,739.99,716.41,725.7,30419937
2018-11-23 19:25:47,725.7,735.4,712.06,721.06,27155642
2018-11-24 19:25:47,721.06,749.13,710.11,738.45,21590773
2018-11-25 19:25:47,738.45,751.77,732.14,738.55,33671331
2018-11-26 19:25:47,738.55,747.61,730.97,743.16,8905897
2018-11-27 19:25:47,743.16,763.85,730.19,761.73,42376865
2018-11-28 19:25:47,761.73,771.51,761.05,768.59,15998543
2018-11-29 19:25:47,768.59,769.04,756.1,764.74,1813123
2018-11-30 19:25:47,764.74,789.02,764.64,778.58,28806574
2018-12-01 19:25:47,778.58,808.05,771.63,792.63,47631896
2018-12-02 19:25:47,792.63,805.15,775.59,777.87,3881007
2018-12-03 19:25:47,777.87,804.58,764.55,791.65,48939721
2018-12-04 19:25:47,791.65,806.13,786.94,804.17,9826910
2018-12-05 19:25:47,804.17,822.03,791.04,816.15,13401307
2018-12-06 19:25:47,816.15,835.96,802.7,831.64,3473160
2018-12-07 19:25:47,831.64,857.55,816.34,849.07,1924263
2018-12-08 19:25:47,849.07,874.85,838.37,862.93,41062567
2018-12-09 19:25:47,862.93,871.69,859.31,863.2,27306507
2018-12-10 19:25:47,863.2,872.41,843.83,860.07,12971593
2018-12-11 19:25:47,860.07,870.69,850.47,863.11,33114265
2018-12-12 19:25:47,863.11,900.61,853.18,887.58,19495314
2018-12-13 19:25:47,887.58,913.08,883.43,903.55,13680767
2018-12-14 19:25:47,903.55,904.94,870.92,882.12,47433239
2018-12-15 19:25:47,882.12,913.96,866.82,907.64,37638474
2018-12-16 19:25:47,907.64,921.81,891.88,893.09,2368824
2018-12-17 19:25:47,893.09,896.65,864.87,874.56,4730895
2018-12-18 19:25:47,874.56,886.89,856.11,871.61,1296553
2018-12-19 19:25:47,871.61,886.78,864.48,870.03,34627343
2018-12-20 19:25:47,870.03,886.37,844.31,858.22,43158595
2018-12-21 19:25:47,858.22,865.61,824.97,835.73,33569002
2018-12-22 19:25:47,835.73,857.77,834.76,842.66,46014451
2018-12-23 19:25:47,842.66,857.6,813.25,822.7,22868378
2018-12-24 19:25:47,822.7,839.15,821.11,837.48,7595576
2018-12-25 19:25:47,837.48,843.66,813.63,822.53,30194905
2018-12-26 19:25:47,822.53,838.95,793.76,808.37,34082501
2018-12-27 19:25:47,808.37,843.72,807.93,827.76,2487439
2018-12-28 19:25:47,827.76,841.29,802.39,811.64,28322563
2018-12-29 19:25:47,811.64,839.69,808.11,834.89,35448134
2018-12-30 19:25:47,834.89,844.34,812.99,814.4,43262475
2018-12-31 19:25:47,814.4,831.62,802.21,819.51,39598710
2019-01-01 19:25:47,819.51,824.51,803.41,821.49,7235012
2019-01-02 19:25:47,821.49,831.01,795.61,801.89,34893591
2019-01-03 19:25:47,801.89,804.51,773.93,780.7,27223894
2019-01-04 19:25:47,780.7,802.99,766.82,796.65,27969374
2019-01-05 19:25:47,796.65,822.18,784.06,808.54,11849352
2019-01-06 19:25:47,808.54,812.0,796.32,805.69,22666876
2019-01-07 19:25:47,805.69,815.62,791.95,808.73,18379402
2019-01-08 19:25:47,808.73,809.11,771.02,785.67,41747298
2019-01-09 19:25:47,785.67,812.62,777.86,798.96,33160480
2019-01-10 19:25:47,798.96,822.92,789.54,816.8,22586366
2019-01-11 19:25:47,816.8,820.4,793.45,798.21,35956754
2019-01-12 19:25:47,798.21,826.75,790.21,816.26,22053834
2019-01-13 19:25:47,816.26,833.85,800.54,820.33,6846736
2019-01-14 19:25:47,820.33,832.35,802.52,805.03,31248521
2019-01-15 19:25:47,805.03,814.72,785.51,795.24,11147287
2019-01-16 19:25:47,795.24,828.63,783.24,816.81,35188755
2019-01-17 19:25:47,816.81,824.67,793.47,806.66,30412259
2019-01-18 19:25:47,806.66,810.79,788.03,788.92,12152247
2019-01-19 19:25:47,788.92,800.08,751.98,765.53,37131826
2019-01-20 19:25:47,765.53,792.39,764.96,783.0,9639146
2019-01-21 19:25:47,783.0,808.14,776.39,798.41,43998549
2019-01-22 19:25:47,798.41,820.83,793.25,812.63,10442424
2019-01-23 19:25:47,812.63,828.27,801.44,810.36,8609414
2019-01-24 19:25:47,810.36,832.2,801.13,831.58,27089603
2019-01-25 19:25:47,831.58,861.49,818.2,853.78,7089826
2019-01-26 19:25:47,853.78,872.38,844.14,856.0,39791654
2019-01-27 19:25:47,856.0,870.57,844.8,853.14,10091669
2019-01-28 19:25:47,853.14,862.15,838.41,841.65,1054397
2019-01-29 19:25:47,841.65,870.98,840.34,864.9,46667753
2019-01-30 19:25:47,864.9,875.35,830.11,846.11,14722140
2019-01-31 19:25:47,846.11,854.13,843.1,853.1,30600311
2019-02-01 19:25:47,853.1,869.43,839.23,847.14,18681654
2019-02-02 19:25:47,847.14,860.53,842.81,851.56,25998188
2019-02-03 19:25:47,851.56,851.86,823.03,835.83,37974710
2019-02-04 19:25:47,835.83,837.06,816.81,823.32,15379086
2019-02-05 19:25:47,823.32,830.32,802.77,805.37,25701602
2019-02-06 19:25:47,805.37,821.19,780.5,787.06,45867531
2019-02-07 19:25:47,787.06,802.6,765.69,771.88,6188003
2019-02-08 19:25:47,771.88,775.26,743.92,757.13,29682203
2019-02-09 19:25:47,757.13,768.72,733.8,737.05,42248160
2019-02-10 19:25:47,737.05,738.77,721.24,722.41,6793398
2019-02-11 19:25:47,722.41,739.31,720.42,737.44,16742890
2019-02-12 19:25:47,737.44,748.25,733.2,742.85,49669800
2019-02-13 19:25:47,742.85,765.87,740.66,755.46,43388403
2019-02-14 19:25:47,755.46,776.77,754.86,772.74,21810226
2019-02-15 19:25:47,772.74,778.61,742.67,750.12,2389313
2019-02-16 19:25:47,750.12,759.77,722.19,731.36,31215857
2019-02-17 19:25:47,731.36,737.64,725.92,727.32,39500192
2019-02-18 19:25:47,727.32,757.28,712.97,745.76,25270557
2019-02-19 19:25:47,745.76,756.25,736.83,738.73,24561676
2019-02-20 19:25:47,738.73,740.45,719.07,723.3,21066506
2019-02-21 19:25:47,723.3,736.9,714.71,731.25,13547670
2019-02-22 19:25:47,731.25,742.7,708.58,718.16,26795789
2019-02-23 19:25:47,718.16,728.15,703.83,727.55,38790888
2019-02-24 19:25:47,727.55,734.69,713.38,724.68,14356673
2019-02-25 19:25:47,724.68,754.35,724.47,744.88,23132203
2019-02-26 19:25:47,744.88,753.98,725.13,731.19,45591580
2019-02-27 19:25:47,731.19,744.24,712.46,712.64,36897340
2019-02-28 19:25:47,712.64,739.57,704.86,733.23,25233897
2019-03-01 19:25:47,733.23,743.93,715.61,716.54,32895944
2019-03-02 19:25:47,716.54,728.8,703.91,706.61,39995882
2019-03-03 19:25:47,706.61,732.55,696.6,719.75,12964629
2019-03-04 19:25:47,719.75,734.97,706.05,731.36,8064214
2019-03-05 19:25:47,731.36,733.23,704.64,714.57,28679453
2019-03-06 19:25:47,714.57,728.56,712.4,716.37,19569961
2019-03-07 19:25:47,716.37,724.39,692.31,698.58,4310556
2019-03-08 19:25:47,698.58,712.51,687.13,698.05,41874582
2019-03-09 19:25:47,698.05,698.92,691.6,697.3,46184951
2019-03-10 19:25:47,697.3,719.0,692.88,716.58,36775116
2019-03-11 19:25:47,716.58,726.53,698.4,700.28,40893548
2019-03-12 19:25:47,700.28,710.18,695.71,698.01,14098092
2019-03-13 19:25:47,698.01,716.35,691.95,705.92,12619806
2019-03-14 19:25:47,705.92,716.82,701.49,714.94,45819117
2019-03-15 19:25:47,714.94,728.72,695.06,698.2,37796978
2019-03-16 19:25:47,698.2,709.55,687.15,704.4,14722898
2019-03-17 19:25:47,704.4,706.01,692.15,694.41,30796689
2019-03-18 19:25:47,694.41,717.21,691.63,710.23,47954053
2019-03-19 19:25:47,710.23,735.72,700.17,726.21,9871423
2019-03-20 19:25:47,726.21,758.47,711.98,745.09,1746394
2019-03-21 19:25:47,745.09,749.72,739.43,744.61,9516101
2019-03-22 19:25:47,744.61,754.64,720.53,729.22,10243427
2019-03-23 19:25:47,729.22,739.58,705.06,709.23,29205753
2019-03-24 19:25:47,709.23,713.67,705.85,712.68,1964836
2019-03-25 19:25:47,712.68,725.58,703.71,718.46,5320177
2019-03-26 19:25:47,718.46,738.16,715.19,735.32,3271929
2019-03-27 19:25:47,735.32,743.41,727.18,730.58,18068669
2019-03-28 19:25:47,730.58,748.76,723.23,746.14,11751395
2019-03-29 19:25:47,746.14,753.46,740.27,742.87,27762231
2019-03-30 19:25:47,742.87,746.15,715.03,720.85,47433834
2019-03-31 19:25:47,720.85,734.99,715.88,727.34,31017569
2019-04-01 19:25:47,727.34,741.87,726.4,739.27,29825383
2019-04-02 19:25:47,739.27,742.67,718.38,725.02,6713698
2019-04-03 19:25:47,725.02,737.53,716.1,723.49,48919320
2019-04-04 19:25:47,723.49,741.23,721.27,731.68,16337191
2019-04-05 19:25:47,731.68,743.01,707.24,712.68,25797414
2019-04-06 19:25:47,712.68,726.46,710.59,714.57,32731693
2019-04-07 19:25:47,714.57,733.92,709.99,733.42,27111406
2019-04-08 19:25:47,733.42,745.61,720.39,734.32,21340842
2019-04-09 19:25:47,734.32,741.1,717.53,725.49,21534573
2019-04-10 19:25:47,725.49,730.71,700.89,712.18,32143189
2019-04-11 19:25:47,712.18,718.69,703.65,708.52,34022717
2019-04-12 19:25:47,708.52,728.95,708.5,716.34,27804000
2019-04-13 19:25:47,716.34,717.88,715.67,717.58,27426046
2019-04-14 19:25:47,717.58,723.18,704.52,711.86,36889448
2019-04-15 19:25:47,711.86,712.34,687.57,698.04,19386657
2019-04-16 19:25:47,698.04,698.5,678.95,688.67,31552690
2019-04-17 19:25:47,688.67,693.4,681.67,685.52,2906726
2019-04-18 19:25:47,685.52,694.13,662.82,671.21,33311321
2019-04-19 19:25:47,671.21,683.67,642.0,654.15,17555620
2019-04-20 19:25:47,654.15,671.01,644.73,663.56,4254823
2019-04-21 19:25:47,663.56,665.09,644.08,652.61,14365906
2019-04-22 19:25:47,652.61,659.48,640.04,653.84,15205220
2019-04-23 19:25:47,653.84,658.85,627.78,637.96,16188378
2019-04-24 19:25:47,637.96,642.02,621.48,623.82,42370211
2019-04-25 19:25:47,623.82,642.61,613.86,632.1,17837371
2019-04-26 19:25:47,632.1,643.39,623.18,633.75,37201570
2019-04-27 19:25:47,633.75,649.9,623.82,645.39,15576246
2019-04-28 19:25:47,645.39,672.87,641.43,660.45,12375373
2019-04-29 19:25:47,660.45,663.33,642.76,647.48,2681481
2019-04-30 19:25:47,647.48,660.08,628.91,633.71,48254958
2019-05-01 19:25:47,633.71,641.05,609.06,615.57,14672942
2019-05-02 19:25:47,615.57,626.54,605.33,615.78,10317828
2019-05-03 19:25:47,615.78,625.05,615.72,616.53,7267408
2019-05-04 19:25:47,616.53,623.15,596.02,606.29,28872739
2019-05-05 19:25:47,606.29,613.25,591.46,600.35,43694955
2019-05-06 19:25:47,600.35,616.58,599.03,615.49,46926081
2019-05-07 19:25:47,615.49,628.15,612.09,624.43,44721121
2019-05-08 19:25:47,624.43,629.42,617.97,618.18,43109968
2019-05-09 19:25:47,618.18,620.31,612.95,619.86,39510229
2019-05-10 19:25:47,619.86,631.34,609.73,630.98,7024390
2019-05-11 19:25:47,630.98,639.8,620.57,626.81,3895139
2019-05-12 19:25:47,626.81,644.74,615.24,642.74,6931252
2019-05-13 19:25:47,642.74,651.23,625.33,626.19,12400578
2019-05-14 19:25:47,626.19,643.04,620.69,631.0,10263150
2019-05-15 19:25:47,631.0,648.63,630.3,636.54,4439679
2019-05-16 19:25:47,636.54,649.14,624.15,644.56,25515875
2019-05-17 19:25:47,644.56,664.25,638.97,655.25,37902739
2019-05-18 19:25:47,655.25,660.06,645.22,645.93,39643763
2019-05-19 19:25:47,645.93,649.4,625.46,634.29,43587015
2019-05-20 19:25:47,634.29,641.2,626.92,636.15,26410976
2019-05-21 19:25:47,636.15,642.41,610.17,618.92,16809314
2019-05-22 19:25:47,618.92,640.28,609.33,632.93,1660273
2019-05-23 19:25:47,632.93,646.88,628.75,642.51,30791920
2019-05-24 19:25:47,642.51,665.58,629.83,655.32,34143132
2019-05-25 19:25:47,655.32,677.41,647.4,671.53,20801847
2019-05-26 19:25:47,671.53,671.64,641.52,653.04,9968359
2019-05-27 19:25:47,653.04,664.35,648.66,659.73,12046362
2019-05-28 19:25:47,659.73,674.44,657.69,671.9,30352750
2019-05-29 19:25:47,671.9,685.03,656.48,662.3,20519024
2019-05-30 19:25:47,662.3,666.45,646.95,655.62,33935705
2019-05-31 19:25:47,655.62,666.01,642.87,659.24,35366573
2019-06-01 19:25:47,659.24,667.28,637.56,649.92,3944991
2019-06-02 19:25:47,649.92,672.44,638.05,660.0,23385649
2019-06-03 19:25:47,660.0,680.67,654.57,673.8,14787266
2019-06-04 19:25:47,673.8,675.35,658.6,666.03,5722609
2019-06-05 19:25:47,666.03,694.76,658.2,684.9,43634617
2019-06-06 19:25:47,684.9,711.48,680.81,702.93,17600589
2019-06-07 19:25:47,702.93,725.67,694.31,715.71,27907777
2019-06-08 19:25:47,715.71,722.53,701.46,708.18,46565698
2019-06-09 19:25:47,708.18,712.64,689.9,694.49,45480381
2019-06-10 19:25:47,694.49,704.91,681.34,682.01,45711640
2019-06-11 19:25:47,682.01,683.48,670.5,673.74,39235776
2019-06-12 19:25:47,673.74,697.63,668.91,685.89,15399298
2019-06-13 19:25:47,685.89,701.19,673.36,695.74,9421948
2019-06-14 19:25:47,695.74,701.95,671.97,680.13,44976792
2019-06-15 19:25:47,680.13,696.44,677.62,694.97,2791994
2019-06-16 19:25:47,694.97,705.54,692.63,700.83,1778701
2019-06-17 19:25:47,700.83,705.67,694.59,705.51,3558676
2019-06-18 19:25:47,705.51,729.17,699.69,724.34,45169133
2019-06-19 19:25:47,724.34,730.61,703.6,712.87,49777375
2019-06-20 19:25:47,712.87,732.38,700.96,728.2,10003818
2019-06-21 19:25:47,728.2,739.15,715.17,719.43,18995311
2019-06-22 19:25:47,719.43,728.28,687.68,699.85,5252711
2019-06-23 19:25:47,699.85,710.22,677.67,679.95,48109925
2019-06-24 19:25:47,679.95,698.54,675.76,694.58,18341714
2019-06-25 19:25:47,694.58,696.76,691.26,692.14,49079130
2019-06-26 19:25:47,692.14,707.52,691.31,695.39,43059443
2019-06-27 19:25:47,695.39,699.98,680.42,690.09,49221626
2019-06-28 19:25:47,690.09,696.48,672.81,676.91,22427776
2019-06-29 19:25:47,676.91,681.11,658.49,661.74,22042940
2019-06-30 19:25:47,661.74,664.01,648.0,648.66,2551597
2019-07-01 19:25:47,648.66,659.23,633.93,638.13,26761109
2019-07-02 19:25:47,638.13,656.13,631.06,645.35,2752232
2019-07-03 19:25:47,645.35,655.63,638.69,644.96,9862796
2019-07-04 19:25:47,644.96,649.94,631.28,632.07,23297431
2019-07-05 19:25:47,632.07,634.84,621.78,628.07,44291482
2019-07-06 19:25:47,628.07,636.79,623.02,626.14,20937532
2019-07-07 19:25:47,626.14,639.84,616.46,636.53,27207862
2019-07-08 19:25:47,636.53,642.24,615.23,626.15,1054695
2019-07-09 19:25:47,626.15,636.24,615.66,619.69,35822848
2019-07-10 19:25:47,619.69,628.58,602.2,609.51,7655065
2019-07-11 19:25:47,609.51,613.04,598.99,604.46,27935208
2019-07-12 19:25:47,604.46,616.61,600.47,607.61,44161870
2019-07-13 19:25:47,607.61,611.55,595.75,603.53,22322922
2019-07-14 19:25:47,603.53,605.33,587.65,590.69,23219275
2019-07-15 19:25:47,590.69,610.71,583.98,605.17,43902318
2019-07-16 19:25:47,605.17,608.78,600.44,602.23,26920453
2019-07-17 19:25:47,602.23,613.0,590.59,590.72,43838700
2019-07-18 19:25:47,590.72,591.32,567.65,573.78,19258299
2019-07-19 19:25:47,573.78,582.16,558.13,565.96,41534668
2019-07-20 19:25:47,565.96,575.63,554.68,556.07,5083280
2019-07-21 19:25:47,556.07,580.6,552.45,571.39,30963261
2019-07-22 19:25:47,571.39,575.82,555.63,559.93,27971565
2019-07-23 19:25:47,559.93,564.96,543.24,552.42,4276143
2019-07-24 19:25:47,552.42,556.28,540.46,542.89,18160758
2019-07-25 19:25:47,542.89,554.2,535.88,551.22,36836498
2019-07-26 19:25:47,551.22,558.52,545.3,553.76,9936462
2019-07-27 19:25:47,553.76,555.91,549.29,554.4,38922306
2019-07-28 19:25:47,554.4,564.83,533.76,537.96,24646394
2019-07-29 19:25:47,537.96,543.8,537.51,538.04,23862512
2019-07-30 19:25:47,538.04,561.56,530.98,551.63,48132213
2019-07-31 19:25:47,551.63,565.57,545.3,559.62,17568503
2019-08-01 19:25:47,559.62,566.3,541.27,552.13,48745103
2019-08-02 19:25:47,552.13,562.03,539.7,547.54,5361357
2019-08-03 19:25:47,547.54,555.58,545.28,550.6,28416383
2019-08-04 19:25:47,550.6,556.66,531.29,534.29,21167009
2019-08-05 19:25:47,534.29,548.62,532.88,542.18,24932275
2019-08-06 19:25:47,542.18,553.12,535.35,547.01,2114316
2019-08-07 19:25:47,547.01,555.82,535.96,536.96,1649135
2019-08-08 19:25:47,536.96,551.23,534.91,546.58,45313485
2019-08-09 19:25:47,546.58,564.14,541.22,553.4,47468754
2019-08-10 19:25:47,553.4,558.26,546.92,552.02,8163858
2019-08-11 19:25:47,552.02,554.21,543.63,553.05,3986570
2019-08-12 19:25:47,553.05,561.71,536.91,547.33,30020778
2019-08-13 19:25:47,547.33,549.5,536.56,538.26,27989359
2019-08-14 19:25:47,538.26,560.08,533.19,551.35,41255836
2019-08-15 19:25:47,551.35,554.86,542.7,545.33,27348236
2019-08-16 19:25:47,545.33,549.17,530.41,535.14,10174285
2019-08-17 19:25:47,535.14,547.4,528.56,541.12,16442970
2019-08-18 19:25:47,541.12,546.77,535.52,545.36,46590913
2019-08-19 19:25:47,545.36,548.94,533.4,544.12,8217521
2019-08-20 19:25:47,544.12,548.07,521.79,527.96,49168972
2019-08-21 19:25:47,527.96,529.65,510.72,514.05,16376707
2019-08-22 19:25:47,514.05,515.98,507.13,510.25,31190155
2019-08-23 19:25:47,510.25,515.58,505.41,505.84,45187436
2019-08-24 19:25:47,505.84,517.67,497.42,510.18,22835582
2019-08-25 19:25:47,510.18,515.79,493.88,499.23,28660364
2019-08-26 19:25:47,499.23,514.88,494.3,512.54,20239866
2019-08-27 19:25:47,512.54,516.28,498.3,499.81,18396187
2019-08-28 19:25:47,499.81,500.48,490.41,496.16,15203502
2019-08-29 19:25:47,496.16,499.1,492.35,495.95,11802041
2019-08-30 19:25:47,495.95,501.81,483.77,489.39,42354974
2019-08-31 19:25:47,489.39,511.12,482.18,501.6,32398048
2019-09-01 19:25:47,501.6,509.32,487.33,491.89,5180856
2019-09-02 19:25:47,491.89,502.34,486.11,495.8,10520042
2019-09-03 19:25:47,495.8,507.72,489.55,500.02,39087572
2019-09-04 19:25:47,500.02,510.42,493.82,505.9,17251364
2019-09-05 19:25:47,505.9,516.59,500.97,515.47,49322280
2019-09-06 19:25:47,515.47,521.83,509.08,519.18,38551722
2019-09-07 19:25:47,519.18,520.23,499.05,505.7,12498343
2019-09-08 19:25:47,505.7,510.99,498.53,501.79,33379689
2019-09-09 19:25:47,501.79,521.97,499.57,513.7,22541462
2019-09-10 19:25:47,513.7,528.16,504.3,524.77,13647154
2019-09-11 19:25:47,524.77,527.28,512.53,512.76,16190686
2019-09-12 19:25:47,512.76,512.97,502.4,506.72,1959170
2019-09-13 19:25:47,506.72,510.55,498.32,503.38,37790255
2019-09-14 19:25:47,503.38,505.94,492.32,502.01,28159319
2019-09-15 19:25:47,502.01,510.74,492.48,504.19,21888182
2019-09-16 19:25:47,504.19,524.51,503.12,517.2,39393570
2019-09-17 19:25:47,517.2,533.33,511.84,529.9,31381359
2019-09-18 19:25:47,529.9,547.78,529.28,537.65,22565640
2019-09-19 19:25:47,537.65,540.2,525.11,532.45,10979397
2019-09-20 19:25:47,532.45,550.25,525.13,546.8,26498085
2019-09-21 19:25:47,546.8,555.78,543.6,544.17,21910818
2019-09-22 19:25:47,544.17,554.92,539.62,550.79,43755678
2019-09-23 19:25:47,550.79,561.76,541.72,551.86,37821579
2019-09-24 19:25:47,551.86,559.56,532.72,536.64,32723368
2019-09-25 19:25:47,536.64,539.18,526.59,538.04,18467648
2019-09-26 19:25:47,538.04,556.91,537.77,553.76,33285844
2019-09-27 19:25:47,553.76,568.6,543.15,564.02,46443431
2019-09-28 19:25:47,564.02,569.62,554.14,563.68,2760869
2019-09-29 19:25:47,563.68,572.31,558.05,563.88,10955193
2019-09-30 19:25:47,563.88,571.42,553.37,568.68,41824700
2019-10-01 19:25:47,568.68,586.67,566.33,575.58,17764581
2019-10-02 19:25:47,575.58,589.72,574.76,589.56,46775757
2019-10-03 19:25:47,589.56,596.23,579.95,580.3,30934824
2019-10-04 19:25:47,580.3,590.99,576.78,589.35,29502129
2019-10-05 19:25:47,589.35,597.86,582.55,583.82,2470293
2019-10-06 19:25:47,583.82,606.48,576.25,596.3,15837370
2019-10-07 19:25:47,596.3,602.74,594.49,602.1,20472441
2019-10-08 19:25:47,602.1,608.71,575.95,584.47,8352524
2019-10-09 19:25:47,584.47,584.82,573.53,584.29,40103705
2019-10-10 19:25:47,584.29,594.91,583.36,587.15,11292199
2019-10-11 19:25:47,587.15,603.35,582.4,597.41,42585524
2019-10-12 19:25:47,597.41,605.69,588.64,595.4,16724019
2019-10-13 19:25:47,595.4,606.3,590.88,599.76,3974907
2019-10-14 19:25:47,599.76,609.44,587.54,592.8,5154973
2019-10-15 19:25:47,592.8,612.37,583.21,602.28,34031276
2019-10-16 19:25:47,602.28,606.32,582.29,593.67,31915588
2019-10-17 19:25:47,593.67,601.91,585.95,593.02,26947444
2019-10-18 19:25:47,593.02,598.32,588.56,594.23,3766972
2019-10-19 19:25:47,594.23,603.69,579.28,580.98,34695439
2019-10-20 19:25:47,580.98,594.53,579.79,586.67,22649173
2019-10-21 19:25:47,586.67,598.46,582.31,589.59,28345261
2019-10-22 19:25:47,589.59,608.78,587.25,605.52,42376157
2019-10-23 19:25:47,605.52,611.14,584.17,587.92,36693828
2019-10-24 19:25:47,587.92,611.51,587.2,604.27,24757804
2019-10-25 19:25:47,604.27,607.85,599.43,604.23,33843467
2019-10-26 19:25:47,604.23,629.4,594.02,620.04,23654542
2019-10-27 19:25:47,620.04,646.49,611.49,636.53,6375026
2019-10-28 19:25:47,636.53,642.37,628.74,629.75,42418441
2019-10-29 19:25:47,629.75,639.28,617.35,623.86,6471584
2019-10-30 19:25:47,623.86,627.03,615.21,615.64,20472470
2019-10-31 19:25:47,615.64,619.12,606.71,608.35,4214432
2019-11-01 19:25:47,608.35,628.6,606.14,623.64,13985966
2019-11-02 19:25:47,623.64,623.73,600.93,611.58,44731549
2019-11-03 19:25:47,611.58,619.78,583.96,594.91,14635073
2019-11-04 19:25:47,594.91,604.71,583.13,602.25,25630016
2019-11-05 19:25:47,602.25,605.79,578.45,585.98,22753813
2019-11-06 19:25:47,585.98,606.58,584.82,601.11,40986357
2019-11-07 19:25:47,601.11,601.84,584.58,594.68,12260414
2019-11-08 19:25:47,594.68,596.43,584.49,584.5,9319255
2019-11-09 19:25:47,584.5,590.16,567.81,575.73,40511654
2019-11-10 19:25:47,575.73,579.28,560.68,569.93,26908699
2019-11-11 19:25:47,569.93,585.81,560.54,574.37,19735646
2019-11-12 19:25:47,574.37,577.86,562.42,571.92,26605002
2019-11-13 19:25:47,571.92,580.05,559.87,569.71,31185778
2019-11-14 19:25:47,569.71,571.53,561.54,569.01,10011906
2019-11-15 19:25:47,569.01,577.88,547.54,556.01,36457499
2019-11-16 19:25:47,556.01,562.26,545.38,551.94,33248268
2019-11-17 19:25:47,551.94,569.76,544.7,561.44,39330199
2019-11-18 19:25:47,561.44,584.53,551.23,575.0,22762346
2019-11-19 19:25:47,575.0,588.32,567.39,579.4,23869122
2019-11-20 19:25:47,579.4,592.45,571.44,581.37,6139305
2019-11-21 19:25:47,581.37,585.04,576.12,581.03,16870786
2019-11-22 19:25:47,581.03,585.9,574.27,583.93,30380313
2019-11-23 19:25:47,583.93,594.38,573.56,590.67,21092375
2019-11-24 19:25:47,590.67,600.51,574.59,582.91,35767994
2019-11-25 19:25:47,582.91,588.23,567.32,569.32,12004265
2019-11-26 19:25:47,569.32,575.63,546.54,556.78,12874256
2019-11-27 19:25:47,556.78,562.59,549.8,557.97,13060507
2019-11-28 19:25:47,557.97,567.66,542.22,550.12,37625033
2019-11-29 19:25:47,550.12,558.55,549.26,551.24,42327356
2019-11-30 19:25:47,551.24,556.79,536.37,537.73,1826013
2019-12-01 19:25:47,537.73,539.59,530.58,538.09,16088723
2019-12-02 19:25:47,538.09,548.23,524.69,532.35,31381974
2019-12-03 19:25:47,532.35,552.82,522.27,547.1,48547111
2019-12-04 19:25:47,547.1,554.17,532.44,541.69,41027882
2019-12-05 19:25:47,541.69,543.03,519.17,527.37,2744120
2019-12-06 19:25:47,527.37,540.86,524.59,531.26,5372430
2019-12-07 19:25:47,531.26,540.24,514.16,523.05,45112161
2019-12-08 19:25:47,523.05,538.36,512.86,532.57,10379407
2019-12-09 19:25:47,532.57,541.69,523.67,525.11,47532298
2019-12-10 19:25:47,525.11,535.4,519.15,532.44,26835679
2019-12-11 19:25:47,532.44,538.06,524.35,528.8,19777472
2019-12-12 19:25:47,528.8,541.09,524.56,533.66,34427565
2019-12-13 19:25:47,533.66,542.82,517.07,519.2,48139835
2019-12-14 19:25:47,519.2,538.91,516.88,530.05,36733923
2019-12-15 19:25:47,530.05,534.07,516.98,520.85,17923121
2019-12-16 19:25:47,520.85,526.42,516.03,524.79,43662794
2019-12-17 19:25:47,524.79,530.97,515.0,524.89,10785508
2019-12-18 19:25:47,524.89,528.3,508.76,518.62,20594701
2019-12-19 19:25:47,518.62,519.34,499.36,504.79,26108606
2019-12-20 19:25:47,504.79,522.63,497.6,518.17,43982337
2019-12-21 19:25:47,518.17,530.83,515.11,529.98,30509401
2019-12-22 19:25:47,529.98,534.51,520.65,523.58,38948532
2019-12-23 19:25:47,523.58,524.17,505.16,514.35,40603334
2019-12-24 19:25:47,514.35,529.85,510.67,528.84,14466584
2019-12-25 19:25:47,528.84,529.08,522.27,525.11,26759382
2019-12-26 19:25:47,525.11,533.14,520.96,521.88,4588762
2019-12-27 19:25:47,521.88,543.52,518.61,537.1,13209196
2019-12-28 19:25:47,537.1,546.71,530.33,536.43,44976528
2019-12-29 19:25:47,536.43,546.35,517.16,524.76,14116260
2019-12-30 19:25:47,524.76,541.67,519.1,540.31,21078471
2019-12-31 19:25:47,540.31,540.36,525.42,528.81,30039767
2020-01-01 19:25:47,528.81,537.38,527.21,532.45,45440022
2020-01-02 19:25:47,532.45,538.15,517.35,526.03,32211662
2020-01-03 19:25:47,526.03,532.38,509.08,516.55,12612683
2020-01-04 19:25:47,516.55,526.99,513.87,519.45,29786553
2020-01-05 19:25:47,519.45,525.16,513.5,520.29,44401740
2020-01-06 19:25:47,520.29,528.82,507.67,511.33,30779407
2020-01-07 19:25:47,511.33,514.45,502.92,507.59,41977699
2020-01-08 19:25:47,507.59,521.19,499.91,515.67,44045282
2020-01-09 19:25:47,515.67,525.12,498.87,508.77,38500658
2020-01-10 19:25:47,508.77,522.4,505.0,522.28,42235979
2020-01-11 19:25:47,522.28,532.52,512.92,519.61,39078199
2020-01-12 19:25:47,519.61,522.37,500.14,507.39,41115888
2020-01-13 19:25:47,507.39,511.38,501.88,505.98,34738362
2020-01-14 19:25:47,505.98,523.73,505.98,519.25,24542390
2020-01-15 19:25:47,519.25,526.6,519.13,526.34,14532098
2020-01-16 19:25:47,526.34,526.42,520.86,523.3,14038854
2020-01-17 19:25:47,523.3,527.81,513.37,521.2,8905900
2020-01-18 19:25:47,521.2,523.31,512.83,521.06,7823008
2020-01-19 19:25:47,521.06,531.01,505.27,510.05,1408883
2020-01-20 19:25:47,510.05,517.49,504.14,504.94,37606655
2020-01-21 19:25:47,504.94,512.76,502.42,508.08,7897159
2020-01-22 19:25:47,508.08,521.99,503.51,520.1,29677302
2020-01-23 19:25:47,520.1,529.45,510.77,523.54,32737561
2020-01-24 19:25:47,523.54,530.92,522.28,524.93,24673145
2020-01-25 19:25:47,524.93,535.01,520.43,526.94,25631739
2020-01-26 19:25:47,526.94,545.53,522.45,541.44,25308347
2020-01-27 19:25:47,541.44,558.43,538.51,553.48,26342299
2020-01-28 19:25:47,553.48,570.93,543.42,565.73,11344070
2020-01-29 19:25:47,565.73,576.92,560.03,574.33,43060854
2020-01-30 19:25:47,574.33,588.82,566.27,588.49,14061581
2020-01-31 19:25:47,588.49,604.97,586.91,601.51,11168331
2020-02-01 19:25:47,601.51,609.52,595.32,597.09,31823587
2020-02-02 19:25:47,597.09,620.46,595.09,612.48,45301906
2020-02-03 19:25:47,612.48,623.47,605.87,612.12,11727218
2020-02-04 19:25:47,612.12,617.84,599.18,602.98,31363581
2020-02-05 19:25:47,602.98,619.4,600.13,617.32,6107986
2020-02-06 19:25:47,617.32,640.36,609.32,630.68,35232054
2020-02-07 19:25:47,630.68,651.28,626.96,644.69,4977391
2020-02-08 19:25:47,644.69,651.13,636.61,644.94,36628396
2020-02-09 19:25:47,644.94,660.14,638.3,656.73,38412837
2020-02-10 19:25:47,656.73,663.48,649.05,656.25,12739575
2020-02-11 19:25:47,656.25,678.36,655.66,671.8,32939722
2020-02-12 19:25:47,671.8,700.33,665.15,690.1,44160940
2020-02-13 19:25:47,690.1,703.82,686.13,697.9,2877645
2020-02-14 19:25:47,697.9,716.22,689.28,707.94,19826493
2020-02-15 19:25:47,707.94,708.64,689.93,697.36,41062772
2020-02-16 19:25:47,697.36,700.16,674.8,686.37,17608550
2020-02-17 19:25:47,686.37,712.94,676.13,701.1,43792534
2020-02-18 19:25:47,701.1,711.0,701.06,707.38,6984514
2020-02-19 19:25:47,707.38,719.24,698.35,708.19,22007860
2020-02-20 19:25:47,708.19,710.22,691.96,692.4,37636227
2020-02-21 19:25:47,692.4,700.45,680.93,691.06,31004670
2020-02-22 19:25:47,691.06,692.94,679.68,681.67,6360821
2020-02-23 19:25:47,681.67,698.99,669.99,685.43,31512229
2020-02-24 19:25:47,685.43,705.93,682.55,700.97,17916373
2020-02-25 19:25:47,700.97,721.58,700.19,709.94,2399886
2020-02-26 19:25:47,709.94,714.29,687.38,696.59,33103952
2020-02-27 19:25:47,696.59,707.66,692.77,702.94,28071627
2020-02-28 19:25:47,702.94,721.34,691.88,712.77,34886163
2020-02-29 19:25:47,712.77,718.06,691.71,695.75,13879386
2020-03-01 19:25:47,695.75,707.0,673.56,684.66,44125619
2020-03-02 19:25:47,684.66,690.3,670.4,672.43,28180213
2020-03-03 19:25:47,672.43,685.14,666.53,670.74,9448899
2020-03-04 19:25:47,670.74,689.65,668.41,684.43,43599605
2020-03-05 19:25:47,684.43,686.19,670.36,677.2,31468371
2020-03-06 19:25:47,677.2,701.38,673.14,694.11,33996838
2020-03-07 19:25:47,694.11,696.23,685.77,689.27,4343293
2020-03-08 19:25:47,689.27,702.17,659.3,671.06,6041523
2020-03-09 19:25:47,671.06,672.11,659.03,659.64,27530384
2020-03-10 19:25:47,659.64,662.66,647.97,656.35,14290327
2020-03-11 19:25:47,656.35,666.25,649.35,650.69,10132738
2020-03-12 19:25:47,650.69,657.98,642.67,657.95,4761523
2020-03-13 19:25:47,657.95,672.28,653.42,669.43,43949716
2020-03-14 19:25:47,669.43,693.25,666.03,685.9,39625411
2020-03-15 19:25:47,685.9,696.48,670.42,679.33,3603646
2020-03-16 19:25:47,679.33,692.71,668.06,688.79,6308967
2020-03-17 19:25:47,688.79,692.64,668.36,669.17,13071786
2020-03-18 19:25:47,669.17,674.66,648.18,652.72,2858024
2020-03-19 19:25:47,652.72,661.88,647.73,652.86,20938026
2020-03-20 19:25:47,652.86,656.89,632.59,637.18,38212022
2020-03-21 19:25:47,637.18,637.92,621.98,627.5,42764103
2020-03-22 19:25:47,627.5,643.25,619.26,633.53,23961330
2020-03-23 19:25:47,633.53,636.84,631.59,632.04,16215858
2020-03-24 19:25:47,632.04,655.08,625.24,649.75,6352682
2020-03-25 19:25:47,649.75,661.09,624.48,630.48,42997517
2020-03-26 19:25:47,630.48,647.46,629.36,641.28,14224400
2020-03-27 19:25:47,641.28,650.47,623.91,627.61,32153182
2020-03-28 19:25:47,627.61,630.83,612.48,620.85,46190391
2020-03-29 19:25:47,620.85,639.23,615.2,626.72,17644812
2020-03-30 19:25:47,626.72,640.03,617.27,637.32,39419908
2020-03-31 19:25:47,637.32,649.18,629.05,639.07,26160604
2020-04-01 19:25:47,639.07,648.29,625.96,630.17,13865736
2020-04-02 19:25:47,630.17,645.04,619.39,633.37,29697113
2020-04-03 19:25:47,633.37,638.73,629.89,630.14,19470389
2020-04-04 19:25:47,630.14,639.57,622.09,636.74,14489087
2020-04-05 19:25:47,636.74,642.47,635.2,639.08,18809406
2020-04-06 19:25:47,639.08,648.69,635.54,645.75,43316804
2020-04-07 19:25:47,645.75,649.55,624.99,631.29,24850290
2020-04-08 19:25:47,631.29,633.66,623.48,631.53,15885827
2020-04-09 19:25:47,631.53,633.41,630.14,633.23,47486315
2020-04-10 19:25:47,633.23,645.13,627.12,629.49,33565432
2020-04-11 19:25:47,629.49,641.56,616.57,628.14,17193242
2020-04-12 19:25:47,628.14,637.28,613.19,615.53,12312189
2020-04-13 19:25:47,615.53,616.02,594.53,597.38,10170666
2020-04-14 19:25:47,597.38,605.75,595.58,599.97,12528660
2020-04-15 19:25:47,599.97,617.98,594.25,606.25,39597458
2020-04-16 19:25:47,606.25,625.8,604.12,623.16,45344150
2020-04-17 19:25:47,623.16,633.07,600.88,612.98,7540423
2020-04-18 19:25:47,612.98,622.17,592.53,599.52,20424721
2020-04-19 19:25:47,599.52,609.43,584.79,592.07,42684953
2020-04-20 19:25:47,592.07,600.9,587.61,595.49,28191455
2020-04-21 19:25:47,595.49,596.15,575.65,584.52,4780377
2020-04-22 19:25:47,584.52,592.2,570.46,572.87,20410760
2020-04-23 19:25:47,572.87,573.59,558.44,564.82,32716101
2020-04-24 19:25:47,564.82,572.46,551.2,552.34,26059472
2020-04-25 19:25:47,552.34,577.1,548.79,568.57,31539129
2020-04-26 19:25:47,568.57,570.52,564.32,565.25,28736017
2020-04-27 19:25:47,565.25,580.95,562.61,576.11,30807349
2020-04-28 19:25:47,576.11,577.37,551.53,561.75,45196330
2020-04-29 19:25:47,561.75,570.32,545.1,550.39,31630120
2020-04-30 19:25:47,550.39,557.01,541.76,544.85,35631783
2020-05-01 19:25:47,544.85,562.03,537.02,555.43,1494854
2020-05-02 19:25:47,555.43,558.85,528.68,538.95,27268416
2020-05-03 19:25:47,538.95,541.06,535.3,537.3,39521918
2020-05-04 19:25:47,537.3,547.13,522.65,530.64,36705913
2020-05-05 19:25:47,530.64,541.95,524.96,538.49,1976934
2020-05-06 19:25:47,538.49,548.94,532.24,547.78,1506791
2020-05-07 19:25:47,547.78,552.03,537.63,550.59,6558837
2020-05-08 19:25:47,550.59,572.25,548.18,564.39,12473948
2020-05-09 19:25:47,564.39,564.64,549.22,559.13,17767194
2020-05-10 19:25:47,559.13,562.13,539.33,549.67,1241804
2020-05-11 19:25:47,549.67,560.17,539.7,557.78,41381826
2020-05-12 19:25:47,557.78,559.57,546.37,549.26,34795286
2020-05-13 19:25:47,549.26,574.31,540.9,564.62,46451167
2020-05-14 19:25:47,564.62,572.51,561.89,570.25,10483921
2020-05-15 19:25:47,570.25,571.25,551.59,555.08,32920924
2020-05-16 19:25:47,555.08,563.01,544.56,555.64,3464925
2020-05-17 19:25:47,555.64,560.18,553.01,557.69,46410318
2020-05-18 19:25:47,557.69,572.63,548.84,563.32,13515002
2020-05-19 19:25:47,563.32,566.99,535.83,546.68,24532804
2020-05-20 19:25:47,546.68,561.45,545.98,556.21,34107237
2020-05-21 19:25:47,556.21,564.14,552.89,554.25,33716474
2020-05-22 19:25:47,554.25,569.59,544.98,566.49,19687941
2020-05-23 19:25:47,566.49,566.93,542.96,550.48,27800637
2020-05-24 19:25:47,550.48,571.12,549.58,562.23,48779187
2020-05-25 19:25:47,562.23,578.03,552.89,576.85,48558383
2020-05-26 19:25:47,576.85,579.02,571.27,577.38,11855359
2020-05-27 19:25:47,577.38,603.63,568.94,592.63,35387698
2020-05-28 19:25:47,592.63,602.83,567.04,575.79,6907954
2020-05-29 19:25:47,575.79,588.05,566.66,585.51,38367532
2020-05-30 19:25:47,585.51,594.22,563.77,568.83,11841407
2020-05-31 19:25:47,568.83,580.01,551.69,559.31,22785340
2020-06-01 19:25:47,559.31,578.79,558.31,572.62,1467640
2020-06-02 19:25:47,572.62,584.2,562.18,574.44,46490430
2020-06-03 19:25:47,574.44,580.15,567.58,571.06,28455752
2020-06-04 19:25:47,571.06,586.6,564.04,582.13,29105469
2020-06-05 19:25:47,582.13,587.36,571.97,577.93,11901775
2020-06-06 19:25:47,577.93,585.23,555.22,560.67,39031935
2020-06-07 19:25:47,560.67,562.89,535.62,543.89,14396518
2020-06-08 19:25:47,543.89,547.93,530.4,534.69,38870209
2020-06-09 19:25:47,534.69,548.68,527.82,540.98,13650214
2020-06-10 19:25:47,540.98,549.33,532.19,536.47,31389124
2020-06-11 19:25:47,536.47,546.18,531.22,532.15,19068515
2020-06-12 19:25:47,532.15,557.2,531.4,548.11,40322690
2020-06-13 19:25:47,548.11,557.74,539.63,540.07,19220815
2020-06-14 19:25:47,540.07,542.87,531.07,536.67,43872927
2020-06-15 19:25:47,536.67,547.21,524.45,534.75,16067051
2020-06-16 19:25:47,534.75,552.38,530.78,545.33,31398882
2020-06-17 19:25:47,545.33,547.57,532.49,538.9,5007156
2020-06-18 19:25:47,538.9,552.05,536.13,551.92,11328124
2020-06-19 19:25:47,551.92,555.12,527.68,537.09,5505616
2020-06-20 19:25:47,537.09,546.9,527.83,530.36,45183038
2020-06-21 19:25:47,530.36,541.78,530.09,540.58,34494066
2020-06-22 19:25:47,540.58,546.02,535.55,540.83,27996959
2020-06-23 19:25:47,540.83,542.27,532.96,541.3,11206533
2020-06-24 19:25:47,541.3,542.24,519.99,529.74,39929894
2020-06-25 19:25:47,529.74,534.58,516.67,524.26,11595985
2020-06-26 19:25:47,524.26,530.32,516.21,529.22,41211689
2020-06-27 19:25:47,529.22,541.15,527.93,535.87,5144404
2020-06-28 19:25:47,535.87,549.1,533.22,547.95,22657840
2020-06-29 19:25:47,547.95,553.03,524.49,533.09,43630614
2020-06-30 19:25:47,533.09,557.6,532.46,547.55,27758759
2020-07-01 19:25:47,547.55,558.34,530.29,538.7,37775958
2020-07-02 19:25:47,538.7,546.76,518.92,527.34,16467140
2020-07-03 19:25:47,527.34,528.66,514.83,519.08,49478388
2020-07-04 19:25:47,519.08,521.74,506.78,512.46,20544791
2020-07-05 19:25:47,512.46,522.12,498.03,506.47,49511190
2020-07-06 19:25:47,506.47,508.38,499.61,504.76,7181719
2020-07-07 19:25:47,504.76,505.3,493.13,494.61,5942641
2020-07-08 19:25:47,494.61,510.67,490.89,501.85,17562567
2020-07-09 19:25:47,501.85,512.95,493.94,505.48,27077769
2020-07-10 19:25:47,505.48,517.37,500.94,511.96,19662709
2020-07-11 19:25:47,511.96,523.28,509.56,517.47,47786848
2020-07-12 19:25:47,517.47,522.41,516.63,518.18,35497645
2020-07-13 19:25:47,518.18,522.73,514.31,519.67,15569317
2020-07-14 19:25:47,519.67,524.99,502.37,511.29,41938777
2020-07-15 19:25:47,511.29,520.99,501.18,509.53,46602299
2020-07-16 19:25:47,509.53,516.71,498.13,500.64,29960509
2020-07-17 19:25:47,500.64,509.22,496.23,499.76,8295776
2020-07-18 19:25:47,499.76,520.35,499.63,512.7,39879354
2020-07-19 19:25:47,512.7,527.95,503.07,521.99,20986884
2020-07-20 19:25:47,521.99,523.33,511.53,518.13,11739343
2020-07-21 19:25:47,518.13,536.5,513.64,530.28,46087962
2020-07-22 19:25:47,530.28,548.27,529.9,545.39,34779853
2020-07-23 19:25:47,545.39,569.01,543.97,561.74,35917795
2020-07-24 19:25:47,561.74,570.86,560.96,565.96,34064047
2020-07-25 19:25:47,565.96,579.88,560.98,578.46,37179807
2020-07-26 19:25:47,578.46,580.81,573.67,577.19,15866348
2020-07-27 19:25:47,577.19,581.73,564.71,565.3,40049101
2020-07-28 19:25:47,565.3,582.28,564.77,575.1,41778371
2020-07-29 19:25:47,575.1,578.73,556.97,562.69,49860659
2020-07-30 19:25:47,562.69,571.44,547.06,555.56,24095557
2020-07-31 19:25:47,555.56,556.45,531.91,539.99,30353147
2020-08-01 19:25:47,539.99,548.93,533.9,540.44,4563476
2020-08-02 19:25:47,540.44,551.66,539.84,544.83,15320878
2020-08-03 19:25:47,544.83,563.57,536.87,556.57,23728099
2020-08-04 19:25:47,556.57,564.18,544.64,554.83,37523252
2020-08-05 19:25:47,554.83,555.94,545.58,553.1,2243175
2020-08-06 19:25:47,553.1,553.74,541.85,549.08,35550508
2020-08-07 19:25:47,549.08,554.89,529.87,538.87,30583803
2020-08-08 19:25:47,538.87,551.4,534.59,546.77,2656316
2020-08-09 19:25:47,546.77,555.28,544.57,546.65,5231974
2020-08-10 19:25:47,546.65,555.16,540.88,551.58,33256517
2020-08-11 19:25:47,551.58,552.76,527.52,538.08,14687396
2020-08-12 19:25:47,538.08,551.97,527.9,551.59,1615143
2020-08-13 19:25:47,551.59,552.37,545.27,549.7,10197059
2020-08-14 19:25:47,549.7,569.55,542.96,564.25,12926104
2020-08-15 19:25:47,564.25,577.56,562.28,574.24,10931250
2020-08-16 19:25:47,574.24,582.94,567.05,579.59,16037991
2020-08-17 19:25:47,579.59,579.91,562.18,572.42,6948826
2020-08-18 19:25:47,572.42,585.41,567.04,584.2,33255278
2020-08-19 19:25:47,584.2,589.68,572.66,582.83,16997225
2020-08-20 19:25:47,582.83,585.61,563.2,568.39,42474131
2020-08-21 19:25:47,568.39,577.14,546.92,553.78,49606033
2020-08-22 19:25:47,553.78,579.29,549.2,569.82,16969722
2020-08-23 19:25:47,569.82,579.37,564.71,568.32,33735435
2020-08-24 19:25:47,568.32,570.98,553.43,556.21,9552683
2020-08-25 19:25:47,556.21,560.66,543.86,546.51,22025360
2020-08-26 19:25:47,546.51,559.01,544.35,551.83,48262088
2020-08-27 19:25:47,551.83,558.88,541.72,548.01,32435833
2020-08-28 19:25:47,548.01,555.86,530.05,537.53,22216531
2020-08-29 19:25:47,537.53,553.75,531.16,544.82,37784658
2020-08-30 19:25:47,544.82,553.31,529.77,537.62,13830415
2020-08-31 19:25:47,537.62,556.61,532.46,551.91,13071419
2020-09-01 19:25:47,551.91,562.16,532.05,537.78,2063273
2020-09-02 19:25:47,537.78,540.19,519.56,524.32,12389735
2020-09-03 19:25:47,524.32,532.89,504.1,512.03,11256698
2020-09-04 19:25:47,512.03,517.15,509.56,515.35,10380495
2020-09-05 19:25:47,515.35,516.15,506.36,514.83,47167096
2020-09-06 19:25:47,514.83,516.94,504.92,512.97,22627740
2020-09-07 19:25:47,512.97,523.99,503.14,515.51,49338405
2020-09-08 19:25:47,515.51,519.12,497.98,502.01,32079593
2020-09-09 19:25:47,502.01,518.5,499.59,515.79,28522973
2020-09-10 19:25:47,515.79,525.9,514.9,515.04,3781437
2020-09-11 19:25:47,515.04,518.85,494.85,500.38,45158249
2020-09-12 19:25:47,500.38,517.09,494.97,509.69,38558404
2020-09-13 19:25:47,509.69,512.54,492.53,502.56,27697750
2020-09-14 19:25:47,502.56,505.08,491.93,496.89,36338581
2020-09-15 19:25:47,496.89,514.67,490.19,509.45,8991228
2020-09-16 19:25:47,509.45,520.22,507.84,514.58,30968513
2020-09-17 19:25:47,514.58,523.49,508.23,515.58,7265993
2020-09-18 19:25:47,515.58,520.39,500.35,507.98,31243505
2020-09-19 19:25:47,507.98,512.16,498.94,510.78,27071167
2020-09-20 19:25:47,510.78,514.88,504.49,506.84,30718706
2020-09-21 19:25:47,506.84,522.63,501.62,516.68,21672709
2020-09-22 19:25:47,516.68,526.24,515.25,516.12,32398271
2020-09-23 19:25:47,516.12,531.36,510.11,522.22,24518615
2020-09-24 19:25:47,522.22,527.18,517.38,526.93,36263225
2020-09-25 19:25:47,526.93,546.27,526.03,541.63,17046389
2020-09-26 19:25:47,541.63,543.85,527.14,535.22,25098018
2020-09-27 19:25:47,535.22,546.7,527.04,537.71,20869661
2020-09-28 19:25:47,537.71,540.97,536.56,539.66,7565697
2020-09-29 19:25:47,539.66,541.41,530.9,533.27,26516615
2020-09-30 19:25:47,533.27,536.91,526.85,532.54,8927368
2020-10-01 19:25:47,532.54,547.23,526.84,539.04,34106117
2020-10-02 19:25:47,539.04,554.88,530.68,548.5,14959204
2020-10-03 19:25:47,548.5,568.65,544.6,564.61,34323150
2020-10-04 19:25:47,564.61,570.19,557.91,561.9,22478288
2020-10-05 19:25:47,561.9,562.72,542.58,551.34,23583805
2020-10-06 19:25:47,551.34,568.71,546.67,564.85,37877597
2020-10-07 19:25:47,564.85,579.06,564.13,570.92,49017197
2020-10-08 19:25:47,570.92,581.24,554.08,560.87,20336854
2020-10-09 19:25:47,560.87,586.13,550.71,574.91,6076318
2020-10-10 19:25:47,574.91,584.65,564.78,573.47,36480928
2020-10-11 19:25:47,573.47,582.94,568.54,576.24,32251572
2020-10-12 19:25:47,576.24,587.35,569.71,571.61,37614185
2020-10-13 19:25:47,571.61,587.43,563.27,584.48,1672769
2020-10-14 19:25:47,584.48,593.51,573.36,586.32,49964341
2020-10-15 19:25:47,586.32,613.61,581.7,601.58,43030002
2020-10-16 19:25:47,601.58,621.78,598.73,616.37,29114465
2020-10-17 19:25:47,616.37,622.98,603.33,609.2,19238694
2020-10-18 19:25:47,609.2,622.64,603.64,611.14,12969459
2020-10-19 19:25:47,611.14,626.33,609.5,623.53,19828542
2020-10-20 19:25:47,623.53,632.78,598.49,605.87,3094604
2020-10-21 19:25:47,605.87,622.7,605.59,618.75,31479687
2020-10-22 19:25:47,618.75,623.11,602.33,607.28,25652382
2020-10-23 19:25:47,607.28,619.51,603.66,618.3,10268406
2020-10-24 19:25:47,618.3,636.89,613.6,633.24,18447770
2020-10-25 19:25:47,633.24,637.14,614.46,618.88,40853326
2020-10-26 19:25:47,618.88,629.15,599.84,606.29,20569234
2020-10-27 19:25:47,606.29,610.78,606.06,606.65,18777108
2020-10-28 19:25:47,606.65,623.06,595.93,620.54,31829698
2020-10-29 19:25:47,620.54,628.21,611.01,621.22,38841881
2020-10-30 19:25:47,621.22,635.14,609.32,627.76,25068243
2020-10-31 19:25:47,627.76,639.95,620.3,637.08,46575784
2020-11-01 19:25:47,637.08,644.94,628.24,629.88,24083957
2020-11-02 19:25:47,629.88,631.02,617.38,617.74,25076081
2020-11-03 19:25:47,617.74,618.58,614.23,615.67,43459799
2020-11-04 19:25:47,615.67,628.25,609.91,620.46,45111711
2020-11-05 19:25:47,620.46,630.34,605.33,616.04,46413537
2020-11-06 19:25:47,616.04,626.16,591.35,599.87,30657453
2020-11-07 19:25:47,599.87,603.71,598.47,599.45,28068482
2020-11-08 19:25:47,599.45,605.03,594.2,595.5,23875218
2020-11-09 19:25:47,595.5,608.68,591.98,602.86,36979178
2020-11-10 19:25:47,602.86,628.42,600.65,617.19,26907048
2020-11-11 19:25:47,617.19,635.19,614.14,634.94,8691532
2020-11-12 19:25:47,634.94,647.57,621.34,632.26,24731809
2020-11-13 19:25:47,632.26,642.15,613.58,621.7,1487829
2020-11-14 19:25:47,621.7,631.93,610.97,630.43,20221611
2020-11-15 19:25:47,630.43,634.59,613.74,624.11,10382220
2020-11-16 19:25:47,624.11,643.15,618.69,637.16,49965426
2020-11-17 19:25:47,637.16,647.08,627.64,644.35,39506561
2020-11-18 19:25:47,644.35,651.9,636.06,643.72,31551069
2020-11-19 19:25:47,643.72,655.07,624.89,635.57,7093022
2020-11-20 19:25:47,635.57,652.84,625.99,650.75,28964190
2020-11-21 19:25:47,650.75,667.11,639.21,661.01,14213616
2020-11-22 19:25:47,661.01,671.06,657.28,660.96,36707457
2020-11-23 19:25:47,660.96,663.6,646.8,654.1,46484897
2020-11-24 19:25:47,654.1,665.76,646.42,648.69,35109995
2020-11-25 19:25:47,648.69,677.64,645.69,665.64,18218843
2020-11-26 19:25:47,665.64,686.19,659.58,673.65,38616647
2020-11-27 19:25:47,673.65,684.67,670.42,677.96,30687483
2020-11-28 19:25:47,677.96,678.82,670.15,678.09,21288477
2020-11-29 19:25:47,678.09,689.84,662.44,667.27,48466463
2020-11-30 19:25:47,667.27,676.29,645.41,647.67,9967648
2020-12-01 19:25:47,647.67,649.45,635.63,643.67,9857994
2020-12-02 19:25:47,643.67,653.02,635.0,637.98,29461969
2020-12-03 19:25:47,637.98,645.16,630.62,640.42,20679202
2020-12-04 19:25:47,640.42,640.42,626.54,629.57,39466354
2020-12-05 19:25:47,629.57,649.17,628.28,642.12,5115050
2020-12-06 19:25:47,642.12,661.6,641.68,648.65,18831001
2020-12-07 19:25:47,648.65,649.79,635.76,638.4,3272271
2020-12-08 19:25:47,638.4,649.04,626.69,629.56,18064072
2020-12-09 19:25:47,629.56,642.38,628.49,633.52,14197159
2020-12-10 19:25:47,633.52,662.32,631.41,651.77,46957792
2020-12-11 19:25:47,651.77,676.9,646.26,665.66,2829243
2020-12-12 19:25:47,665.66,666.49,645.83,647.75,11951506
2020-12-13 19:25:47,647.75,660.46,637.61,646.18,38203714
2020-12-14 19:25:47,646.18,664.52,641.08,657.96,31570344
2020-12-15 19:25:47,657.96,663.44,650.14,657.67,13016485
2020-12-16 19:25:47,657.67,662.73,648.38,654.81,44400248
2020-12-17 19:25:47,654.81,663.6,651.93,655.83,20715568
2020-12-18 19:25:47,655.83,663.96,644.88,654.99,17723103
2020-12-19 19:25:47,654.99,672.88,643.62,660.36,3209083
2020-12-20 19:25:47,660.36,682.44,659.59,674.15,12440085
2020-12-21 19:25:47,674.15,693.95,664.05,688.97,2311489
2020-12-22 19:25:47,688.97,699.76,662.11,669.25,39417035
2020-12-23 19:25:47,669.25,683.07,660.08,672.41,12932348
2020-12-24 19:25:47,672.41,687.92,659.89,681.1,2422377
2020-12-25 19:25:47,681.1,694.42,667.62,673.78,29952361
2020-12-26 19:25:47,673.78,698.75,669.28,691.14,16857067
2020-12-27 19:25:47,691.14,699.77,682.29,688.37,11018813
2020-12-28 19:25:47,688.37,710.26,685.0,702.38,16337243
2020-12-29 19:25:47,702.38,712.29,684.79,698.47,24626607
2020-12-30 19:25:47,698.47,712.85,685.2,703.4,22473710
2020-12-31 19:25:47,703.4,712.72,687.33,692.39,25070412
2021-01-01 19:25:47,692.39,699.37,670.15,674.8,17609860
2021-01-02 19:25:47,674.8,690.09,661.84,680.96,16798172
2021-01-03 19:25:47,680.96,694.37,676.42,679.83,37009393
2021-01-04 19:25:47,679.83,680.36,662.87,663.62,12227566
2021-01-05 19:25:47,663.62,673.38,655.36,666.72,27512865
2021-01-06 19:25:47,666.72,666.82,648.37,660.67,33974731
2021-01-07 19:25:47,660.67,662.95,647.03,658.21,16737940
2021-01-08 19:25:47,658.21,664.65,654.38,663.83,42099508
2021-01-09 19:25:47,663.83,670.42,642.55,652.82,46123923
2021-01-10 19:25:47,652.82,655.1,629.25,639.77,5477089
2021-01-11 19:25:47,639.77,662.3,629.72,656.23,8735619
2021-01-12 19:25:47,656.23,669.19,648.52,666.98,43867212
2021-01-13 19:25:47,666.98,678.01,651.49,652.68,9580256
2021-01-14 19:25:47,652.68,662.83,627.31,634.1,19847717
2021-01-15 19:25:47,634.1,653.18,633.6,646.88,46286347
2021-01-16 19:25:47,646.88,652.73,636.3,636.31,4821297
2021-01-17 19:25:47,636.31,640.28,626.47,626.59,37107051
2021-01-18 19:25:47,626.59,642.07,619.35,635.83,11151083
2021-01-19 19:25:47,635.83,640.41,616.64,624.13,31412519
2021-01-20 19:25:47,624.13,639.58,618.84,634.72,5393433
2021-01-21 19:25:47,634.72,635.13,621.2,633.07,44700821
2021-01-22 19:25:47,633.07,635.08,610.96,615.2,8137876
2021-01-23 19:25:47,615.2,616.33,601.35,608.94,34346193
2021-01-24 19:25:47,608.94,619.73,600.9,602.71,5752917
2021-01-25 19:25:47,602.71,618.72,591.52,613.65,14793095
2021-01-26 19:25:47,613.65,614.73,595.87,598.11,24472295
2021-01-27 19:25:47,598.11,610.0,577.82,587.87,47333887
2021-01-28 19:25:47,587.87,593.17,580.61,586.37,35424607
2021-01-29 19:25:47,586.37,604.92,579.68,593.62,19004098
2021-01-30 19:25:47,593.62,595.79,579.08,580.22,12519372
2021-01-31 19:25:47,580.22,591.18,554.78,565.18,19281799
2021-02-01 19:25:47,565.18,570.8,559.95,568.58,5518717
2021-02-02 19:25:47,568.58,574.38,554.21,558.9,28549503
2021-02-03 19:25:47,558.9,567.91,546.32,551.2,10734089
2021-02-04 19:25:47,551.2,562.49,542.17,555.52,38659539
2021-02-05 19:25:47,555.52,557.77,541.21,549.85,5227340
2021-02-06 19:25:47,549.85,571.9,542.2,565.61,42891392
2021-02-07 19:25:47,565.61,575.13,560.52,566.28,16111534
2021-02-08 19:25:47,566.28,566.66,561.2,562.06,46306818
2021-02-09 19:25:47,562.06,572.73,544.84,552.39,49495488
2021-02-10 19:25:47,552.39,575.33,550.39,564.16,24400889
2021-02-11 19:25:47,564.16,573.58,542.27,547.27,35707372
2021-02-12 19:25:47,547.27,571.33,540.2,561.78,12408592
2021-02-13 19:25:47,561.78,576.27,550.65,565.59,26822195
2021-02-14 19:25:47,565.59,567.62,561.84,565.84,23552423
2021-02-15 19:25:47,565.84,569.59,553.42,555.26,38172293
2021-02-16 19:25:47,555.26,564.93,549.11,554.39,25656856
2021-02-17 19:25:47,554.39,564.69,545.98,559.26,34360741
2021-02-18 19:25:47,559.26,576.02,559.05,574.21,43298659
2021-02-19 19:25:47,574.21,577.38,567.26,568.58,25204849
2021-02-20 19:25:47,568.58,577.05,558.9,573.84,14021299
2021-02-21 19:25:47,573.84,580.32,564.16,568.81,12196868
2021-02-22 19:25:47,568.81,572.75,556.57,562.1,28498449
2021-02-23 19:25:47,562.1,564.6,551.08,552.6,41309180
2021-02-24 19:25:47,552.6,566.6,546.92,557.55,18781671
2021-02-25 19:25:47,557.55,576.83,552.49,567.25,6026535
2021-02-26 19:25:47,567.25,573.77,561.3,569.46,49166601
2021-02-27 19:25:47,569.46,580.31,564.09,577.93,23440070
2021-02-28 19:25:47,577.93,601.3,567.42,590.23,14991145
2021-03-01 19:25:47,590.23,595.85,583.99,586.27,33420058
2021-03-02 19:25:47,586.27,602.54,577.77,599.9,34384284
2021-03-03 19:25:47,599.9,618.46,599.14,611.56,16977894
2021-03-04 19:25:47,611.56,622.68,602.52,619.15,8718739
2021-03-05 19:25:47,619.15,623.67,605.39,612.63,15741382
2021-03-06 19:25:47,612.63,615.33,601.37,601.84,31173761
2021-03-07 19:25:47,601.84,611.38,581.21,591.23,33326207
2021-03-08 19:25:47,591.23,591.28,584.93,590.28,9948655
2021-03-09 19:25:47,590.28,604.24,581.54,599.69,47075298
2021-03-10 19:25:47,599.69,611.4,593.07,602.12,34943260
2021-03-11 19:25:47,602.12,619.07,600.75,609.53,25769085
2021-03-12 19:25:47,609.53,614.76,598.0,599.41,19226587
2021-03-13 19:25:47,599.41,602.77,591.1,600.39,35359012
2021-03-14 19:25:47,600.39,612.57,589.04,602.45,8374286
2021-03-15 19:25:47,602.45,611.9,597.45,600.7,9062519
2021-03-16 19:25:47,600.7,608.38,587.87,589.25,12716863
2021-03-17 19:25:47,589.25,595.02,583.02,583.33,28586652
2021-03-18 19:25:47,583.33,588.08,571.36,582.66,46991663
2021-03-19 19:25:47,582.66,586.73,577.25,581.55,28076219
2021-03-20 19:25:47,581.55,600.35,572.24,592.67,44550193
2021-03-21 19:25:47,592.67,600.32,579.65,583.23,3240722
2021-03-22 19:25:47,583.23,600.88,579.77,600.73,47953104
2021-03-23 19:25:47,600.73,606.75,579.29,589.7,37773999
2021-03-24 19:25:47,589.7,598.72,579.34,595.99,13352371
2021-03-25 19:25:47,595.99,604.59,578.7,582.28,33497442
2021-03-26 19:25:47,582.28,584.67,569.91,570.63,31984889
2021-03-27 19:25:47,570.63,589.52,562.82,585.11,8820210
2021-03-28 19:25:47,585.11,600.99,575.13,595.36,25480254
2021-03-29 19:25:47,595.36,617.83,588.31,611.18,29839908
2021-03-30 19:25:47,611.18,627.5,604.94,625.87,35111436
2021-03-31 19:25:47,625.87,638.2,624.13,628.69,33124015
2021-04-01 19:25:47,628.69,648.2,626.91,642.24,37882946
2021-04-02 19:25:47,642.24,648.18,623.0,631.9,31657520
2021-04-03 19:25:47,631.9,640.91,620.47,622.12,44291823
2021-04-04 19:25:47,622.12,624.7,610.33,611.29,22950023
2021-04-05 19:25:47,611.29,618.04,592.09,593.67,16486917
2021-04-06 19:25:47,593.67,611.19,582.14,607.6,27565849
2021-04-07 19:25:47,607.6,614.55,596.27,601.85,6943308
2021-04-08 19:25:47,601.85,603.31,589.39,597.99,11858768
2021-04-09 19:25:47,597.99,603.15,593.71,600.25,29217170
2021-04-10 19:25:47,600.25,607.33,585.53,592.41,22090522
2021-04-11 19:25:47,592.41,599.65,575.18,577.11,31750343
2021-04-12 19:25:47,577.11,598.97,571.58,588.2,47429125
2021-04-13 19:25:47,588.2,597.97,566.35,572.21,8963477
2021-04-14 19:25:47,572.21,582.3,566.46,574.48,34770784
2021-04-15 19:25:47,574.48,577.79,561.55,567.92,25330678
2021-04-16 19:25:47,567.92,573.51,556.23,561.01,49188876
2021-04-17 19:25:47,561.01,561.85,543.93,552.87,11896546
2021-04-18 19:25:47,552.87,561.69,549.22,554.86,48856471
2021-04-19 19:25:47,554.86,560.92,548.54,556.52,14771063
2021-04-20 19:25:47,556.52,566.17,545.01,545.26,31513972
2021-04-21 19:25:47,545.26,545.3,533.2,542.61,18433521
2021-04-22 19:25:47,542.61,551.19,521.11,528.47,49931397
2021-04-23 19:25:47,528.47,537.53,509.89,516.4,21794211
2021-04-24 19:25:47,516.4,523.17,514.79,515.69,19497304
2021-04-25 19:25:47,515.69,525.7,509.32,517.7,47362869
2021-04-26 19:25:47,517.7,531.04,509.08,524.56,9199008
2021-04-27 19:25:47,524.56,529.97,514.78,526.55,3927845
2021-04-28 19:25:47,526.55,534.33,523.6,533.72,49485918
2021-04-29 19:25:47,533.72,533.81,527.1,533.06,6460033
2021-04-30 19:25:47,533.06,536.83,519.36,529.86,48943899
2021-05-01 19:25:47,529.86,545.93,527.49,538.09,16635365
2021-05-02 19:25:47,538.09,542.98,528.11,538.21,9453796
2021-05-03 19:25:47,538.21,545.46,520.42,528.36,5911074
2021-05-04 19:25:47,528.36,534.0,517.93,533.52,26887569
2021-05-05 19:25:47,533.52,550.26,526.48,545.1,39181855
2021-05-06 19:25:47,545.1,555.37,540.32,544.22,32386211
2021-05-07 19:25:47,544.22,557.77,538.13,550.66,14959284
2021-05-08 19:25:47,550.66,568.89,546.87,564.65,14987544
2021-05-09 19:25:47,564.65,568.14,544.71,550.52,30423425
2021-05-10 19:25:47,550.52,551.05,528.42,534.59,8042623
2021-05-11 19:25:47,534.59,545.04,517.09,523.73,27163470
2021-05-12 19:25:47,523.73,529.73,520.18,525.88,49533651
2021-05-13 19:25:47,525.88,533.16,512.21,515.53,15316101
2021-05-14 19:25:47,515.53,518.56,498.18,500.16,37021346
2021-05-15 19:25:47,500.16,505.84,493.92,497.35,7772136
2021-05-16 19:25:47,497.35,506.09,488.32,491.88,24735621
2021-05-17 19:25:47,491.88,494.21,478.69,486.34,32616372
2021-05-18 19:25:47,486.34,493.82,476.89,481.67,31969959
2021-05-19 19:25:47,481.67,489.57,480.18,488.99,10589465
2021-05-20 19:25:47,488.99,497.98,482.69,490.52,39531129
2021-05-21 19:25:47,490.52,499.9,489.67,491.59,34237969
2021-05-22 19:25:47,491.59,506.59,486.51,501.78,10163543
2021-05-23 19:25:47,501.78,509.38,495.93,505.19,29487205
2021-05-24 19:25:47,505.19,505.76,492.73,493.03,37168791
2021-05-25 19:25:47,493.03,500.2,472.67,481.94,41029643
2021-05-26 19:25:47,481.94,492.44,474.76,484.11,6412038
2021-05-27 19:25:47,484.11,504.52,481.63,494.8,23152384
2021-05-28 19:25:47,494.8,510.24,485.39,500.37,42597059
2021-05-29 19:25:47,500.37,505.93,488.81,496.25,23450300
2021-05-30 19:25:47,496.25,504.71,478.42,483.94,49442708
2021-05-31 19:25:47,483.94,494.67,483.89,486.48,11588583
2021-06-01 19:25:47,486.48,488.91,473.59,481.24,9053662
2021-06-02 19:25:47,481.24,485.92,471.23,477.88,21525817
2021-06-03 19:25:47,477.88,487.54,468.8,485.49,41992801
2021-06-04 19:25:47,485.49,500.68,478.18,496.42,32065651
2021-06-05 19:25:47,496.42,510.38,491.88,505.29,7140898
2021-06-06 19:25:47,505.29,517.46,502.72,516.78,26789558
2021-06-07 19:25:47,516.78,523.44,503.08,512.85,6049287
2021-06-08 19:25:47,512.85,529.86,510.06,520.73,15487960
2021-06-09 19:25:47,520.73,529.6,517.1,524.12,30851303
2021-06-10 19:25:47,524.12,543.43,518.71,539.62,39854474
2021-06-11 19:25:47,539.62,543.64,538.58,540.77,19868187
2021-06-12 19:25:47,540.77,559.26,533.51,554.7,6027000
2021-06-13 19:25:47,554.7,562.45,539.83,549.93,12282018
2021-06-14 19:25:47,549.93,552.61,537.29,547.98,46243368
2021-06-15 19:25:47,547.98,569.86,539.07,559.38,27237675
2021-06-16 19:25:47,559.38,578.74,553.0,571.8,2172551
2021-06-17 19:25:47,571.8,585.27,565.32,577.37,4028086
2021-06-18 19:25:47,577.37,583.55,558.94,563.82,36429662
2021-06-19 19:25:47,563.82,581.4,559.66,577.22,37600854
2021-06-20 19:25:47,577.22,583.37,567.01,568.19,49390643
2021-06-21 19:25:47,568.19,569.31,546.21,553.17,30410897
2021-06-22 19:25:47,553.17,555.08,537.79,548.27,9455262
2021-06-23 19:25:47,548.27,551.67,526.07,533.91,45486532
2021-06-24 19:25:47,533.91,535.69,527.46,529.73,32554175
2021-06-25 19:25:47,529.73,536.85,505.18,514.16,16903973
2021-06-26 19:25:47,514.16,516.03,513.52,515.75,20306815
2021-06-27 19:25:47,515.75,524.68,496.19,501.2,24115649
2021-06-28 19:25:47,501.2,506.69,486.31,494.8,27731077
2021-06-29 19:25:47,494.8,509.76,490.18,505.6,7785379
2021-06-30 19:25:47,505.6,517.98,496.75,507.95,23403567
2021-07-01 19:25:47,507.95,516.05,491.95,494.05,43657426
2021-07-02 19:25:47,494.05,497.64,477.64,483.28,23479534
2021-07-03 19:25:47,483.28,496.49,478.27,496.43,25118015
2021-07-04 19:25:47,496.43,516.82,496.28,509.71,40133154
2021-07-05 19:25:47,509.71,514.26,500.26,509.04,37297446
2021-07-06 19:25:47,509.04,528.94,503.89,520.0,45821598
2021-07-07 19:25:47,520.0,522.37,512.51,520.9,21193412
2021-07-08 19:25:47,520.9,528.92,514.7,528.14,2069725
2021-07-09 19:25:47,528.14,530.47,518.02,529.86,11532664
2021-07-10 19:25:47,529.86,530.24,516.98,519.55,7493860
2021-07-11 19:25:47,519.55,524.63,509.34,514.04,17195350
2021-07-12 19:25:47,514.04,533.63,507.74,527.4,39591308
2021-07-13 19:25:47,527.4,537.65,511.08,513.26,24386650
2021-07-14 19:25:47,513.26,520.84,492.29,497.91,40887169
2021-07-15 19:25:47,497.91,500.39,476.4,484.36,22295076
2021-07-16 19:25:47,484.36,488.76,464.59,472.16,49700387
2021-07-17 19:25:47,472.16,494.39,469.71,485.32,12275204
2021-07-18 19:25:47,485.32,495.14,478.9,491.92,37118723
2021-07-19 19:25:47,491.92,494.76,474.83,484.24,13854010
2021-07-20 19:25:47,484.24,496.1,477.52,486.83,37288439
2021-07-21 19:25:47,486.83,496.13,478.46,483.81,42282860
2021-07-22 19:25:47,483.81,484.26,473.47,482.52,32812077
2021-07-23 19:25:47,482.52,491.19,469.55,473.36,42670685
2021-07-24 19:25:47,473.36,486.27,470.16,482.68,48050776
2021-07-25 19:25:47,482.68,483.58,465.8,474.82,38670420
2021-07-26 19:25:47,474.82,483.23,470.88,481.34,18126996
2021-07-27 19:25:47,481.34,492.94,476.5,487.04,44036899
2021-07-28 19:25:47,487.04,491.81,480.57,482.54,14164912
2021-07-29 19:25:47,482.54,487.94,474.15,483.59,47070068
2021-07-30 19:25:47,483.59,487.09,465.44,473.34,47951138
2021-07-31 19:25:47,473.34,477.22,461.0,467.6,7561050
2021-08-01 19:25:47,467.6,483.9,467.54,480.36,12612641
2021-08-02 19:25:47,480.36,489.59,459.98,467.22,24188815
2021-08-03 19:25:47,467.22,476.51,455.42,458.27,46784039
2021-08-04 19:25:47,458.27,467.4,438.8,447.74,16142791
2021-08-05 19:25:47,447.74,457.45,443.73,452.41,25400285
2021-08-06 19:25:47,452.41,452.59,444.9,446.3,23681120
2021-08-07 19:25:47,446.3,451.92,433.6,437.45,45657552
2021-08-08 19:25:47,437.45,448.3,430.77,440.13,25657610
2021-08-09 19:25:47,440.13,441.58,424.06,432.17,47622753
2021-08-10 19:25:47,432.17,433.83,425.64,431.64,4365113
2021-08-11 19:25:47,431.64,445.96,429.75,441.89,38694027
2021-08-12 19:25:47,441.89,443.87,432.71,439.58,26808638
2021-08-13 19:25:47,439.58,458.66,436.69,452.76,42882129
2021-08-14 19:25:47,452.76,464.0,444.88,462.46,13694371
2021-08-15 19:25:47,462.46,471.12,456.09,456.11,25985921
2021-08-16 19:25:47,456.11,463.24,440.72,442.53,30964954
2021-08-17 19:25:47,442.53,448.36,430.3,435.58,29573748
2021-08-18 19:25:47,435.58,441.42,418.52,425.74,20504554
2021-08-19 19:25:47,425.74,428.96,418.5,424.04,5600947
2021-08-20 19:25:47,424.04,431.77,410.1,416.21,3855457
2021-08-21 19:25:47,416.21,429.17,408.13,426.79,43715916
2021-08-22 19:25:47,426.79,433.28,410.65,418.65,39144634
2021-08-23 19:25:47,418.65,422.46,417.06,417.3,47450833
2021-08-24 19:25:47,417.3,427.93,409.03,423.98,33742988
2021-08-25 19:25:47,423.98,424.04,410.87,411.81,1011458
2021-08-26 19:25:47,411.81,423.53,404.18,417.89,24629887
2021-08-27 19:25:47,417.89,426.67,416.45,423.89,16211002
2021-08-28 19:25:47,423.89,430.91,418.16,427.69,39493140
2021-08-29 19:25:47,427.69,427.76,407.77,415.86,2113831
2021-08-30 19:25:47,415.86,431.7,412.01,426.63,6065315
2021-08-31 19:25:47,426.63,446.08,423.51,438.88,23216791
2021-09-01 19:25:47,438.88,446.01,433.3,433.61,25232971
2021-09-02 19:25:47,433.61,454.19,433.11,445.46,5737305
2021-09-03 19:25:47,445.46,445.58,430.67,436.01,39023256
2021-09-04 19:25:47,436.01,438.56,425.66,426.93,46350903
2021-09-05 19:25:47,426.93,435.64,423.08,433.41,20993673
2021-09-06 19:25:47,433.41,440.74,425.92,432.49,22286503
2021-09-07 19:25:47,432.49,434.88,426.53,430.58,15055208
2021-09-08 19:25:47,430.58,434.57,426.26,433.95,34247808
2021-09-09 19:25:47,433.95,437.09,421.24,426.67,19817296
2021-09-10 19:25:47,426.67,437.57,422.68,436.05,22698257
2021-09-11 19:25:47,436.05,443.72,424.69,426.37,37175789
2021-09-12 19:25:47,426.37,427.35,416.39,423.94,30828398
2021-09-13 19:25:47,423.94,431.25,421.95,427.3,18633312
2021-09-14 19:25:47,427.3,428.02,417.93,419.54,34498033
2021-09-15 19:25:47,419.54,423.34,404.71,409.74,4495779
2021-09-16 19:25:47,409.74,415.82,400.39,407.16,38163099
2021-09-17 19:25:47,407.16,415.08,400.96,409.83,47100597
2021-09-18 19:25:47,409.83,428.52,409.75,421.75,31116972
2021-09-19 19:25:47,421.75,425.75,411.18,412.13,1122401
2021-09-20 19:25:47,412.13,424.4,408.49,421.31,30300892
2021-09-21 19:25:47,421.31,424.07,409.32,410.17,37212959
2021-09-22 19:25:47,410.17,416.8,398.5,406.02,31751222
2021-09-23 19:25:47,406.02,407.19,400.26,405.26,2628366
2021-09-24 19:25:47,405.26,412.84,399.3,409.86,5796025
2021-09-25 19:25:47,409.86,415.73,406.58,408.44,22273177
2021-09-26 19:25:47,408.44,418.4,405.85,413.42,33321150
2021-09-27 19:25:47,413.42,417.45,405.51,416.11,4997493
2021-09-28 19:25:47,416.11,418.89,400.12,405.84,38052633
2021-09-29 19:25:47,405.84,411.89,394.72,399.64,16060247
2021-09-30 19:25:47,399.64,401.7,393.71,394.88,45897938
2021-10-01 19:25:47,394.88,401.76,384.93,386.45,12132123
2021-10-02 19:25:47,386.45,399.86,384.93,392.44,21486369
2021-10-03 19:25:47,392.44,396.26,387.39,387.95,39065209
2021-10-04 19:25:47,387.95,398.55,387.43,391.28,4532056
2021-10-05 19:25:47,391.28,396.31,378.32,383.1,23605772
2021-10-06 19:25:47,383.1,389.48,381.4,388.72,35947941
2021-10-07 19:25:47,388.72,399.76,388.4,395.03,3602466
2021-10-08 19:25:47,395.03,410.42,392.07,405.56,41076708
2021-10-09 19:25:47,405.56,414.07,404.98,410.45,7970341
2021-10-10 19:25:47,410.45,423.75,405.65,419.7,20947495
2021-10-11 19:25:47,419.7,432.35,417.35,424.24,36211582
2021-10-12 19:25:47,424.24,434.89,418.5,428.18,16594893
2021-10-13 19:25:47,428.18,432.04,425.09,431.74,35196759
2021-10-14 19:25:47,431.74,435.09,417.58,420.13,17240957
2021-10-15 19:25:47,420.13,430.04,417.94,426.89,13684082
2021-10-16 19:25:47,426.89,431.34,416.44,417.21,15158885
2021-10-17 19:25:47,417.21,432.52,410.3,424.81,40378829
2021-10-18 19:25:47,424.81,425.52,406.65,414.61,43413909
2021-10-19 19:25:47,414.61,420.93,405.54,405.55,16906139
2021-10-20 19:25:47,405.55,419.99,404.76,414.47,25769014
2021-10-21 19:25:47,414.47,415.19,405.23,408.8,46535116
2021-10-22 19:25:47,408.8,414.47,403.41,412.25,7064104
2021-10-23 19:25:47,412.25,413.61,402.23,405.78,7008678
2021-10-24 19:25:47,405.78,417.54,399.04,413.59,8361955
2021-10-25 19:25:47,413.59,421.87,413.4,415.91,46346125
2021-10-26 19:25:47,415.91,427.22,410.4,425.66,11877354
2021-10-27 19:25:47,425.66,429.85,414.3,419.99,20094607
2021-10-28 19:25:47,419.99,426.09,409.18,415.82,36671645
2021-10-29 19:25:47,415.82,432.79,415.22,426.98,22875927
2021-10-30 19:25:47,426.98,441.57,420.88,435.48,25803167
2021-10-31 19:25:47,435.48,441.34,422.69,430.76,47025039
2021-11-01 19:25:47,430.76,433.36,423.01,425.8,20682360
2021-11-02 19:25:47,425.8,433.84,410.65,418.74,31240091
2021-11-03 19:25:47,418.74,431.96,411.94,426.59,40816903
2021-11-04 19:25:47,426.59,433.01,413.39,420.76,25801406
2021-11-05 19:25:47,420.76,423.22,418.11,422.24,49656368
2021-11-06 19:25:47,422.24,435.15,422.06,430.89,18364202
2021-11-07 19:25:47,430.89,435.73,425.49,431.61,44424801
2021-11-08 19:25:47,431.61,445.02,423.58,441.68,42746871
2021-11-09 19:25:47,441.68,443.96,428.9,434.45,29878701
2021-11-10 19:25:47,434.45,446.34,431.69,443.28,13295483
2021-11-11 19:25:47,443.28,457.3,437.55,453.35,36925333
2021-11-12 19:25:47,453.35,461.24,446.04,447.78,26784907
2021-11-13 19:25:47,447.78,452.61,429.28,435.89,27185872
2021-11-14 19:25:47,435.89,440.93,426.0,431.18,44042607
2021-11-15 19:25:47,431.18,434.57,421.87,425.54,19666136
2021-11-16 19:25:47,425.54,436.68,421.46,435.99,20358526
2021-11-17 19:25:47,435.99,440.99,430.81,435.29,15956294
2021-11-18 19:25:47,435.29,443.52,423.77,426.76,41904246
2021-11-19 19:25:47,426.76,435.12,418.76,431.57,25912904
2021-11-20 19:25:47,431.57,434.46,417.02,424.08,24268500
2021-11-21 19:25:47,424.08,437.51,418.96,432.7,5402012
2021-11-22 19:25:47,432.7,436.26,424.31,433.42,39835631
2021-11-23 19:25:47,433.42,437.79,422.89,426.48,13283395
2021-11-24 19:25:47,426.48,434.37,415.29,423.7,37343323
2021-11-25 19:25:47,423.7,429.54,411.07,416.98,21672043
2021-11-26 19:25:47,416.98,418.55,408.48,412.6,24390754
2021-11-27 19:25:47,412.6,427.07,411.71,419.39,30826469
2021-11-28 19:25:47,419.39,425.68,409.0,412.62,38424007
2021-11-29 19:25:47,412.62,415.97,407.68,407.95,49744027
2021-11-30 19:25:47,407.95,415.44,401.31,408.02,46629561
2021-12-01 19:25:47,408.02,416.99,404.01,413.85,1105001
2021-12-02 19:25:47,413.85,417.18,405.51,408.85,10822878
2021-12-03 19:25:47,408.85,409.25,397.86,399.24,26820567
2021-12-04 19:25:47,399.24,410.94,395.0,410.05,35643864
2021-12-05 19:25:47,410.05,415.32,407.95,412.06,28845502
2021-12-06 19:25:47,412.06,420.92,404.4,419.65,25291557
2021-12-07 19:25:47,419.65,426.69,415.61,418.42,28223000
2021-12-08 19:25:47,418.42,434.9,411.21,430.8,35224926
2021-12-09 19:25:47,430.8,447.56,429.04,441.61,17245681
2021-12-10 19:25:47,441.61,455.59,440.43,453.99,25546422
2021-12-11 19:25:47,453.99,471.26,447.92,462.93,4191311
2021-12-12 19:25:47,462.93,478.26,456.88,476.54,32330451
2021-12-13 19:25:47,476.54,485.09,471.78,472.02,36584770
2021-12-14 19:25:47,472.02,491.78,464.71,483.15,16134176
2021-12-15 19:25:47,483.15,497.61,475.41,491.3,35744663
2021-12-16 19:25:47,491.3,493.01,483.76,488.93,46311992
2021-12-17 19:25:47,488.93,496.15,477.68,481.61,8530194
2021-12-18 19:25:47,481.61,497.49,479.21,495.17,43919953
2021-12-19 19:25:47,495.17,506.6,488.69,498.71,26541656
2021-12-20 19:25:47,498.71,508.9,498.56,498.92,14295997
2021-12-21 19:25:47,498.92,501.63,490.55,493.91,3899649
2021-12-22 19:25:47,493.91,503.12,474.2,483.13,28065617
2021-12-23 19:25:47,483.13,488.03,471.76,474.19,19833059
2021-12-24 19:25:47,474.19,475.0,459.1,461.18,10851263
2021-12-25 19:25:47,461.18,469.39,455.24,468.21,7584556
2021-12-26 19:25:47,468.21,483.64,464.48,481.95,19049166
2021-12-27 19:25:47,481.95,493.79,481.2,491.39,10833722
2021-12-28 19:25:47,491.39,502.17,491.31,497.5,5268820
2021-12-29 19:25:47,497.5,506.16,492.48,501.43,13479562
2021-12-30 19:25:47,501.43,520.47,498.39,510.42,7569034
2021-12-31 19:25:47,510.42,522.57,503.93,519.49,47399580
2022-01-01 19:25:47,519.49,525.91,517.29,525.48,42131234
2022-01-02 19:25:47,525.48,545.02,517.23,535.01,42386700
2022-01-03 19:25:47,535.01,540.97,520.93,528.08,23842373
2022-01-04 19:25:47,528.08,537.8,516.79,521.17,31266633
2022-01-05 19:25:47,521.17,535.77,514.76,532.17,26534021
2022-01-06 19:25:47,532.17,545.25,532.11,541.8,1234669
2022-01-07 19:25:47,541.8,551.08,526.8,533.33,24268231
2022-01-08 19:25:47,533.33,545.58,528.98,535.7,36566700
2022-01-09 19:25:47,535.7,550.67,533.41,548.25,1988918
2022-01-10 19:25:47,548.25,566.05,539.15,558.0,3785611
2022-01-11 19:25:47,558.0,566.41,542.54,544.8,23420835
2022-01-12 19:25:47,544.8,559.84,539.44,559.77,34815904
2022-01-13 19:25:47,559.77,565.37,538.62,546.36,14838456
2022-01-14 19:25:47,546.36,559.82,546.3,556.58,2043884
2022-01-15 19:25:47,556.58,576.77,546.58,569.44,33914566
2022-01-16 19:25:47,569.44,583.75,558.39,582.53,48530463
2022-01-17 19:25:47,582.53,593.39,565.91,571.2,43562112
2022-01-18 19:25:47,571.2,575.29,563.52,573.1,34498019
2022-01-19 19:25:47,573.1,583.2,563.52,566.84,12520033
2022-01-20 19:25:47,566.84,576.71,558.86,573.65,40616802
2022-01-21 19:25:47,573.65,583.97,567.64,580.73,18691917
2022-01-22 19:25:47,580.73,590.31,564.18,566.79,16351044
2022-01-23 19:25:47,566.79,572.06,548.36,551.47,29196334
2022-01-24 19:25:47,551.47,557.26,538.11,545.63,6528677
2022-01-25 19:25:47,545.63,555.73,544.25,548.12,15891329
2022-01-26 19:25:47,548.12,568.34,539.49,563.61,22440995
2022-01-27 19:25:47,563.61,581.99,556.78,579.47,18808626
2022-01-28 19:25:47,579.47,592.08,577.32,590.18,49065686
2022-01-29 19:25:47,590.18,604.46,589.69,595.25,38685796
2022-01-30 19:25:47,595.25,613.4,591.69,610.82,5764703
2022-01-31 19:25:47,610.82,631.27,607.67,624.84,9603439
2022-02-01 19:25:47,624.84,635.02,616.67,633.48,18677984
2022-02-02 19:25:47,633.48,637.75,609.6,616.48,17880583
2022-02-03 19:25:47,616.48,635.26,610.41,634.11,20854628
2022-02-04 19:25:47,634.11,640.97,617.02,618.3,26692348
2022-02-05 19:25:47,618.3,621.77,604.42,610.6,38913122
2022-02-06 19:25:47,610.6,629.48,609.47,622.26,26420464
2022-02-07 19:25:47,622.26,632.62,610.7,626.47,10907394
2022-02-08 19:25:47,626.47,628.66,612.61,622.42,14024649
2022-02-09 19:25:47,622.42,627.3,615.06,623.82,44875044
2022-02-10 19:25:47,623.82,629.63,607.59,618.06,47314969
2022-02-11 19:25:47,618.06,627.84,608.17,624.97,44453119
2022-02-12 19:25:47,624.97,628.72,612.6,624.38,18400685
2022-02-13 19:25:47,624.38,634.7,610.6,621.15,24990371
2022-02-14 19:25:47,621.15,637.1,608.85,633.81,12514696
2022-02-15 19:25:47,633.81,643.71,628.66,639.4,16496037
2022-02-16 19:25:47,639.4,646.16,614.2,624.94,10315393
2022-02-17 19:25:47,624.94,632.74,614.15,627.39,47661079
2022-02-18 19:25:47,627.39,635.01,617.77,620.12,48911959
2022-02-19 19:25:47,620.12,625.51,613.37,623.28,36835551
2022-02-20 19:25:47,623.28,644.62,612.7,632.97,41575157
2022-02-21 19:25:47,632.97,638.5,629.37,634.32,44452907
2022-02-22 19:25:47,634.32,642.39,622.68,624.31,19668606
2022-02-23 19:25:47,624.31,626.96,606.69,611.0,32479196
2022-02-24 19:25:47,611.0,620.96,593.92,603.34,35243706
2022-02-25 19:25:47,603.34,625.87,593.77,613.8,40961852
2022-02-26 19:25:47,613.8,634.88,610.27,622.96,47915011
2022-02-27 19:25:47,622.96,634.36,614.63,630.06,24934208
2022-02-28 19:25:47,630.06,655.09,625.85,644.89,23776000
2022-03-01 19:25:47,644.89,645.74,619.95,629.84,6956470
2022-03-02 19:25:47,629.84,637.25,610.17,615.61,17259724
2022-03-03 19:25:47,615.61,617.07,600.09,603.56,41817574
2022-03-04 19:25:47,603.56,609.11,599.5,607.4,3381819
2022-03-05 19:25:47,607.4,614.07,597.75,608.42,25244445
2022-03-06 19:25:47,608.42,631.16,607.74,621.87,45462402
2022-03-07 19:25:47,621.87,622.15,596.63,605.55,48230626
2022-03-08 19:25:47,605.55,619.11,604.75,615.37,30729295
2022-03-09 19:25:47,615.37,634.81,610.14,633.08,45158234
2022-03-10 19:25:47,633.08,661.9,626.09,649.43,4167347
2022-03-11 19:25:47,649.43,661.7,641.99,661.32,5717786
2022-03-12 19:25:47,661.32,663.28,629.71,642.14,21976901
2022-03-13 19:25:47,642.14,652.12,625.46,633.01,49126099
2022-03-14 19:25:47,633.01,646.33,627.04,634.27,19837353
2022-03-15 19:25:47,634.27,658.18,624.99,651.81,32738302
2022-03-16 19:25:47,651.81,663.86,641.83,642.06,1595043
2022-03-17 19:25:47,642.06,650.4,621.26,628.24,21337440
2022-03-18 19:25:47,628.24,645.58,622.09,645.37,17374165
2022-03-19 19:25:47,645.37,653.21,635.74,640.31,24174227
2022-03-20 19:25:47,640.31,646.91,629.29,637.57,30441301
2022-03-21 19:25:47,637.57,645.93,632.31,642.6,12319103
2022-03-22 19:25:47,642.6,656.65,635.87,655.13,45464011
2022-03-23 19:25:47,655.13,674.73,647.47,674.07,30919558
2022-03-24 19:25:47,674.07,687.39,659.1,663.07,44318744
2022-03-25 19:25:47,663.07,671.27,657.91,659.31,29522402
2022-03-26 19:25:47,659.31,661.82,648.14,656.07,35733127
2022-03-27 19:25:47,656.07,673.38,649.66,665.37,18301734
2022-03-28 19:25:47,665.37,674.12,648.39,656.65,46641893
2022-03-29 19:25:47,656.65,659.28,648.06,657.54,45742050
2022-03-30 19:25:47,657.54,672.54,646.82,669.68,27283192
2022-03-31 19:25:47,669.68,695.88,667.97,689.63,37331770
2022-04-01 19:25:47,689.63,701.76,683.62,687.5,37477386
2022-04-02 19:25:47,687.5,698.45,682.41,693.03,1216007
2022-04-03 19:25:47,693.03,719.85,681.64,706.32,15407894
2022-04-04 19:25:47,706.32,727.71,702.04,725.95,13718744
2022-04-05 19:25:47,725.95,757.76,717.37,746.75,32679438
2022-04-06 19:25:47,746.75,760.47,727.04,730.64,16870826
2022-04-07 19:25:47,730.64,733.98,714.27,727.79,26653169
2022-04-08 19:25:47,727.79,756.57,719.96,743.08,7473651
2022-04-09 19:25:47,743.08,743.55,727.97,737.79,17655556
2022-04-10 19:25:47,737.79,743.53,736.44,740.46,17374444
2022-04-11 19:25:47,740.46,749.51,727.02,728.74,47935765
2022-04-12 19:25:47,728.74,754.87,718.68,743.57,39444115
2022-04-13 19:25:47,743.57,764.16,737.52,753.31,7554415
2022-04-14 19:25:47,753.31,755.12,730.47,738.53,42417335
2022-04-15 19:25:47,738.53,747.09,728.71,729.61,4063372
2022-04-16 19:25:47,729.61,733.53,728.43,731.46,4631186
2022-04-17 19:25:47,731.46,735.12,720.66,730.84,5948074
2022-04-18 19:25:47,730.84,758.82,728.79,748.89,38689473
2022-04-19 19:25:47,748.89,759.84,746.93,750.27,41433367
2022-04-20 19:25:47,750.27,767.02,746.44,756.85,3214681
2022-04-21 19:25:47,756.85,777.29,746.16,765.71,40793087
2022-04-22 19:25:47,765.71,774.55,747.11,761.7,8368572
2022-04-23 19:25:47,761.7,764.85,739.26,754.29,2702626
2022-04-24 19:25:47,754.29,781.33,744.56,766.68,8412743
2022-04-25 19:25:47,766.68,786.47,760.73,781.28,12829322
2022-04-26 19:25:47,781.28,788.6,771.66,787.27,25948391
2022-04-27 19:25:47,787.27,813.03,777.94,805.24,41738237
2022-04-28 19:25:47,805.24,820.24,800.04,812.76,34720770
2022-04-29 19:25:47,812.76,821.14,801.68,805.97,45560041
2022-04-30 19:25:47,805.97,838.74,802.82,829.72,25318557
2022-05-01 19:25:47,829.72,844.25,809.68,814.41,26308932
2022-05-02 19:25:47,814.41,837.3,806.85,831.33,25150004
2022-05-03 19:25:47,831.33,832.66,806.29,813.5,19982199
2022-05-04 19:25:47,813.5,828.77,806.37,815.8,7149292
2022-05-05 19:25:47,815.8,816.26,797.12,810.09,45240781
2022-05-06 19:25:47,810.09,820.02,798.9,803.77,29784547
2022-05-07 19:25:47,803.77,829.68,791.84,816.88,45229909
2022-05-08 19:25:47,816.88,822.67,786.27,801.76,41922560
2022-05-09 19:25:47,801.76,814.26,791.02,793.77,22235105
2022-05-10 19:25:47,793.77,808.24,765.2,774.03,45803123
2022-05-11 19:25:47,774.03,780.72,754.35,759.44,35874936
2022-05-12 19:25:47,759.44,768.63,735.5,749.54,48718006
2022-05-13 19:25:47,749.54,754.18,729.51,744.14,18388025
2022-05-14 19:25:47,744.14,750.7,723.98,725.0,47505571
2022-05-15 19:25:47,725.0,743.72,713.21,743.52,35030934
2022-05-16 19:25:47,743.52,751.14,739.7,741.0,35663157
2022-05-17 19:25:47,741.0,755.45,726.12,734.75,8088766
2022-05-18 19:25:47,734.75,762.0,722.29,754.67,38577878
2022-05-19 19:25:47,754.67,757.76,748.12,756.11,44835906
2022-05-20 19:25:47,756.11,782.81,755.83,776.41,41546619
2022-05-21 19:25:47,776.41,788.53,760.65,772.71,29785320
2022-05-22 19:25:47,772.71,782.2,764.09,771.12,8842129
2022-05-23 19:25:47,771.12,778.87,767.65,775.86,44089371
2022-05-24 19:25:47,775.86,799.9,773.74,790.96,16288531
2022-05-25 19:25:47,790.96,796.08,761.75,767.66,43128491
2022-05-26 19:25:47,767.66,795.39,762.38,782.14,28650988
2022-05-27 19:25:47,782.14,794.0,771.92,793.7,43645254
2022-05-28 19:25:47,793.7,809.04,773.37,782.51,13018908
2022-05-29 19:25:47,782.51,786.07,758.97,765.24,8710982
2022-05-30 19:25:47,765.24,784.04,756.4,783.51,49911471
2022-05-31 19:25:47,783.51,796.2,776.89,787.52,26786497
2022-06-01 19:25:47,787.52,794.33,772.69,786.28,29729054
2022-06-02 19:25:47,786.28,786.5,778.49,782.31,16437480
2022-06-03 19:25:47,782.31,783.27,751.69,760.73,12008476
2022-06-04 19:25:47,760.73,787.96,748.4,781.56,4958594
2022-06-05 19:25:47,781.56,788.5,767.83,787.48,9109371
2022-06-06 19:25:47,787.48,802.45,780.81,801.3,13673596
2022-06-07 19:25:47,801.3,807.8,767.93,780.22,43641935
2022-06-08 19:25:47,780.22,783.74,745.92,756.99,18678635
2022-06-09 19:25:47,756.99,762.88,724.46,735.01,17556859
2022-06-10 19:25:47,735.01,756.96,729.19,746.68,20255172
2022-06-11 19:25:47,746.68,759.99,730.21,730.65,41092109
2022-06-12 19:25:47,730.65,740.18,716.92,738.26,26549861
2022-06-13 19:25:47,738.26,750.21,730.25,733.24,29425576
2022-06-14 19:25:47,733.24,762.17,729.24,748.78,46473517
2022-06-15 19:25:47,748.78,757.01,724.47,732.23,15659087
2022-06-16 19:25:47,732.23,745.98,721.29,738.39,43389223
2022-06-17 19:25:47,738.39,747.22,732.31,735.46,42178187
2022-06-18 19:25:47,735.46,738.54,713.17,715.37,35341743
2022-06-19 19:25:47,715.37,716.56,703.78,712.9,11483022
2022-06-20 19:25:47,712.9,712.91,696.64,704.33,48830968
2022-06-21 19:25:47,704.33,723.63,703.82,718.5,42741185
2022-06-22 19:25:47,718.5,734.94,718.33,727.32,26506193
2022-06-23 19:25:47,727.32,741.41,702.14,713.74,11167913
2022-06-24 19:25:47,713.74,736.8,709.13,730.24,28921167
2022-06-25 19:25:47,730.24,745.88,722.56,733.66,22808091
2022-06-26 19:25:47,733.66,743.29,726.29,736.41,8075150
2022-06-27 19:25:47,736.41,747.05,719.5,722.7,14127126
2022-06-28 19:25:47,722.7,730.67,710.72,721.47,34891259
2022-06-29 19:25:47,721.47,735.23,717.42,725.1,4255943
2022-06-30 19:25:47,725.1,739.17,707.74,720.46,41046371
2022-07-01 19:25:47,720.46,742.18,716.35,738.76,33557749
2022-07-02 19:25:47,738.76,761.85,732.9,752.26,42865469
2022-07-03 19:25:47,752.26,759.08,734.69,739.5,41945692
2022-07-04 19:25:47,739.5,762.03,736.05,749.03,42701449
2022-07-05 19:25:47,749.03,771.46,747.11,760.08,39963293
2022-07-06 19:25:47,760.08,768.37,743.21,747.61,3157195
2022-07-07 19:25:47,747.61,759.48,742.16,756.16,36271887
2022-07-08 19:25:47,756.16,761.1,735.84,749.75,10624644
2022-07-09 19:25:47,749.75,763.82,743.03,748.98,5374946
2022-07-10 19:25:47,748.98,772.85,743.82,763.87,22927424
2022-07-11 19:25:47,763.87,766.13,753.45,765.19,17528648
2022-07-12 19:25:47,765.19,780.62,758.31,770.43,40209615
2022-07-13 19:25:47,770.43,783.37,765.79,781.67,27802054
2022-07-14 19:25:47,781.67,787.16,753.7,769.0,23456514
2022-07-15 19:25:47,769.0,770.09,756.72,768.2,19018158
2022-07-16 19:25:47,768.2,783.53,748.08,755.87,44747289
2022-07-17 19:25:47,755.87,771.15,751.98,756.06,44443593
2022-07-18 19:25:47,756.06,788.42,742.73,777.26,4982527
2022-07-19 19:25:47,777.26,781.42,755.05,769.56,31488359
2022-07-20 19:25:47,769.56,783.03,753.68,754.32,42931023
2022-07-21 19:25:47,754.32,774.99,748.64,760.69,16320125
2022-07-22 19:25:47,760.69,775.75,734.23,745.0,18829725
2022-07-23 19:25:47,745.0,755.05,732.64,753.15,2485871
2022-07-24 19:25:47,753.15,761.27,731.0,736.26,44523494
2022-07-25 19:25:47,736.26,752.52,730.94,748.02,42790854
2022-07-26 19:25:47,748.02,777.95,737.69,768.44,3085165
2022-07-27 19:25:47,768.44,783.73,753.42,765.13,36313851
2022-07-28 19:25:47,765.13,766.83,752.87,766.18,21567582
2022-07-29 19:25:47,766.18,775.95,759.02,773.16,19401930
2022-07-30 19:25:47,773.16,783.16,763.26,774.71,44120183
2022-07-31 19:25:47,774.71,777.42,761.7,777.33,21373142
2022-08-01 19:25:47,777.33,781.13,751.55,763.57,3182079
2022-08-02 19:25:47,763.57,773.41,756.48,768.94,43961026
2022-08-03 19:25:47,768.94,785.52,756.84,782.81,44126112
2022-08-04 19:25:47,782.81,788.28,767.7,783.78,39670011
2022-08-05 19:25:47,783.78,796.54,774.5,775.51,3434242
2022-08-06 19:25:47,775.51,799.31,768.65,786.21,14337233
2022-08-07 19:25:47,786.21,812.76,771.8,808.25,12175485
2022-08-08 19:25:47,808.25,837.27,797.25,828.26,48502045
2022-08-09 19:25:47,828.26,843.62,814.14,822.83,5861015
2022-08-10 19:25:47,822.83,831.09,810.39,812.0,5827845
2022-08-11 19:25:47,812.0,817.51,789.69,800.49,25554959
2022-08-12 19:25:47,800.49,814.56,766.02,779.8,39530178
2022-08-13 19:25:47,779.8,796.7,777.04,784.95,14571708
2022-08-14 19:25:47,784.95,787.55,776.4,781.29,28834417
2022-08-15 19:25:47,781.29,806.14,769.78,802.67,3676018
2022-08-16 19:25:47,802.67,824.05,793.75,808.91,7547119
2022-08-17 19:25:47,808.91,818.83,794.85,798.72,30538406
2022-08-18 19:25:47,798.72,817.4,789.53,803.34,44156805
2022-08-19 19:25:47,803.34,815.61,767.79,780.28,44086511
2022-08-20 19:25:47,780.28,792.08,776.15,778.56,32580002
2022-08-21 19:25:47,778.56,786.75,756.39,764.85,25169502
2022-08-22 19:25:47,764.85,800.83,758.83,785.54,10691114
2022-08-23 19:25:47,785.54,807.25,783.08,806.82,24443254
2022-08-24 19:25:47,806.82,829.2,805.44,826.52,1396392
2022-08-25 19:25:47,826.52,835.46,817.39,829.16,39437103
2022-08-26 19:25:47,829.16,860.36,822.98,848.62,5552414
2022-08-27 19:25:47,848.62,850.23,825.2,834.81,4956370
2022-08-28 19:25:47,834.81,848.63,817.28,825.44,37014324
2022-08-29 19:25:47,825.44,838.17,793.0,805.35,33803957
2022-08-30 19:25:47,805.35,819.79,795.46,811.26,14600370
2022-08-31 19:25:47,811.26,817.77,785.58,799.79,9142744
2022-09-01 19:25:47,799.79,806.96,782.7,795.26,26473839
2022-09-02 19:25:47,795.26,798.46,778.76,791.42,34365094
2022-09-03 19:25:47,791.42,817.25,777.65,812.3,48028468
2022-09-04 19:25:47,812.3,850.6,799.85,835.77,34145335
2022-09-05 19:25:47,835.77,851.7,820.53,823.69,27968070
2022-09-06 19:25:47,823.69,838.19,812.31,821.25,37547678
2022-09-07 19:25:47,821.25,836.46,797.37,797.73,6787435
2022-09-08 19:25:47,797.73,818.46,783.39,807.89,1698004
2022-09-09 19:25:47,807.89,815.03,793.6,793.62,3639243
2022-09-10 19:25:47,793.62,804.57,766.79,771.08,8933543
2022-09-11 19:25:47,771.08,791.67,765.97,781.22,21382779
2022-09-12 19:25:47,781.22,785.0,766.7,781.17,1493632
2022-09-13 19:25:47,781.17,808.36,772.22,800.23,49889748
2022-09-14 19:25:47,800.23,807.23,767.58,783.01,18086592
2022-09-15 19:25:47,783.01,792.94,756.3,763.06,31347653
2022-09-16 19:25:47,763.06,775.59,761.24,775.5,8537881
2022-09-17 19:25:47,775.5,779.36,749.93,762.95,36772162
2022-09-18 19:25:47,762.95,781.91,753.14,770.15,2953883
2022-09-19 19:25:47,770.15,781.96,756.75,757.54,7910372
2022-09-20 19:25:47,757.54,768.31,740.17,752.91,1020056
2022-09-21 19:25:47,752.91,761.15,743.03,757.75,5730636
2022-09-22 19:25:47,757.75,762.18,739.89,741.09,8464940
2022-09-23 19:25:47,741.09,755.47,738.53,744.79,1219502
2022-09-24 19:25:47,744.79,754.68,738.6,747.32,43628433
2022-09-25 19:25:47,747.32,768.0,740.08,754.05,29437730
2022-09-26 19:25:47,754.05,764.31,735.79,745.31,23294637
2022-09-27 19:25:47,745.31,752.37,727.71,730.3,1544164
2022-09-28 19:25:47,730.3,754.38,717.69,749.07,11375336
2022-09-29 19:25:47,749.07,760.83,723.7,737.83,26932457
2022-09-30 19:25:47,737.83,741.76,723.9,734.11,36074218
2022-10-01 19:25:47,734.11,740.89,716.23,729.75,17410414
2022-10-02 19:25:47,729.75,755.34,724.42,747.43,5700549
2022-10-03 19:25:47,747.43,761.44,745.69,752.03,26027497
2022-10-04 19:25:47,752.03,765.38,747.63,762.58,41863100
2022-10-05 19:25:47,762.58,764.34,729.4,743.97,40399594
2022-10-06 19:25:47,743.97,757.5,716.22,729.14,48648531
2022-10-07 19:25:47,729.14,762.53,721.58,749.61,19988004
2022-10-08 19:25:47,749.61,764.55,741.89,749.22,37943459
2022-10-09 19:25:47,749.22,773.66,737.11,770.55,16243914
2022-10-10 19:25:47,770.55,782.55,735.79,747.79,2642677
2022-10-11 19:25:47,747.79,759.55,736.37,746.71,8021141
2022-10-12 19:25:47,746.71,767.63,746.39,764.56,3771521
2022-10-13 19:25:47,764.56,784.98,755.43,778.62,24931191
2022-10-14 19:25:47,778.62,792.95,770.49,776.32,17821485
2022-10-15 19:25:47,776.32,786.68,761.72,785.41,3734611
2022-10-16 19:25:47,785.41,800.91,775.31,794.78,3695911
2022-10-17 19:25:47,794.78,800.47,762.7,778.02,43769528
2022-10-18 19:25:47,778.02,790.94,762.73,774.04,41822628
2022-10-19 19:25:47,774.04,808.49,759.65,795.06,32676596
2022-10-20 19:25:47,795.06,827.84,783.96,816.91,27967264
2022-10-21 19:25:47,816.91,817.13,800.59,807.77,21062930
2022-10-22 19:25:47,807.77,830.11,804.69,820.96,42460556
2022-10-23 19:25:47,820.96,844.2,812.57,840.12,17936307
2022-10-24 19:25:47,840.12,878.82,831.69,864.67,39878473
2022-10-25 19:25:47,864.67,867.85,842.24,846.3,37366337
2022-10-26 19:25:47,846.3,850.51,831.57,837.87,25269217
2022-10-27 19:25:47,837.87,842.42,827.23,838.56,7300228
2022-10-28 19:25:47,838.56,867.29,838.25,858.77,34820657
2022-10-29 19:25:47,858.77,866.24,836.34,847.57,32389455
2022-10-30 19:25:47,847.57,874.0,841.31,872.2,47866031
2022-10-31 19:25:47,872.2,879.91,870.86,871.15,31212028
2022-11-01 19:25:47,871.15,889.89,865.6,881.74,21543294
2022-11-02 19:25:47,881.74,914.73,874.94,905.88,22211200
2022-11-03 19:25:47,905.88,918.54,900.2,907.68,5472902
2022-11-04 19:25:47,907.68,922.13,886.69,890.63,14051233
2022-11-05 19:25:47,890.63,920.26,873.23,914.88,20634648
2022-11-06 19:25:47,914.88,918.69,892.65,910.84,38897458
2022-11-07 19:25:47,910.84,932.74,909.97,931.63,25736362
2022-11-08 19:25:47,931.63,953.9,920.82,951.16,40371852
2022-11-09 19:25:47,951.16,971.46,947.71,963.34,23249964
2022-11-10 19:25:47,963.34,989.04,959.43,985.15,31132984
2022-11-11 19:25:47,985.15,1004.43,961.49,967.86,33531801
2022-11-12 19:25:47,967.86,993.88,959.57,984.8,12713574
2022-11-13 19:25:47,984.8,1000.93,978.26,987.25,17355084
2022-11-14 19:25:47,987.25,1016.76,986.78,1010.49,43368010
2022-11-15 19:25:47,1010.49,1029.48,978.34,996.97,43130111
2022-11-16 19:25:47,996.97,1009.69,975.76,994.83,38958017
2022-11-17 19:25:47,994.83,1006.58,966.17,976.21,48950181
2022-11-18 19:25:47,976.21,979.61,947.8,960.1,48843832
2022-11-19 19:25:47,960.1,963.56,936.09,953.71,17110044
2022-11-20 19:25:47,953.71,965.93,949.01,961.98,20571087
2022-11-21 19:25:47,961.98,998.97,945.74,983.57,9018173
2022-11-22 19:25:47,983.57,998.53,950.25,968.92,7040417
2022-11-23 19:25:47,968.92,974.7,946.17,951.93,5620872
2022-11-24 19:25:47,951.93,953.25,938.84,949.17,20862790
2022-11-25 19:25:47,949.17,967.1,926.05,928.33,28034389
2022-11-26 19:25:47,928.33,932.2,901.26,902.36,7004711
2022-11-27 19:25:47,902.36,918.6,869.62,877.89,1873158
2022-11-28 19:25:47,877.89,878.18,861.5,877.55,29895442
2022-11-29 19:25:47,877.55,892.63,858.32,875.27,41663150
2022-11-30 19:25:47,875.27,881.67,863.23,871.11,6545058
2022-12-01 19:25:47,871.11,909.87,861.88,896.28,19875594
2022-12-02 19:25:47,896.28,909.89,867.44,873.2,22704576
2022-12-03 19:25:47,873.2,903.91,860.28,899.02,43342837
2022-12-04 19:25:47,899.02,934.75,883.17,924.18,42183594
2022-12-05 19:25:47,924.18,924.79,892.37,909.25,48576813
2022-12-06 19:25:47,909.25,926.68,894.97,911.99,41824558
2022-12-07 19:25:47,911.99,955.72,898.44,937.75,30277125
2022-12-08 19:25:47,937.75,948.3,934.52,935.33,46432248
2022-12-09 19:25:47,935.33,964.0,921.6,957.34,27487379
2022-12-10 19:25:47,957.34,970.03,941.91,957.27,8273813
2022-12-11 19:25:47,957.27,959.54,935.01,939.51,7636363
2022-12-12 19:25:47,939.51,952.39,920.41,920.53,29699927
2022-12-13 19:25:47,920.53,922.83,898.96,913.54,32122530
2022-12-14 19:25:47,913.54,926.45,877.54,890.51,41432237
2022-12-15 19:25:47,890.51,898.05,875.07,877.91,45426246
2022-12-16 19:25:47,877.91,893.57,851.37,866.4,1132586
2022-12-17 19:25:47,866.4,879.52,854.75,870.63,11102591
2022-12-18 19:25:47,870.63,887.99,855.58,865.48,23007849
2022-12-19 19:25:47,865.48,878.41,862.42,877.06,38456601
2022-12-20 19:25:47,877.06,893.23,869.82,886.06,42927702
2022-12-21 19:25:47,886.06,895.23,883.4,891.58,10569329
2022-12-22 19:25:47,891.58,895.07,878.35,892.42,45012736
2022-12-23 19:25:47,892.42,930.9,890.16,916.18,45587222
2022-12-24 19:25:47,916.18,923.16,908.64,914.02,15525818
2022-12-25 19:25:47,914.02,931.68,899.48,931.36,2562571
2022-12-26 19:25:47,931.36,946.96,898.75,903.64,27444771
2022-12-27 19:25:47,903.64,916.86,900.48,914.12,6671842
2022-12-28 19:25:47,914.12,925.62,912.17,914.56,34036693
2022-12-29 19:25:47,914.56,920.22,897.65,911.04,10631180
2022-12-30 19:25:47,911.04,919.15,889.9,901.76,27177526
2022-12-31 19:25:47,901.76,905.11,882.98,883.72,20050890
2023-01-01 19:25:47,883.72,891.4,881.91,887.61,27187476
2023-01-02 19:25:47,887.61,899.3,867.64,873.26,9092877
2023-01-03 19:25:47,873.26,905.47,871.28,898.44,47655173
2023-01-04 19:25:47,898.44,938.91,887.3,923.73,37340638
2023-01-05 19:25:47,923.73,937.84,910.51,923.82,34523398
2023-01-06 19:25:47,923.82,934.5,900.07,902.39,16644841
2023-01-07 19:25:47,902.39,908.48,875.16,878.95,32242411
2023-01-08 19:25:47,878.95,895.39,845.52,856.21,43263564
2023-01-09 19:25:47,856.21,857.44,844.5,846.44,23640020
2023-01-10 19:25:47,846.44,880.44,838.06,863.38,20146634
2023-01-11 19:25:47,863.38,878.42,854.83,867.82,36856230
2023-01-12 19:25:47,867.82,890.55,865.93,873.29,6784885
2023-01-13 19:25:47,873.29,889.52,853.34,858.4,41274826
2023-01-14 19:25:47,858.4,879.04,856.38,870.96,13642560
2023-01-15 19:25:47,870.96,897.1,866.36,882.2,48620402
2023-01-16 19:25:47,882.2,917.08,879.25,899.9,25885563
2023-01-17 19:25:47,899.9,921.71,893.7,906.64,37465778
2023-01-18 19:25:47,906.64,921.74,878.23,882.33,40398910
2023-01-19 19:25:47,882.33,901.68,865.67,891.61,3559153
2023-01-20 19:25:47,891.61,921.71,887.31,912.2,10056821
2023-01-21 19:25:47,912.2,946.79,910.7,938.17,25363395
2023-01-22 19:25:47,938.17,971.64,925.18,964.21,23985168
2023-01-23 19:25:47,964.21,1002.83,951.37,986.73,23040521
2023-01-24 19:25:47,986.73,1004.88,980.28,994.06,38323121
2023-01-25 19:25:47,994.06,1009.65,957.58,975.59,21421868
2023-01-26 19:25:47,975.59,982.28,948.92,950.29,47166078
2023-01-27 19:25:47,950.29,957.25,920.76,928.89,38561688
2023-01-28 19:25:47,928.89,944.19,915.55,940.58,1400658
2023-01-29 19:25:47,940.58,955.93,911.73,925.61,26577517
2023-01-30 19:25:47,925.61,947.35,922.13,939.08,20773055
2023-01-31 19:25:47,939.08,957.96,922.99,953.85,46390505
2023-02-01 19:25:47,953.85,973.84,953.45,966.73,18990739
2023-02-02 19:25:47,966.73,967.37,961.08,961.36,41649629
2023-02-03 19:25:47,961.36,976.35,936.06,952.19,30894478
2023-02-04 19:25:47,952.19,958.35,914.79,931.85,19973810
2023-02-05 19:25:47,931.85,947.67,908.71,922.44,41883408
2023-02-06 19:25:47,922.44,932.45,890.72,901.29,6420895
2023-02-07 19:25:47,901.29,904.56,881.57,898.62,23280727
2023-02-08 19:25:47,898.62,935.12,883.14,921.78,16524132
2023-02-09 19:25:47,921.78,931.67,904.6,912.26,14602614
2023-02-10 19:25:47,912.26,919.5,900.49,919.42,2080331
2023-02-11 19:25:47,919.42,940.92,912.6,940.26,39048749
2023-02-12 19:25:47,940.26,969.31,932.71,951.65,16715547
2023-02-13 19:25:47,951.65,952.0,936.92,951.26,43354633
2023-02-14 19:25:47,951.26,956.12,912.08,925.61,28134034
2023-02-15 19:25:47,925.61,959.97,921.47,948.31,49413231
2023-02-16 19:25:47,948.31,974.24,947.55,963.82,48840844
2023-02-17 19:25:47,963.82,982.75,947.92,956.32,37940020
2023-02-18 19:25:47,956.32,967.25,934.41,941.16,43891512
2023-02-19 19:25:47,941.16,942.65,927.74,937.08,45092888
2023-02-20 19:25:47,937.08,948.99,920.84,933.81,20634597
2023-02-21 19:25:47,933.81,959.14,928.1,940.9,27569231
2023-02-22 19:25:47,940.9,982.65,922.28,966.65,8848779
2023-02-23 19:25:47,966.65,992.24,965.34,989.46,11976922
2023-02-24 19:25:47,989.46,1022.61,977.84,1008.27,33350304
2023-02-25 19:25:47,1008.27,1021.7,989.2,994.55,45771172
2023-02-26 19:25:47,994.55,1002.03,984.14,1000.95,41533857
2023-02-27 19:25:47,1000.95,1013.34,986.77,990.82,27711340
2023-02-28 19:25:47,990.82,1005.42,944.87,964.02,11788447
2023-03-01 19:25:47,964.02,978.46,932.96,939.52,21458607
2023-03-02 19:25:47,939.52,939.77,931.96,936.58,4004170
2023-03-03 19:25:47,936.58,951.53,919.64,940.47,30613795
2023-03-04 19:25:47,940.47,958.06,934.06,951.27,33542333
2023-03-05 19:25:47,951.27,960.36,914.17,926.23,5703844
2023-03-06 19:25:47,926.23,938.21,916.48,923.61,30888315
2023-03-07 19:25:47,923.61,939.62,896.03,897.5,25924186
2023-03-08 19:25:47,897.5,912.88,880.54,884.54,30684511
2023-03-09 19:25:47,884.54,901.05,857.54,865.28,13488192
2023-03-10 19:25:47,865.28,877.04,834.07,841.44,3642783
2023-03-11 19:25:47,841.44,874.9,832.57,866.39,24706760
2023-03-12 19:25:47,866.39,869.8,841.3,850.77,27298266
2023-03-13 19:25:47,850.77,858.97,830.52,836.51,45382063
2023-03-14 19:25:47,836.51,837.2,813.63,817.31,38271621
2023-03-15 19:25:47,817.31,840.98,809.54,837.19,43403757
2023-03-16 19:25:47,837.19,837.41,815.55,819.1,42781920
2023-03-17 19:25:47,819.1,850.28,805.21,833.65,41067230
2023-03-18 19:25:47,833.65,849.55,809.77,811.32,24621403
2023-03-19 19:25:47,811.32,824.42,788.83,790.54,36969925
2023-03-20 19:25:47,790.54,803.49,774.75,796.59,34900146
2023-03-21 19:25:47,796.59,819.61,790.13,811.6,18270419
2023-03-22 19:25:47,811.6,811.96,804.42,811.93,49172184
2023-03-23 19:25:47,811.93,832.24,800.01,822.61,36614156
2023-03-24 19:25:47,822.61,838.86,808.21,831.18,9359975
2023-03-25 19:25:47,831.18,833.68,816.33,829.21,41880999
2023-03-26 19:25:47,829.21,856.25,827.06,848.67,23154408
2023-03-27 19:25:47,848.67,871.78,844.06,867.73,11355074
2023-03-28 19:25:47,867.73,868.02,835.37,851.8,49428513
2023-03-29 19:25:47,851.8,858.77,825.15,839.13,33128077
2023-03-30 19:25:47,839.13,854.13,831.42,845.12,14285700
2023-03-31 19:25:47,845.12,865.28,839.78,858.96,5990622
2023-04-01 19:25:47,858.96,868.78,852.49,852.49,15810594
2023-04-02 19:25:47,852.49,859.99,828.22,839.45,47633216
2023-04-03 19:25:47,839.45,847.67,814.21,827.58,13051311
2023-04-04 19:25:47,827.58,843.11,812.0,829.69,43199149
2023-04-05 19:25:47,829.69,841.47,796.5,810.85,44153992
2023-04-06 19:25:47,810.85,821.53,791.59,797.15,6856954
2023-04-07 19:25:47,797.15,811.84,796.37,801.86,5804514
2023-04-08 19:25:47,801.86,814.45,798.94,806.64,19194166
2023-04-09 19:25:47,806.64,821.38,801.22,818.84,48859765
2023-04-10 19:25:47,818.84,833.59,817.93,823.3,29433851
2023-04-11 19:25:47,823.3,861.64,819.67,847.34,48855133
2023-04-12 19:25:47,847.34,850.87,831.54,848.71,34520063
2023-04-13 19:25:47,848.71,860.33,834.47,850.54,12518472
2023-04-14 19:25:47,850.54,879.12,849.18,874.55,16641942
2023-04-15 19:25:47,874.55,888.18,870.17,887.5,16026653
2023-04-16 19:25:47,887.5,892.85,869.32,878.77,43488505
2023-04-17 19:25:47,878.77,891.66,867.58,876.74,21374203
2023-04-18 19:25:47,876.74,884.63,865.57,868.52,10383602
2023-04-19 19:25:47,868.52,872.28,836.16,849.29,22648142
2023-04-20 19:25:47,849.29,850.2,824.2,839.37,16404487
2023-04-21 19:25:47,839.37,850.15,824.82,848.35,47070486
2023-04-22 19:25:47,848.35,853.66,824.34,835.04,40190631
2023-04-23 19:25:47,835.04,873.38,818.97,857.51,24479830
2023-04-24 19:25:47,857.51,885.7,848.84,870.39,19580388
2023-04-25 19:25:47,870.39,875.84,844.62,848.29,10446901
2023-04-26 19:25:47,848.29,876.58,834.32,863.13,44245511
2023-04-27 19:25:47,863.13,870.05,848.57,849.35,10063643
2023-04-28 19:25:47,849.35,865.61,828.65,833.72,7717294
2023-04-29 19:25:47,833.72,843.71,810.1,821.02,30878942
2023-04-30 19:25:47,821.02,856.03,812.66,840.33,14481436
2023-05-01 19:25:47,840.33,859.02,828.92,852.8,14526739
2023-05-02 19:25:47,852.8,865.4,831.98,846.35,15318196
2023-05-03 19:25:47,846.35,855.55,805.83,821.87,8296988
2023-05-04 19:25:47,821.87,835.76,796.94,801.51,38837235
2023-05-05 19:25:47,801.51,812.53,773.92,781.69,40317843
2023-05-06 19:25:47,781.69,796.14,746.68,758.51,13196112
2023-05-07 19:25:47,758.51,769.99,745.72,765.29,28161823
2023-05-08 19:25:47,765.29,772.9,747.06,747.69,25179944
2023-05-09 19:25:47,747.69,776.66,739.42,769.79,40246600
2023-05-10 19:25:47,769.79,791.43,768.59,782.76,2682523
2023-05-11 19:25:47,782.76,792.96,746.72,761.15,2482923
2023-05-12 19:25:47,761.15,778.86,751.39,767.16,22732693
2023-05-13 19:25:47,767.16,790.26,764.25,777.99,15195920
2023-05-14 19:25:47,777.99,789.46,763.89,786.33,43622802
2023-05-15 19:25:47,786.33,808.66,778.87,798.32,43806598
2023-05-16 19:25:47,798.32,811.47,783.82,811.44,39326334
2023-05-17 19:25:47,811.44,827.17,803.63,808.4,6151576
2023-05-18 19:25:47,808.4,822.94,774.95,789.98,9564561
2023-05-19 19:25:47,789.98,819.79,788.79,804.56,43643070
2023-05-20 19:25:47,804.56,811.88,800.72,807.33,37537693
2023-05-21 19:25:47,807.33,816.75,791.82,791.9,46298918
2023-05-22 19:25:47,791.9,802.22,773.69,783.09,7116719
2023-05-23 19:25:47,783.09,789.69,761.35,764.95,10555951
2023-05-24 19:25:47,764.95,768.49,753.26,767.8,1034909
2023-05-25 19:25:47,767.8,774.88,761.35,767.83,7459616
2023-05-26 19:25:47,767.83,771.13,752.55,754.28,33224699
2023-05-27 19:25:47,754.28,768.37,742.1,752.59,47621540
2023-05-28 19:25:47,752.59,765.94,740.38,744.49,18881264
2023-05-29 19:25:47,744.49,755.03,735.13,748.6,18415669
2023-05-30 19:25:47,748.6,749.63,737.25,739.96,6475363
2023-05-31 19:25:47,739.96,746.21,735.74,744.32,25192863
2023-06-01 19:25:47,744.32,748.47,735.32,739.58,10738090
2023-06-02 19:25:47,739.58,765.0,735.0,760.36,26214592
2023-06-03 19:25:47,760.36,785.28,760.08,773.91,46388545
2023-06-04 19:25:47,773.91,800.06,763.99,786.08,34504066
2023-06-05 19:25:47,786.08,797.78,774.65,783.34,18748818
2023-06-06 19:25:47,783.34,791.05,774.44,786.67,41820827
2023-06-07 19:25:47,786.67,801.36,773.22,779.41,26267316
2023-06-08 19:25:47,779.41,781.38,770.46,774.17,10467201
2023-06-09 19:25:47,774.17,788.85,762.9,776.69,21659844
2023-06-10 19:25:47,776.69,794.81,776.07,794.55,25452584
2023-06-11 19:25:47,794.55,799.41,767.93,774.59,3569092
2023-06-12 19:25:47,774.59,799.13,759.34,786.08,37973095
2023-06-13 19:25:47,786.08,813.66,773.0,804.0,17361392
2023-06-14 19:25:47,804.0,805.57,773.24,782.02,2761577
2023-06-15 19:25:47,782.02,795.68,761.79,767.81,10941552
2023-06-16 19:25:47,767.81,773.38,739.38,751.53,49336830
2023-06-17 19:25:47,751.53,762.49,741.84,753.71,23403485
2023-06-18 19:25:47,753.71,774.47,748.95,772.11,42566878
2023-06-19 19:25:47,772.11,793.62,766.08,791.74,34328034
2023-06-20 19:25:47,791.74,806.09,771.01,784.34,20839322
2023-06-21 19:25:47,784.34,792.62,758.41,772.77,43488000
2023-06-22 19:25:47,772.77,781.55,752.45,757.0,16648029
2023-06-23 19:25:47,757.0,780.44,753.07,765.39,46137349
2023-06-24 19:25:47,765.39,790.14,753.13,782.06,46288127
2023-06-25 19:25:47,782.06,796.24,771.6,782.93,3740420
2023-06-26 19:25:47,782.93,808.52,770.9,802.48,2534913
2023-06-27 19:25:47,802.48,813.77,787.93,807.67,32920183
2023-06-28 19:25:47,807.67,820.45,783.18,794.67,19188108
2023-06-29 19:25:47,794.67,818.53,789.33,805.77,28783116
2023-06-30 19:25:47,805.77,831.84,798.11,822.98,36379563
2023-07-01 19:25:47,822.98,838.22,820.33,835.56,7499476
2023-07-02 19:25:47,835.56,849.29,827.97,835.98,18894803
2023-07-03 19:25:47,835.98,838.28,822.57,829.39,32471098
2023-07-04 19:25:47,829.39,860.36,821.74,853.15,25846209
2023-07-05 19:25:47,853.15,866.73,818.52,828.2,23629017
2023-07-06 19:25:47,828.2,855.61,826.24,840.68,44704230
2023-07-07 19:25:47,840.68,847.35,823.8,829.36,47317095
2023-07-08 19:25:47,829.36,863.88,816.63,847.94,30078279
2023-07-09 19:25:47,847.94,879.02,833.72,868.19,22219245
2023-07-10 19:25:47,868.19,872.87,856.62,869.0,8351541
2023-07-11 19:25:47,869.0,870.08,846.33,853.74,30748932
2023-07-12 19:25:47,853.74,858.99,831.88,838.91,41879433
2023-07-13 19:25:47,838.91,850.32,824.66,844.43,16228696
2023-07-14 19:25:47,844.43,849.8,816.74,828.88,37846111
2023-07-15 19:25:47,828.88,854.62,818.37,852.85,11111888
2023-07-16 19:25:47,852.85,877.66,845.94,872.07,11610013
2023-07-17 19:25:47,872.07,886.02,838.86,853.99,20652570
2023-07-18 19:25:47,853.99,870.81,832.71,839.91,48312743
2023-07-19 19:25:47,839.91,843.13,818.56,821.35,16180753
2023-07-20 19:25:47,821.35,838.66,806.42,827.21,48849311
2023-07-21 19:25:47,827.21,851.54,821.06,849.45,11861769
2023-07-22 19:25:47,849.45,860.84,848.46,850.01,48140535
2023-07-23 19:25:47,850.01,855.23,828.39,844.84,32326434
2023-07-24 19:25:47,844.84,858.88,828.85,830.85,24183238
2023-07-25 19:25:47,830.85,835.72,819.48,832.1,42972890
2023-07-26 19:25:47,832.1,842.18,814.86,821.06,29274970
2023-07-27 19:25:47,821.06,822.63,810.34,818.69,29858596
2023-07-28 19:25:47,818.69,825.69,793.69,802.92,7419473
2023-07-29 19:25:47,802.92,812.36,775.99,784.58,7728668
2023-07-30 19:25:47,784.58,788.82,773.36,775.64,29146803
2023-07-31 19:25:47,775.64,797.15,767.88,790.0,5847221
2023-08-01 19:25:47,790.0,812.28,788.13,807.22,29157442
2023-08-02 19:25:47,807.22,828.37,801.17,822.95,27233290
2023-08-03 19:25:47,822.95,830.15,799.65,800.09,16826102
2023-08-04 19:25:47,800.09,805.39,780.5,786.91,27936347
2023-08-05 19:25:47,786.91,787.23,771.22,771.51,41094660
2023-08-06 19:25:47,771.51,786.55,765.27,774.58,3341467
2023-08-07 19:25:47,774.58,789.87,771.73,777.23,24169395
2023-08-08 19:25:47,777.23,792.31,768.11,781.23,25377508
2023-08-09 19:25:47,781.23,788.5,761.93,764.05,44250503
2023-08-10 19:25:47,764.05,776.38,736.16,742.21,4596422
2023-08-11 19:25:47,742.21,762.46,730.01,753.59,16765458
2023-08-12 19:25:47,753.59,771.96,753.16,760.95,12874563
2023-08-13 19:25:47,760.95,783.92,755.7,781.76,47979963
2023-08-14 19:25:47,781.76,791.49,771.72,783.02,25767753
2023-08-15 19:25:47,783.02,786.08,772.92,775.34,13148073
2023-08-16 19:25:47,775.34,781.06,764.29,772.76,27468417
2023-08-17 19:25:47,772.76,793.26,768.07,777.84,6363036
2023-08-18 19:25:47,777.84,791.66,761.24,761.63,23875844
2023-08-19 19:25:47,761.63,775.71,747.02,763.2,22218116
2023-08-20 19:25:47,763.2,778.32,744.54,755.37,5114025
2023-08-21 19:25:47,755.37,767.57,726.51,740.82,38662651
2023-08-22 19:25:47,740.82,744.61,729.6,743.88,31995752
2023-08-23 19:25:47,743.88,753.08,722.79,731.04,3631413
2023-08-24 19:25:47,731.04,761.77,724.32,751.82,14174162
2023-08-25 19:25:47,751.82,754.08,735.4,738.45,33947877
2023-08-26 19:25:47,738.45,757.69,733.49,749.73,37127847
2023-08-27 19:25:47,749.73,769.94,738.61,765.0,38332468
2023-08-28 19:25:47,765.0,776.82,735.07,744.55,28327408
2023-08-29 19:25:47,744.55,757.29,741.76,749.88,45554337
2023-08-30 19:25:47,749.88,753.05,733.88,737.51,15880612
2023-08-31 19:25:47,737.51,737.87,720.3,723.23,15114645
2023-09-01 19:25:47,723.23,736.36,719.13,719.76,12528802
2023-09-02 19:25:47,719.76,735.05,718.79,728.84,43012761
2023-09-03 19:25:47,728.84,751.42,715.58,747.7,5573238
2023-09-04 19:25:47,747.7,767.38,737.71,753.7,4293067
2023-09-05 19:25:47,753.7,756.32,726.62,735.79,43185302
2023-09-06 19:25:47,735.79,744.12,729.39,729.77,19048630
2023-09-07 19:25:47,729.77,732.5,712.59,723.02,5322299
2023-09-08 19:25:47,723.02,742.66,718.98,737.79,21219258
2023-09-09 19:25:47,737.79,763.89,726.08,751.01,37589072
2023-09-10 19:25:47,751.01,759.3,739.37,757.71,23549379
2023-09-11 19:25:47,757.71,789.1,752.12,777.16,2830434
2023-09-12 19:25:47,777.16,791.91,769.9,784.32,24891749
2023-09-13 19:25:47,784.32,803.21,778.82,801.17,2614924
2023-09-14 19:25:47,801.17,814.85,777.35,779.92,7152549
2023-09-15 19:25:47,779.92,795.19,767.63,792.31,25174492
2023-09-16 19:25:47,792.31,795.7,775.48,779.89,43291228
2023-09-17 19:25:47,779.89,786.17,768.81,775.06,33616482
2023-09-18 19:25:47,775.06,784.16,764.46,766.7,10396846
2023-09-19 19:25:47,766.7,784.47,759.28,779.46,33292631
2023-09-20 19:25:47,779.46,801.86,773.46,791.64,31251454
2023-09-21 19:25:47,791.64,801.91,772.57,779.44,18049856
2023-09-22 19:25:47,779.44,786.91,778.99,781.95,35667647
2023-09-23 19:25:47,781.95,790.02,751.73,766.47,13586673
2023-09-24 19:25:47,766.47,770.34,753.38,754.89,9226583
2023-09-25 19:25:47,754.89,778.17,744.49,770.52,1085604
2023-09-26 19:25:47,770.52,775.81,746.06,749.83,39237534
2023-09-27 19:25:47,749.83,783.8,748.87,769.86,39742900
2023-09-28 19:25:47,769.86,778.35,761.36,777.34,45904928
2023-09-29 19:25:47,777.34,790.53,761.62,764.09,6916080
2023-09-30 19:25:47,764.09,799.34,749.92,784.8,3473802
2023-10-01 19:25:47,784.8,787.88,755.01,762.34,36055671
2023-10-02 19:25:47,762.34,766.67,740.31,745.05,47212809
2023-10-03 19:25:47,745.05,749.61,743.6,745.52,16935731
2023-10-04 19:25:47,745.52,765.95,730.9,763.9,31732001
2023-10-05 19:25:47,763.9,789.63,755.66,776.17,35180265
2023-10-06 19:25:47,776.17,784.42,764.37,769.73,37278808
2023-10-07 19:25:47,769.73,776.89,755.21,764.92,15766640
2023-10-08 19:25:47,764.92,789.29,762.32,781.01,11266692
2023-10-09 19:25:47,781.01,798.91,778.37,783.37,2638241
2023-10-10 19:25:47,783.37,800.23,774.93,795.55,44050642
2023-10-11 19:25:47,795.55,805.79,775.09,789.87,49776443
2023-10-12 19:25:47,789.87,790.6,781.69,788.51,35611480
2023-10-13 19:25:47,788.51,792.37,772.92,781.78,11025131
2023-10-14 19:25:47,781.78,790.48,778.1,786.19,20711247
2023-10-15 19:25:47,786.19,814.77,785.48,802.71,42201878
2023-10-16 19:25:47,802.71,803.92,775.75,784.36,29777043
2023-10-17 19:25:47,784.36,798.28,767.8,781.1,20014131
2023-10-18 19:25:47,781.1,798.26,768.76,797.31,6037614
2023-10-19 19:25:47,797.31,819.87,796.22,815.82,19448584
2023-10-20 19:25:47,815.82,844.76,805.92,833.19,7061533
2023-10-21 19:25:47,833.19,852.38,823.34,837.33,12898079
2023-10-22 19:25:47,837.33,861.42,835.58,858.66,23944240
2023-10-23 19:25:47,858.66,861.72,820.91,833.45,25324069
2023-10-24 19:25:47,833.45,844.44,824.08,836.46,12774937
2023-10-25 19:25:47,836.46,837.35,826.87,832.3,21638973
2023-10-26 19:25:47,832.3,840.69,798.14,813.64,3073871
2023-10-27 19:25:47,813.64,816.21,810.64,816.03,37682333
2023-10-28 19:25:47,816.03,822.76,791.3,806.27,23458379
2023-10-29 19:25:47,806.27,819.33,778.35,787.4,31562786
2023-10-30 19:25:47,787.4,795.69,773.46,793.17,11066007
2023-10-31 19:25:47,793.17,797.49,775.23,776.63,14592733
2023-11-01 19:25:47,776.63,782.34,767.03,781.67,13934064
2023-11-02 19:25:47,781.67,797.46,775.38,793.25,1793816
2023-11-03 19:25:47,793.25,793.67,768.59,772.54,36497889
2023-11-04 19:25:47,772.54,795.8,759.75,785.39,6140771
2023-11-05 19:25:47,785.39,796.62,769.93,774.05,49293061
2023-11-06 19:25:47,774.05,795.48,766.49,792.23,31475291
2023-11-07 19:25:47,792.23,796.07,781.06,783.51,27769004
2023-11-08 19:25:47,783.51,793.62,780.38,786.6,4660482
2023-11-09 19:25:47,786.6,802.16,772.96,795.94,36237835
2023-11-10 19:25:47,795.94,810.53,780.78,789.01,19817573
2023-11-11 19:25:47,789.01,803.67,788.38,792.43,24857245
2023-11-12 19:25:47,792.43,795.97,775.07,783.32,27773426
2023-11-13 19:25:47,783.32,794.98,765.33,778.54,44892130
2023-11-14 19:25:47,778.54,793.3,766.88,784.77,7700455
2023-11-15 19:25:47,784.77,790.14,774.45,775.18,38284326
2023-11-16 19:25:47,775.18,782.2,770.48,781.52,7062008
2023-11-17 19:25:47,781.52,790.26,768.38,779.56,2735480
2023-11-18 19:25:47,779.56,797.82,769.06,782.64,44927470
2023-11-19 19:25:47,782.64,799.34,769.63,797.41,21884248
2023-11-20 19:25:47,797.41,803.95,772.16,787.89,15626184
2023-11-21 19:25:47,787.89,805.82,787.0,790.61,19680577
2023-11-22 19:25:47,790.61,796.01,763.15,769.64,47487346
2023-11-23 19:25:47,769.64,774.48,736.67,746.79,3612922
2023-11-24 19:25:47,746.79,756.61,724.3,728.09,4203285
2023-11-25 19:25:47,728.09,737.45,719.36,722.09,10476527
2023-11-26 19:25:47,722.09,722.37,710.26,718.26,4788414
2023-11-27 19:25:47,718.26,730.18,713.01,726.65,25827377
2023-11-28 19:25:47,726.65,731.56,692.22,705.05,31839082
2023-11-29 19:25:47,705.05,713.42,702.98,705.85,7820937
2023-11-30 19:25:47,705.85,716.11,701.9,708.52,11407315
2023-12-01 19:25:47,708.52,718.2,682.94,689.25,21980458
2023-12-02 19:25:47,689.25,701.09,684.62,687.32,32870073
2023-12-03 19:25:47,687.32,699.75,671.51,678.66,37425080
2023-12-04 19:25:47,678.66,683.49,653.99,665.17,24482393
2023-12-05 19:25:47,665.17,667.87,644.8,657.93,46669761
2023-12-06 19:25:47,657.93,660.79,647.6,653.6,13683720
2023-12-07 19:25:47,653.6,664.22,641.77,646.19,39509074
2023-12-08 19:25:47,646.19,661.33,639.93,661.17,28805869
2023-12-09 19:25:47,661.17,677.77,657.76,671.61,10808645
2023-12-10 19:25:47,671.61,697.79,658.52,688.68,39868825
2023-12-11 19:25:47,688.68,697.37,681.32,686.39,40459825
2023-12-12 19:25:47,686.39,709.96,676.72,703.73,18299443
2023-12-13 19:25:47,703.73,710.72,675.73,684.78,21275163
2023-12-14 19:25:47,684.78,691.8,668.03,674.73,3921015
2023-12-15 19:25:47,674.73,691.04,666.29,689.85,32177743
2023-12-16 19:25:47,689.85,696.69,676.13,692.18,27504521
2023-12-17 19:25:47,692.18,711.11,682.55,702.83,25692699
2023-12-18 19:25:47,702.83,735.57,701.38,723.12,7883804
2023-12-19 19:25:47,723.12,732.89,719.06,730.85,10671261
2023-12-20 19:25:47,730.85,735.07,698.51,711.66,3074671
2023-12-21 19:25:47,711.66,718.88,682.48,695.86,14778615
2023-12-22 19:25:47,695.86,706.6,674.68,683.03,21839326
2023-12-23 19:25:47,683.03,706.78,674.23,699.21,43237024
2023-12-24 19:25:47,699.21,709.45,691.22,702.12,40950374
2023-12-25 19:25:47,702.12,710.85,693.63,699.66,44363976
2023-12-26 19:25:47,699.66,700.29,675.0,687.41,14422761
2023-12-27 19:25:47,687.41,700.72,685.85,690.29,37962080
2023-12-28 19:25:47,690.29,690.52,674.49,682.21,19177483
2023-12-29 19:25:47,682.21,684.72,659.83,667.41,47591317
2023-12-30 19:25:47,667.41,667.87,653.25,660.11,35182159
2023-12-31 19:25:47,660.11,677.27,654.75,673.58,38153285
2024-01-01 19:25:47,673.58,684.06,656.53,659.89,42742197
2024-01-02 19:25:47,659.89,666.98,656.04,658.03,9595176
2024-01-03 19:25:47,658.03,670.75,652.1,664.35,4340748
2024-01-04 19:25:47,664.35,666.54,649.05,658.23,18278355
2024-01-05 19:25:47,658.23,670.62,648.29,656.64,26677610
2024-01-06 19:25:47,656.64,672.35,645.65,659.99,33967317
2024-01-07 19:25:47,659.99,668.32,648.61,663.18,35440128
2024-01-08 19:25:47,663.18,674.33,659.94,670.46,49440962
2024-01-09 19:25:47,670.46,672.34,656.2,656.47,20805532
2024-01-10 19:25:47,656.47,676.08,654.05,663.01,1190002
2024-01-11 19:25:47,663.01,670.49,649.3,662.08,21685858
2024-01-12 19:25:47,662.08,667.44,659.42,659.63,48873721
2024-01-13 19:25:47,659.63,669.68,654.41,664.37,27001229
2024-01-14 19:25:47,664.37,672.15,640.32,648.98,15425351
2024-01-15 19:25:47,648.98,664.52,641.71,660.42,22446274
2024-01-16 19:25:47,660.42,677.56,648.06,668.45,41895873
2024-01-17 19:25:47,668.45,676.34,654.37,663.44,19652827
2024-01-18 19:25:47,663.44,671.34,652.23,657.79,31539139
2024-01-19 19:25:47,657.79,687.28,648.2,675.11,48946346
2024-01-20 19:25:47,675.11,689.32,672.25,682.52,35367266
2024-01-21 19:25:47,682.52,684.8,677.98,683.59,40333060
2024-01-22 19:25:47,683.59,705.32,673.9,699.36,42824727
2024-01-23 19:25:47,699.36,702.21,685.22,692.45,23338045
2024-01-24 19:25:47,692.45,695.58,667.44,678.04,23342957
2024-01-25 19:25:47,678.04,683.65,662.58,673.17,6384243
2024-01-26 19:25:47,673.17,683.63,651.37,663.05,1984571
2024-01-27 19:25:47,663.05,671.6,652.84,653.8,39298705
2024-01-28 19:25:47,653.8,664.69,642.05,663.38,31192439
2024-01-29 19:25:47,663.38,665.38,637.26,645.8,1886492
2024-01-30 19:25:47,645.8,658.04,640.29,643.82,41287396
2024-01-31 19:25:47,643.82,654.69,639.96,647.3,34096308
2024-02-01 19:25:47,647.3,658.5,625.83,638.45,13984747
2024-02-02 19:25:47,638.45,647.18,628.99,644.57,39898130
2024-02-03 19:25:47,644.57,648.92,643.33,643.8,33729513
2024-02-04 19:25:47,643.8,648.94,624.07,626.87,16954622
2024-02-05 19:25:47,626.87,631.8,626.84,627.75,23811338
2024-02-06 19:25:47,627.75,639.92,619.97,621.79,47609800
2024-02-07 19:25:47,621.79,626.27,598.67,606.07,15769495
2024-02-08 19:25:47,606.07,609.37,590.45,598.41,1991711
2024-02-09 19:25:47,598.41,601.36,592.72,597.06,47746920
2024-02-10 19:25:47,597.06,605.43,575.73,583.78,45468023
2024-02-11 19:25:47,583.78,583.91,565.59,574.71,33040421
2024-02-12 19:25:47,574.71,578.79,557.21,567.83,19261258
2024-02-13 19:25:47,567.83,581.4,562.04,571.6,38710990
2024-02-14 19:25:47,571.6,578.59,559.25,568.04,37804252
2024-02-15 19:25:47,568.04,575.33,566.15,574.5,26053094
2024-02-16 19:25:47,574.5,577.68,570.88,573.73,34777016
2024-02-17 19:25:47,573.73,583.61,565.38,581.65,40966900
2024-02-18 19:25:47,581.65,603.26,581.25,597.31,25939846
2024-02-19 19:25:47,597.31,605.71,580.04,590.78,21947155
2024-02-20 19:25:47,590.78,600.44,573.72,585.28,34796858
2024-02-21 19:25:47,585.28,610.51,574.58,599.75,3148340
2024-02-22 19:25:47,599.75,617.03,593.2,607.34,35894969
2024-02-23 19:25:47,607.34,622.78,605.25,617.06,25296263
2024-02-24 19:25:47,617.06,628.69,615.59,616.38,25472271
2024-02-25 19:25:47,616.38,624.11,609.05,624.0,25849577
2024-02-26 19:25:47,624.0,645.75,618.37,633.65,39610385
2024-02-27 19:25:47,633.65,644.33,614.29,616.68,10552337
2024-02-28 19:25:47,616.68,623.91,608.4,617.58,24855820
2024-02-29 19:25:47,617.58,626.33,610.5,621.91,24680281
2024-03-01 19:25:47,621.91,628.0,606.11,614.75,39419467
2024-03-02 19:25:47,614.75,644.28,604.26,632.73,49845244
2024-03-03 19:25:47,632.73,643.32,626.14,629.9,33282087
2024-03-04 19:25:47,629.9,636.15,626.34,632.92,3478451
2024-03-05 19:25:47,632.92,643.93,621.31,630.37,31746988
2024-03-06 19:25:47,630.37,645.14,623.03,644.55,36546046
2024-03-07 19:25:47,644.55,665.35,643.06,659.43,29565065
2024-03-08 19:25:47,659.43,667.32,658.19,662.38,49755846
2024-03-09 19:25:47,662.38,674.46,655.51,672.45,26608432
2024-03-10 19:25:47,672.45,678.61,672.37,676.2,42514313
2024-03-11 19:25:47,676.2,699.83,668.27,695.28,8992458
2024-03-12 19:25:47,695.28,702.44,665.03,674.67,26161328
2024-03-13 19:25:47,674.67,679.94,657.91,668.97,30590630
2024-03-14 19:25:47,668.97,676.23,653.57,658.88,22538038
2024-03-15 19:25:47,658.88,680.11,653.6,669.09,37115085
2024-03-16 19:25:47,669.09,678.9,656.94,672.0,33922280
2024-03-17 19:25:47,672.0,683.59,663.72,675.6,45022401
2024-03-18 19:25:47,675.6,679.69,658.49,669.88,19115183
2024-03-19 19:25:47,669.88,696.62,666.85,686.45,39595983
2024-03-20 19:25:47,686.45,687.06,656.89,667.18,6902204
2024-03-21 19:25:47,667.18,668.58,645.55,648.67,22269521
2024-03-22 19:25:47,648.67,658.66,639.71,647.76,3859764
2024-03-23 19:25:47,647.76,659.8,626.34,631.18,38377345
2024-03-24 19:25:47,631.18,631.6,617.75,627.88,44249025
2024-03-25 19:25:47,627.88,631.21,615.75,616.17,34887140
2024-03-26 19:25:47,616.17,622.31,594.96,601.36,41109427
2024-03-27 19:25:47,601.36,630.07,600.49,618.71,48185662
2024-03-28 19:25:47,618.71,635.2,615.66,630.5,28778086
2024-03-29 19:25:47,630.5,641.07,616.42,623.67,32541045
2024-03-30 19:25:47,623.67,624.07,622.59,623.84,22998727
2024-03-31 19:25:47,623.84,635.37,613.33,634.54,12899600
2024-04-01 19:25:47,634.54,637.51,620.54,632.14,14563435
2024-04-02 19:25:47,632.14,640.55,616.41,627.8,22277542
2024-04-03 19:25:47,627.8,629.63,609.11,614.19,4729513
2024-04-04 19:25:47,614.19,623.28,606.74,614.65,20385364
2024-04-05 19:25:47,614.65,626.82,603.94,609.39,1939286
2024-04-06 19:25:47,609.39,614.89,609.32,611.46,33016701
2024-04-07 19:25:47,611.46,622.41,596.99,606.22,12251473
2024-04-08 19:25:47,606.22,612.07,583.4,591.8,10179836
2024-04-09 19:25:47,591.8,592.31,579.62,584.34,47585526
2024-04-10 19:25:47,584.34,592.33,562.31,569.96,26507406
2024-04-11 19:25:47,569.96,578.98,558.67,569.08,8214738
2024-04-12 19:25:47,569.08,579.97,554.29,555.14,23642947
2024-04-13 19:25:47,555.14,558.23,546.17,553.34,39119530
2024-04-14 19:25:47,553.34,553.85,535.16,541.17,16771998
2024-04-15 19:25:47,541.17,550.14,531.33,538.19,16430717
2024-04-16 19:25:47,538.19,543.88,523.02,528.56,22329234
2024-04-17 19:25:47,528.56,535.84,521.62,522.3,5731514
2024-04-18 19:25:47,522.3,534.44,516.78,531.97,45828249
2024-04-19 19:25:47,531.97,540.19,529.61,534.15,12084306
2024-04-20 19:25:47,534.15,539.12,516.59,523.96,12920847
2024-04-21 19:25:47,523.96,543.01,517.53,535.97,44144161
2024-04-22 19:25:47,535.97,544.09,517.87,520.73,37063486
2024-04-23 19:25:47,520.73,527.54,516.33,525.74,18431332
2024-04-24 19:25:47,525.74,530.25,516.51,520.22,43443502
2024-04-25 19:25:47,520.22,521.04,505.96,507.36,32998850
2024-04-26 19:25:47,507.36,516.02,492.12,492.94,30469871
2024-04-27 19:25:47,492.94,493.73,470.33,479.19,38118548
2024-04-28 19:25:47,479.19,490.14,474.99,482.66,37547979
2024-04-29 19:25:47,482.66,488.17,481.74,485.45,12678303
2024-04-30 19:25:47,485.45,492.91,469.24,473.96,14681031
2024-05-01 19:25:47,473.96,480.28,466.21,476.22,40299305
2024-05-02 19:25:47,476.22,485.41,461.41,466.1,18626372
2024-05-03 19:25:47,466.1,468.23,454.81,460.6,21669088
2024-05-04 19:25:47,460.6,467.47,453.55,464.11,34349122
2024-05-05 19:25:47,464.11,468.52,453.29,459.18,27207564
2024-05-06 19:25:47,459.18,476.65,456.21,467.67,37983763
2024-05-07 19:25:47,467.67,485.91,464.88,477.14,37271648
2024-05-08 19:25:47,477.14,478.54,462.68,467.77,36185599
2024-05-09 19:25:47,467.77,485.37,461.1,477.8,36245874
2024-05-10 19:25:47,477.8,496.14,470.88,490.92,10725563
2024-05-11 19:25:47,490.92,496.35,469.08,476.53,34924694
2024-05-12 19:25:47,476.53,490.78,470.64,485.3,43320684
2024-05-13 19:25:47,485.3,486.27,476.84,482.64,42389252
2024-05-14 19:25:47,482.64,498.98,480.63,494.62,7459969
2024-05-15 19:25:47,494.62,498.86,481.43,483.87,34167102
2024-05-16 19:25:47,483.87,484.85,468.3,477.24,36081089
2024-05-17 19:25:47,477.24,490.87,470.57,483.44,40833704
2024-05-18 19:25:47,483.44,489.49,469.8,472.82,19796681
2024-05-19 19:25:47,472.82,477.98,463.48,469.3,12983617
2024-05-20 19:25:47,469.3,474.2,466.1,471.03,15356132
2024-05-21 19:25:47,471.03,479.92,460.16,467.65,2521311
2024-05-22 19:25:47,467.65,468.65,459.18,465.64,14879792
2024-05-23 19:25:47,465.64,469.63,459.0,466.07,12725746
2024-05-24 19:25:47,466.07,472.66,463.38,467.97,49659575
2024-05-25 19:25:47,467.97,468.38,463.57,466.93,47263628
2024-05-26 19:25:47,466.93,473.38,449.83,456.25,11098966
2024-05-27 19:25:47,456.25,464.2,451.3,457.36,12298259
2024-05-28 19:25:47,457.36,462.94,453.87,461.37,16126734
2024-05-29 19:25:47,461.37,468.43,459.09,464.21,34329412
2024-05-30 19:25:47,464.21,469.67,449.33,458.23,13041195
2024-05-31 19:25:47,458.23,465.01,444.92,446.03,34325690
2024-06-01 19:25:47,446.03,459.45,442.78,451.21,14353848
2024-06-02 19:25:47,451.21,457.91,445.83,447.79,19535286
2024-06-03 19:25:47,447.79,449.66,434.02,434.87,38051315
2024-06-04 19:25:47,434.87,439.46,420.5,423.66,2330932
2024-06-05 19:25:47,423.66,427.3,415.56,420.43,4964360
2024-06-06 19:25:47,420.43,425.3,419.47,422.19,29405815
2024-06-07 19:25:47,422.19,429.32,415.46,421.3,4306417
2024-06-08 19:25:47,421.3,436.81,414.83,433.82,6287286
2024-06-09 19:25:47,433.82,434.58,421.37,426.25,10634094
2024-06-10 19:25:47,426.25,436.67,419.94,435.28,47728121
2024-06-11 19:25:47,435.28,451.97,430.79,443.91,13741489
2024-06-12 19:25:47,443.91,456.31,436.74,454.54,36599496
2024-06-13 19:25:47,454.54,454.95,448.2,453.26,42447502
2024-06-14 19:25:47,453.26,456.53,440.64,448.18,11919933
2024-06-15 19:25:47,448.18,452.1,440.96,446.53,20645539
2024-06-16 19:25:47,446.53,463.61,444.15,456.14,43603467
2024-06-17 19:25:47,456.14,461.51,441.75,442.81,14119639
2024-06-18 19:25:47,442.81,458.27,434.72,451.94,4320661
2024-06-19 19:25:47,451.94,452.76,445.79,447.24,39151750
2024-06-20 19:25:47,447.24,447.75,435.62,438.75,16888298
2024-06-21 19:25:47,438.75,443.66,433.32,440.47,5989660
2024-06-22 19:25:47,440.47,449.55,433.13,443.94,12595443
2024-06-23 19:25:47,443.94,448.82,436.65,446.58,38882791
2024-06-24 19:25:47,446.58,454.9,439.22,451.31,18868356
2024-06-25 19:25:47,451.31,453.32,437.71,443.16,9943648
2024-06-26 19:25:47,443.16,449.31,429.56,436.47,21933231
2024-06-27 19:25:47,436.47,453.14,430.38,448.71,10446792
2024-06-28 19:25:47,448.71,458.03,448.7,451.8,25591805
2024-06-29 19:25:47,451.8,465.65,447.12,457.51,22980347
2024-06-30 19:25:47,457.51,459.66,445.61,446.74,4544085
2024-07-01 19:25:47,446.74,450.01,435.13,440.19,39366665
2024-07-02 19:25:47,440.19,443.97,430.33,433.59,43829531
2024-07-03 19:25:47,433.59,439.64,422.61,430.03,8502507
2024-07-04 19:25:47,430.03,430.77,423.39,427.07,15104333
2024-07-05 19:25:47,427.07,431.87,426.21,430.45,12849352
2024-07-06 19:25:47,430.45,438.54,428.78,429.01,17910806
2024-07-07 19:25:47,429.01,431.25,427.86,430.4,10337196
2024-07-08 19:25:47,430.4,437.67,428.93,429.89,32255442
2024-07-09 19:25:47,429.89,443.76,422.0,439.02,40031948
2024-07-10 19:25:47,439.02,443.96,426.35,432.09,6499295
2024-07-11 19:25:47,432.09,432.88,420.54,426.42,17929038
2024-07-12 19:25:47,426.42,432.63,424.17,427.4,4341580
2024-07-13 19:25:47,427.4,427.45,421.29,422.38,21539955
2024-07-14 19:25:47,422.38,433.41,416.65,428.68,16908920
2024-07-15 19:25:47,428.68,430.79,417.7,422.37,15399615
2024-07-16 19:25:47,422.37,440.37,420.15,432.43,21752853
2024-07-17 19:25:47,432.43,437.67,423.73,426.79,1923354
2024-07-18 19:25:47,426.79,430.77,420.24,423.94,34985163
2024-07-19 19:25:47,423.94,438.12,416.94,429.74,3529515
2024-07-20 19:25:47,429.74,449.4,426.75,442.44,28727027
2024-07-21 19:25:47,442.44,460.87,439.2,454.22,12906373
2024-07-22 19:25:47,454.22,460.52,453.44,459.76,19706617
2024-07-23 19:25:47,459.76,468.79,456.76,459.81,7092969
2024-07-24 19:25:47,459.81,460.15,449.5,457.94,9457604
2024-07-25 19:25:47,457.94,465.29,451.39,455.06,29250881
2024-07-26 19:25:47,455.06,462.99,448.43,454.83,20427562
2024-07-27 19:25:47,454.83,459.27,439.72,441.95,42477710
2024-07-28 19:25:47,441.95,449.07,432.01,440.43,26329083
2024-07-29 19:25:47,440.43,457.11,433.26,452.71,30868817
2024-07-30 19:25:47,452.71,458.58,443.6,452.59,45485312
2024-07-31 19:25:47,452.59,457.93,446.12,454.43,47290175
2024-08-01 19:25:47,454.43,459.7,445.7,458.26,15116501
2024-08-02 19:25:47,458.26,461.09,448.83,449.0,5641532
2024-08-03 19:25:47,449.0,469.16,443.79,461.32,4304382
2024-08-04 19:25:47,461.32,478.55,458.58,470.95,3343792
2024-08-05 19:25:47,470.95,479.86,463.83,472.68,25453042
2024-08-06 19:25:47,472.68,489.24,469.6,483.34,32952318
2024-08-07 19:25:47,483.34,488.76,472.63,481.65,31851530
2024-08-08 19:25:47,481.65,487.46,470.61,477.25,48008492
2024-08-09 19:25:47,477.25,477.49,473.76,477.06,20818199
2024-08-10 19:25:47,477.06,483.69,474.75,475.92,3174976
2024-08-11 19:25:47,475.92,483.86,470.28,473.95,41672590
2024-08-12 19:25:47,473.95,477.19,473.63,475.86,15757538
2024-08-13 19:25:47,475.86,489.87,467.03,484.76,29348336
2024-08-14 19:25:47,484.76,491.61,478.33,490.81,15321948
2024-08-15 19:25:47,490.81,500.42,478.13,487.46,48927585
2024-08-16 19:25:47,487.46,499.36,486.67,497.51,23805068
2024-08-17 19:25:47,497.51,507.26,491.35,501.95,27426952
2024-08-18 19:25:47,501.95,511.88,490.51,500.12,6509470
2024-08-19 19:25:47,500.12,520.67,497.51,512.42,10780049
2024-08-20 19:25:47,512.42,526.4,507.58,521.96,20666148
2024-08-21 19:25:47,521.96,524.18,508.34,510.65,21839238
2024-08-22 19:25:47,510.65,519.83,497.18,504.22,45515193
2024-08-23 19:25:47,504.22,515.25,503.86,514.62,6413909
2024-08-24 19:25:47,514.62,526.6,507.7,526.2,22740732
2024-08-25 19:25:47,526.2,530.05,509.07,517.61,8877009
2024-08-26 19:25:47,517.61,524.93,497.25,505.5,21388848
2024-08-27 19:25:47,505.5,514.61,504.34,504.36,44569932
2024-08-28 19:25:47,504.36,507.74,494.61,500.3,23522193
2024-08-29 19:25:47,500.3,512.01,491.66,510.61,46170442
2024-08-30 19:25:47,510.61,520.73,489.97,497.96,10150188
2024-08-31 19:25:47,497.96,502.92,490.3,492.02,28824441
2024-09-01 19:25:47,492.02,501.42,490.54,498.07,35802135
2024-09-02 19:25:47,498.07,503.47,481.5,489.56,4025965
2024-09-03 19:25:47,489.56,497.43,486.1,489.76,49224997
2024-09-04 19:25:47,489.76,501.04,481.82,496.02,33996319
2024-09-05 19:25:47,496.02,517.17,495.32,507.24,45085336
2024-09-06 19:25:47,507.24,507.78,485.82,493.46,27232729
2024-09-07 19:25:47,493.46,508.41,489.34,503.4,11840104
2024-09-08 19:25:47,503.4,504.0,487.11,495.77,15727479
2024-09-09 19:25:47,495.77,496.72,478.93,487.27,48447794
2024-09-10 19:25:47,487.27,498.56,485.64,498.45,47908034
2024-09-11 19:25:47,498.45,502.01,488.94,491.41,28444430
2024-09-12 19:25:47,491.41,508.7,488.1,504.85,40288345
2024-09-13 19:25:47,504.85,505.94,487.34,494.31,31990507
2024-09-14 19:25:47,494.31,503.08,480.85,483.78,14678379
2024-09-15 19:25:47,483.78,491.54,467.33,476.31,5800875
2024-09-16 19:25:47,476.31,486.99,470.05,486.48,21857163
2024-09-17 19:25:47,486.48,501.61,478.23,492.87,19476218
2024-09-18 19:25:47,492.87,510.37,483.08,504.43,26236639
2024-09-19 19:25:47,504.43,505.03,488.57,490.63,28162863
2024-09-20 19:25:47,490.63,505.1,481.82,497.96,47356847
2024-09-21 19:25:47,497.96,517.14,491.07,511.8,30513308
2024-09-22 19:25:47,511.8,520.58,506.44,509.86,34288458
2024-09-23 19:25:47,509.86,532.12,508.82,522.19,48730470
2024-09-24 19:25:47,522.19,545.58,520.98,534.98,37202213
2024-09-25 19:25:47,534.98,545.67,513.9,520.77,17562433
2024-09-26 19:25:47,520.77,526.8,511.6,511.97,27748639
2024-09-27 19:25:47,511.97,512.34,506.61,511.31,20246391
2024-09-28 19:25:47,511.31,517.83,491.3,496.28,28839116
2024-09-29 19:25:47,496.28,501.83,481.39,487.99,27258648
2024-09-30 19:25:47,487.99,488.64,476.49,479.98,35020510
2024-10-01 19:25:47,479.98,488.44,468.54,469.95,27839492
2024-10-02 19:25:47,469.95,486.16,462.53,479.29,4203497
2024-10-03 19:25:47,479.29,485.65,476.12,483.71,43820155
2024-10-04 19:25:47,483.71,486.06,481.26,485.13,8575038
2024-10-05 19:25:47,485.13,493.11,465.51,472.61,39306177
2024-10-06 19:25:47,472.61,487.42,467.44,484.33,22677856
2024-10-07 19:25:47,484.33,494.07,478.88,489.55,25002187
2024-10-08 19:25:47,489.55,497.7,475.72,481.24,5628301
2024-10-09 19:25:47,481.24,494.17,480.65,488.23,31564596
2024-10-10 19:25:47,488.23,489.31,478.52,481.19,38479233
2024-10-11 19:25:47,481.19,489.42,470.95,475.89,35253867
2024-10-12 19:25:47,475.89,485.89,470.39,481.14,35791190
2024-10-13 19:25:47,481.14,495.12,475.26,487.26,35999936
2024-10-14 19:25:47,487.26,489.53,468.49,476.01,14168633
2024-10-15 19:25:47,476.01,484.28,467.01,481.6,16445573
2024-10-16 19:25:47,481.6,502.8,479.47,493.82,47629281
2024-10-17 19:25:47,493.82,494.54,492.01,494.32,27243343
2024-10-18 19:25:47,494.32,502.13,483.53,486.91,26823915
2024-10-19 19:25:47,486.91,499.88,486.76,491.99,3533753
2024-10-20 19:25:47,491.99,497.1,491.03,494.29,37337945
2024-10-21 19:25:47,494.29,497.05,481.79,487.51,18248327
2024-10-22 19:25:47,487.51,496.83,480.02,489.74,17146303
2024-10-23 19:25:47,489.74,497.63,471.18,480.64,9941881
2024-10-24 19:25:47,480.64,489.7,480.51,483.3,4751879
2024-10-25 19:25:47,483.3,492.47,464.8,470.36,45096667
2024-10-26 19:25:47,470.36,491.44,464.57,483.39,38884139
2024-10-27 19:25:47,483.39,491.92,469.0,475.19,36139498
2024-10-28 19:25:47,475.19,486.45,467.41,481.26,49352683
2024-10-29 19:25:47,481.26,487.02,477.46,485.8,3141318
2024-10-30 19:25:47,485.8,499.17,485.66,492.74,22468382
2024-10-31 19:25:47,492.74,496.28,481.25,483.57,14216504
2024-11-01 19:25:47,483.57,487.28,479.11,486.74,5935277
2024-11-02 19:25:47,486.74,495.43,473.91,475.93,37899362
2024-11-03 19:25:47,475.93,481.67,469.97,480.89,28990797
2024-11-04 19:25:47,480.89,488.61,478.49,484.14,49552049
2024-11-05 19:25:47,484.14,493.0,476.14,489.02,21175844
2024-11-06 19:25:47,489.02,496.31,472.46,479.4,49824122
2024-11-07 19:25:47,479.4,481.65,467.98,472.42,44967720
2024-11-08 19:25:47,472.42,476.73,467.6,469.74,45093886
2024-11-09 19:25:47,469.74,471.1,457.79,462.47,34742910
2024-11-10 19:25:47,462.47,481.63,456.39,472.5,7216610
2024-11-11 19:25:47,472.5,476.68,457.9,462.93,12166318
2024-11-12 19:25:47,462.93,470.97,449.65,456.46,29962687
2024-11-13 19:25:47,456.46,460.15,441.36,443.01,10048396
2024-11-14 19:25:47,443.01,450.27,440.7,444.51,39750646
2024-11-15 19:25:47,444.51,448.19,433.3,434.34,28060087
2024-11-16 19:25:47,434.34,440.11,419.77,426.83,34394622
2024-11-17 19:25:47,426.83,435.06,419.63,422.29,9730032
2024-11-18 19:25:47,422.29,427.92,407.52,414.31,48005612
2024-11-19 19:25:47,414.31,419.05,403.42,404.32,30746155
2024-11-20 19:25:47,404.32,408.16,393.45,397.16,32086098
2024-11-21 19:25:47,397.16,404.9,390.44,402.06,2566719
2024-11-22 19:25:47,402.06,411.55,395.12,405.77,47364871
2024-11-23 19:25:47,405.77,409.79,404.89,405.76,19805826
2024-11-24 19:25:47,405.76,412.93,388.49,394.39,1366046
2024-11-25 19:25:47,394.39,396.71,385.0,387.75,28204659
2024-11-26 19:25:47,387.75,390.66,384.3,384.96,24246263
2024-11-27 19:25:47,384.96,386.09,381.48,382.84,11705261
2024-11-28 19:25:47,382.84,384.16,376.72,381.75,17640865
2024-11-29 19:25:47,381.75,382.53,373.7,381.26,4417403
2024-11-30 19:25:47,381.26,388.11,375.55,381.85,12075483
2024-12-01 19:25:47,381.85,381.98,374.57,380.79,23092734
2024-12-02 19:25:47,380.79,381.17,362.95,369.91,38191252
2024-12-03 19:25:47,369.91,385.57,365.18,380.67,44517831
2024-12-04 19:25:47,380.67,387.61,367.68,370.55,37937428
2024-12-05 19:25:47,370.55,377.66,365.63,372.51,35381990
2024-12-06 19:25:47,372.51,384.43,367.27,378.33,1359603
2024-12-07 19:25:47,378.33,385.41,375.22,383.6,36058798
2024-12-08 19:25:47,383.6,390.21,372.24,373.17,35974338
2024-12-09 19:25:47,373.17,374.31,359.93,366.77,13985623
2024-12-10 19:25:47,366.77,370.79,366.52,369.6,27632423
2024-12-11 19:25:47,369.6,371.86,363.03,368.29,2569090
2024-12-12 19:25:47,368.29,377.74,360.95,374.48,25425246
2024-12-13 19:25:47,374.48,383.64,369.86,380.56,41232858
2024-12-14 19:25:47,380.56,395.84,378.76,390.83,21954078
2024-12-15 19:25:47,390.83,395.93,376.32,383.51,40607381
2024-12-16 19:25:47,383.51,394.16,383.13,387.05,31962732
2024-12-17 19:25:47,387.05,391.07,377.91,380.69,49523107
2024-12-18 19:25:47,380.69,398.15,374.43,391.56,8818747
2024-12-19 19:25:47,391.56,402.62,388.55,397.31,40415863
2024-12-20 19:25:47,397.31,404.8,385.27,392.18,14573167
2024-12-21 19:25:47,392.18,396.47,388.05,393.22,3569856
2024-12-22 19:25:47,393.22,396.39,387.65,395.48,33771642
2024-12-23 19:25:47,395.48,402.18,393.62,396.51,36283509
2024-12-24 19:25:47,396.51,398.16,389.07,396.19,15769121
2024-12-25 19:25:47,396.19,398.56,393.07,396.25,12430219
2024-12-26 19:25:47,396.25,402.38,389.84,396.7,39889813
2024-12-27 19:25:47,396.7,401.85,395.77,398.13,37953436
2024-12-28 19:25:47,398.13,404.17,391.84,395.98,49965301
2024-12-29 19:25:47,395.98,409.46,392.64,403.62,46345096
2024-12-30 19:25:47,403.62,407.89,395.19,396.12,19265895
2024-12-31 19:25:47,396.12,398.26,392.11,394.63,14598494
2025-01-01 19:25:47,394.63,396.5,389.82,391.14,28833646
2025-01-02 19:25:47,391.14,406.97,389.4,400.97,36415550
2025-01-03 19:25:47,400.97,410.61,400.84,408.75,29765337
2025-01-04 19:25:47,408.75,414.86,399.34,399.55,42533065
2025-01-05 19:25:47,399.55,411.61,395.55,407.16,22550361
2025-01-06 19:25:47,407.16,413.78,405.85,408.38,26393393
2025-01-07 19:25:47,408.38,410.58,395.6,402.44,3462353
2025-01-08 19:25:47,402.44,418.83,402.0,410.67,46459776
2025-01-09 19:25:47,410.67,425.03,409.16,420.02,12587070
2025-01-10 19:25:47,420.02,429.65,412.86,425.31,5611636
2025-01-11 19:25:47,425.31,437.79,423.83,436.19,47036840
2025-01-12 19:25:47,436.19,440.71,421.11,429.51,25399235
2025-01-13 19:25:47,429.51,435.36,425.37,428.24,26361956
2025-01-14 19:25:47,428.24,432.28,421.43,425.13,12347556
2025-01-15 19:25:47,425.13,425.35,407.65,415.46,29099931
2025-01-16 19:25:47,415.46,423.08,409.2,415.34,28751599
2025-01-17 19:25:47,415.34,423.95,414.77,416.53,36419086
2025-01-18 19:25:47,416.53,431.91,414.72,428.6,38724398
2025-01-19 19:25:47,428.6,429.67,418.14,421.97,17714475
2025-01-20 19:25:47,421.97,428.76,413.02,414.62,11792021
2025-01-21 19:25:47,414.62,416.29,412.12,415.69,39703620
2025-01-22 19:25:47,415.69,419.05,414.58,417.95,32651310
2025-01-23 19:25:47,417.95,437.84,416.93,429.64,24140537
2025-01-24 19:25:47,429.64,437.86,423.18,433.83,16402524
2025-01-25 19:25:47,433.83,449.64,432.67,441.22,47408339
2025-01-26 19:25:47,441.22,452.54,434.68,448.01,28943471
2025-01-27 19:25:47,448.01,453.35,430.95,434.6,18459767
2025-01-28 19:25:47,434.6,439.5,425.26,428.32,28672232
2025-01-29 19:25:47,428.32,442.27,428.23,441.1,6936245
2025-01-30 19:25:47,441.1,449.22,439.46,444.76,13503035
2025-01-31 19:25:47,444.76,446.28,438.27,439.82,41190575
2025-02-01 19:25:47,439.82,444.56,437.9,441.65,44845328
2025-02-02 19:25:47,441.65,449.98,432.53,433.43,30886653
2025-02-03 19:25:47,433.43,438.41,425.66,432.82,44789629
2025-02-04 19:25:47,432.82,438.66,416.21,423.26,15067480
2025-02-05 19:25:47,423.26,430.6,419.24,420.7,37969532
2025-02-06 19:25:47,420.7,437.3,412.87,429.29,31042463
2025-02-07 19:25:47,429.29,446.96,424.55,441.86,12067982
2025-02-08 19:25:47,441.86,448.94,421.46,429.11,38855896
2025-02-09 19:25:47,429.11,432.12,428.91,431.07,11470640
2025-02-10 19:25:47,431.07,436.14,425.33,435.67,48838038
2025-02-11 19:25:47,435.67,443.73,428.51,438.41,27230679
2025-02-12 19:25:47,438.41,445.37,423.07,429.44,22985084
2025-02-13 19:25:47,429.44,436.81,423.92,434.38,10299638
2025-02-14 19:25:47,434.38,442.24,431.23,437.67,5153697
2025-02-15 19:25:47,437.67,441.05,420.07,425.79,26553645
2025-02-16 19:25:47,425.79,435.93,422.82,433.65,18216149
2025-02-17 19:25:47,433.65,450.05,429.46,444.69,2954810
2025-02-18 19:25:47,444.69,464.28,436.11,455.78,34914171
2025-02-19 19:25:47,455.78,458.21,440.9,444.88,30332599
2025-02-20 19:25:47,444.88,445.31,439.64,439.68,49141815
2025-02-21 19:25:47,439.68,448.41,419.8,426.5,33914728
2025-02-22 19:25:47,426.5,433.16,410.0,417.2,23145200
2025-02-23 19:25:47,417.2,420.28,409.06,418.6,16237036
2025-02-24 19:25:47,418.6,424.76,412.07,420.88,7599618
2025-02-25 19:25:47,420.88,423.48,412.79,417.04,16226785
2025-02-26 19:25:47,417.04,427.12,410.94,423.87,47186876
2025-02-27 19:25:47,423.87,429.78,420.17,429.04,7825745
2025-02-28 19:25:47,429.04,432.2,413.05,421.16,27555805
2025-03-01 19:25:47,421.16,441.63,416.49,433.58,23140402
2025-03-02 19:25:47,433.58,434.65,416.47,421.95,12111483
2025-03-03 19:25:47,421.95,425.69,415.05,419.27,41111590
2025-03-04 19:25:47,419.27,427.41,416.53,426.16,43621874
2025-03-05 19:25:47,426.16,440.67,417.72,437.2,20299276
2025-03-06 19:25:47,437.2,447.99,429.37,443.99,10428409
2025-03-07 19:25:47,443.99,448.83,440.67,446.2,6707822
2025-03-08 19:25:47,446.2,454.15,434.72,435.47,21098716
2025-03-09 19:25:47,435.47,440.79,430.07,431.13,29392860
2025-03-10 19:25:47,431.13,439.43,413.66,418.67,33022400
2025-03-11 19:25:47,418.67,435.58,411.86,430.58,41808972
2025-03-12 19:25:47,430.58,434.05,419.0,419.62,48768482
2025-03-13 19:25:47,419.62,427.92,415.93,425.57,40536677
2025-03-14 19:25:47,425.57,435.2,418.32,431.78,3660527
2025-03-15 19:25:47,431.78,446.73,423.65,442.77,46278554
2025-03-16 19:25:47,442.77,451.95,442.34,443.51,17536187
2025-03-17 19:25:47,443.51,451.82,431.36,439.49,19927682
2025-03-18 19:25:47,439.49,446.92,431.67,436.93,2867576
2025-03-19 19:25:47,436.93,437.83,418.88,425.82,40813175
2025-03-20 19:25:47,425.82,441.74,417.68,438.32,31907586
2025-03-21 19:25:47,438.32,441.04,422.32,425.73,2590569
2025-03-22 19:25:47,425.73,432.28,418.02,430.18,20424127
2025-03-23 19:25:47,430.18,440.71,428.68,439.04,13834814
2025-03-24 19:25:47,439.04,443.71,425.13,432.07,37016446
2025-03-25 19:25:47,432.07,447.68,424.26,441.03,27638484
2025-03-26 19:25:47,441.03,456.93,436.06,451.13,37563448
2025-03-27 19:25:47,451.13,456.89,433.35,438.9,10504376
2025-03-28 19:25:47,438.9,454.8,431.66,447.95,16637202
2025-03-29 19:25:47,447.95,458.08,446.75,453.76,40781303
2025-03-30 19:25:47,453.76,454.45,440.32,447.41,45897695
2025-03-31 19:25:47,447.41,455.24,444.82,453.45,23872579
2025-04-01 19:25:47,453.45,462.25,445.08,449.6,23872476
2025-04-02 19:25:47,449.6,454.51,443.22,445.73,4442182
2025-04-03 19:25:47,445.73,449.54,431.15,438.63,31991744
2025-04-04 19:25:47,438.63,443.47,435.6,442.78,13513117
2025-04-05 19:25:47,442.78,459.58,434.41,455.21,43255692
2025-04-06 19:25:47,455.21,460.24,438.67,443.87,11219777
2025-04-07 19:25:47,443.87,445.92,435.35,445.71,44737276
2025-04-08 19:25:47,445.71,452.02,427.54,436.05,2519543
2025-04-09 19:25:47,436.05,441.09,433.79,436.28,46901765
2025-04-10 19:25:47,436.28,452.41,433.47,449.07,27997891
2025-04-11 19:25:47,449.07,456.62,438.87,443.89,24029417
2025-04-12 19:25:47,443.89,457.58,438.33,454.24,21390814
2025-04-13 19:25:47,454.24,473.08,449.3,466.38,25419314
2025-04-14 19:25:47,466.38,470.75,458.23,469.27,8892621
2025-04-15 19:25:47,469.27,475.97,465.39,473.63,31672280
2025-04-16 19:25:47,473.63,491.27,473.26,486.41,1979838
2025-04-17 19:25:47,486.41,494.25,484.77,487.97,25278154
2025-04-18 19:25:47,487.97,495.3,472.42,480.06,35306179
2025-04-19 19:25:47,480.06,480.63,468.54,476.24,40816177
2025-04-20 19:25:47,476.24,478.47,472.16,473.49,26511437
2025-04-21 19:25:47,473.49,473.62,462.87,470.13,46736608
2025-04-22 19:25:47,470.13,475.55,465.96,473.36,6299126
2025-04-23 19:25:47,473.36,477.59,454.2,462.95,46164531
2025-04-24 19:25:47,462.95,467.92,456.4,458.44,46444999
2025-04-25 19:25:47,458.44,461.11,449.43,450.94,36851466
2025-04-26 19:25:47,450.94,456.41,444.13,453.72,37598478
2025-04-27 19:25:47,453.72,467.83,451.72,460.53,39610262
2025-04-28 19:25:47,460.53,470.05,458.13,464.56,47616270
2025-04-29 19:25:47,464.56,473.49,460.07,464.76,36385262
2025-04-30 19:25:47,464.76,472.57,448.54,452.75,31876599
2025-05-01 19:25:47,452.75,458.54,448.87,451.85,18577743
2025-05-02 19:25:47,451.85,458.4,445.24,449.99,49136006
2025-05-03 19:25:47,449.99,455.11,433.17,441.0,3972320
2025-05-04 19:25:47,441.0,457.38,440.44,450.47,5931022
2025-05-05 19:25:47,450.47,451.17,444.37,445.14,22890389
2025-05-06 19:25:47,445.14,461.77,440.78,457.59,37713377
2025-05-07 19:25:47,457.59,464.6,438.34,447.17,14383183
2025-05-08 19:25:47,447.17,455.92,431.32,433.9,40384499
2025-05-09 19:25:47,433.9,442.01,425.06,425.28,10356571
2025-05-10 19:25:47,425.28,428.38,419.32,424.61,2491487
2025-05-11 19:25:47,424.61,437.17,422.79,434.33,43640289
2025-05-12 19:25:47,434.33,438.17,418.87,427.27,45048173
2025-05-13 19:25:47,427.27,446.66,423.03,438.35,27564505
2025-05-14 19:25:47,438.35,441.03,422.19,426.91,19821177
2025-05-15 19:25:47,426.91,435.28,415.28,415.56,25398946
2025-05-16 19:25:47,415.56,419.86,410.24,412.6,39122735
2025-05-17 19:25:47,412.6,415.39,398.82,400.43,16512254
2025-05-18 19:25:47,400.43,405.78,388.96,389.91,6169867
2025-05-19 19:25:47,389.91,396.43,385.0,388.09,39804975
2025-05-20 19:25:47,388.09,391.77,377.37,383.61,5724231
2025-05-21 19:25:47,383.61,388.81,376.33,385.9,37718956
2025-05-22 19:25:47,385.9,401.06,380.96,395.92,47081884
2025-05-23 19:25:47,395.92,400.37,395.55,399.99,42437405
2025-05-24 19:25:47,399.99,404.82,392.85,393.33,1310536
2025-05-25 19:25:47,393.33,404.52,389.6,397.64,23511742
2025-05-26 19:25:47,397.64,399.28,385.12,388.43,9605369
2025-05-27 19:25:47,388.43,394.05,379.8,383.04,10670827
2025-05-28 19:25:47,383.04,390.39,374.52,377.63,27544094
2025-05-29 19:25:47,377.63,391.85,374.72,384.92,8872856
2025-05-30 19:25:47,384.92,389.17,377.33,386.45,6041276
2025-05-31 19:25:47,386.45,398.18,381.0,395.64,5593557
2025-06-01 19:25:47,395.64,398.48,387.78,396.77,16031059
2025-06-02 19:25:47,396.77,397.3,385.32,391.14,48532185
2025-06-03 19:25:47,391.14,395.62,382.56,384.63,5048598
2025-06-04 19:25:47,384.63,386.56,370.46,374.81,16066391
2025-06-05 19:25:47,374.81,379.69,369.42,374.69,13888026
2025-06-06 19:25:47,374.69,380.92,364.89,367.72,35453062
2025-06-07 19:25:47,367.72,371.92,365.97,368.14,7104861
2025-06-08 19:25:47,368.14,379.95,367.25,375.3,37219286
2025-06-09 19:25:47,375.3,380.47,365.59,368.66,36419507
2025-06-10 19:25:47,368.66,370.92,360.25,360.81,21155483
2025-06-11 19:25:47,360.81,369.47,360.07,364.63,25675866
2025-06-12 19:25:47,364.63,382.48,363.99,375.27,9397353
2025-06-13 19:25:47,375.27,384.45,367.99,380.54,29077519
2025-06-14 19:25:47,380.54,385.53,365.71,372.07,40693654
2025-06-15 19:25:47,372.07,374.89,366.72,374.59,25072399
2025-06-16 19:25:47,374.59,386.3,374.39,379.11,48309708
2025-06-17 19:25:47,379.11,393.84,372.29,389.63,11205464
2025-06-18 19:25:47,389.63,390.34,372.11,378.13,49828093
2025-06-19 19:25:47,378.13,384.36,363.28,367.19,10044091
2025-06-20 19:25:47,367.19,378.58,365.33,376.85,39897555
2025-06-21 19:25:47,376.85,383.28,374.97,378.25,26586627
2025-06-22 19:25:47,378.25,379.71,372.09,373.24,18971869
2025-06-23 19:25:47,373.24,375.22,363.81,370.54,2766391
2025-06-24 19:25:47,370.54,376.09,362.66,364.54,46868758
2025-06-25 19:25:47,364.54,365.42,357.56,363.2,2959538
2025-06-26 19:25:47,363.2,378.02,361.99,371.11,40389080
2025-06-27 19:25:47,371.11,382.1,367.94,381.86,10629394
2025-06-28 19:25:47,381.86,387.13,374.93,386.26,33316970
2025-06-29 19:25:47,386.26,387.11,378.72,387.09,37979014
2025-06-30 19:25:47,387.09,403.52,384.91,396.43,36229493
2025-07-01 19:25:47,396.43,402.95,394.64,399.36,2954728
2025-07-02 19:25:47,399.36,407.07,386.03,388.78,13425716
2025-07-03 19:25:47,388.78,391.34,372.88,378.33,40184825
2025-07-04 19:25:47,378.33,387.43,370.91,382.21,48072387
2025-07-05 19:25:47,382.21,396.15,377.2,390.2,29481918
2025-07-06 19:25:47,390.2,407.44,382.72,401.84,19871208
2025-07-07 19:25:47,401.84,405.67,397.86,399.43,16673362
2025-07-08 19:25:47,399.43,407.24,385.47,389.74,34111998
2025-07-09 19:25:47,389.74,401.46,382.49,398.02,38010130
2025-07-10 19:25:47,398.02,409.41,397.78,405.89,6941351
2025-07-11 19:25:47,405.89,408.48,394.76,398.03,15971503
2025-07-12 19:25:47,398.03,399.24,389.68,394.77,34950313
2025-07-13 19:25:47,394.77,396.33,386.51,387.45,9793374
2025-07-14 19:25:47,387.45,393.58,386.02,390.38,22551205
2025-07-15 19:25:47,390.38,397.23,382.58,395.96,37748609
2025-07-16 19:25:47,395.96,398.88,390.83,393.57,29321909
2025-07-17 19:25:47,393.57,404.44,391.49,404.15,9150643
2025-07-18 19:25:47,404.15,412.65,398.17,412.53,29196920
2025-07-19 19:25:47,412.53,418.1,403.11,405.05,13507819
2025-07-20 19:25:47,405.05,410.6,400.4,403.08,18336256
2025-07-21 19:25:47,403.08,403.8,393.19,395.89,43345734
2025-07-22 19:25:47,395.89,397.82,385.23,388.89,7387579
2025-07-23 19:25:47,388.89,396.83,382.95,396.16,25716949
2025-07-24 19:25:47,396.16,403.63,380.99,385.89,2302425
2025-07-25 19:25:47,385.89,390.32,382.33,389.14,35141102
2025-07-26 19:25:47,389.14,391.64,380.37,381.92,25344394
2025-07-27 19:25:47,381.92,399.33,379.0,392.35,15760375
2025-07-28 19:25:47,392.35,401.71,384.81,397.15,16497532
2025-07-29 19:25:47,397.15,402.21,390.6,402.15,17578985
2025-07-30 19:25:47,402.15,408.62,394.82,400.95,42550703
2025-07-31 19:25:47,400.95,401.05,391.51,392.02,27494580
2025-08-01 19:25:47,392.02,397.58,384.26,392.88,35783255
2025-08-02 19:25:47,392.88,396.47,386.99,395.45,31495239
2025-08-03 19:25:47,395.45,397.06,394.75,397.06,49248522
2025-08-04 19:25:47,397.06,413.1,389.43,407.39,10856796
2025-08-05 19:25:47,407.39,414.02,401.9,406.85,22432559
2025-08-06 19:25:47,406.85,410.39,395.79,398.57,22395952
2025-08-07 19:25:47,398.57,406.42,395.17,399.8,10350698
2025-08-08 19:25:47,399.8,404.48,397.64,399.79,9020835
2025-08-09 19:25:47,399.79,400.7,393.32,397.72,33624922
2025-08-10 19:25:47,397.72,400.48,387.52,387.76,27742616
2025-08-11 19:25:47,387.76,393.69,378.25,383.87,32626490
2025-08-12 19:25:47,383.87,393.34,376.45,388.5,35119973
2025-08-13 19:25:47,388.5,391.21,381.29,382.61,35511625
2025-08-14 19:25:47,382.61,386.42,370.39,371.43,22364958
2025-08-15 19:25:47,371.43,387.41,368.82,381.28,8779017
2025-08-16 19:25:47,381.28,393.78,375.52,391.1,49572954
2025-08-17 19:25:47,391.1,398.3,385.04,385.29,25942744
2025-08-18 19:25:47,385.29,388.41,372.68,375.65,45609327
2025-08-19 19:25:47,375.65,382.17,369.87,378.09,13119786
2025-08-20 19:25:47,378.09,379.42,367.01,369.18,43942382
2025-08-21 19:25:47,369.18,374.4,358.41,361.58,26523823
2025-08-22 19:25:47,361.58,363.03,357.29,358.22,4335193
2025-08-23 19:25:47,358.22,362.93,357.08,362.11,11811535
2025-08-24 19:25:47,362.11,368.49,354.97,357.24,28458673
2025-08-25 19:25:47,357.24,364.98,356.88,357.9,31148012
2025-08-26 19:25:47,357.9,367.27,356.82,364.87,28356768
2025-08-27 19:25:47,364.87,382.02,361.67,375.37,43740518
2025-08-28 19:25:47,375.37,390.8,374.91,383.56,12077641
2025-08-29 19:25:47,383.56,388.2,372.46,376.72,43016736
2025-08-30 19:25:47,376.72,385.13,370.93,381.18,49226985
2025-08-31 19:25:47,381.18,384.87,380.99,382.51,35185104
2025-09-01 19:25:47,382.51,396.73,379.79,389.06,7190988
2025-09-02 19:25:47,389.06,402.75,381.48,400.68,48255118
2025-09-03 19:25:47,400.68,416.97,395.61,409.9,49980276
2025-09-04 19:25:47,409.9,423.64,408.55,421.32,31721045
2025-09-05 19:25:47,421.32,435.09,420.76,431.01,19218458
2025-09-06 19:25:47,431.01,438.62,415.98,422.02,30368505
2025-09-07 19:25:47,422.02,424.39,418.93,424.38,36254083
2025-09-08 19:25:47,424.38,426.17,408.59,416.19,4762412
2025-09-09 19:25:47,416.19,416.56,405.53,406.26,11815236
2025-09-10 19:25:47,406.26,418.87,402.0,414.31,11924696
2025-09-11 19:25:47,414.31,419.32,399.81,406.38,34051948
2025-09-12 19:25:47,406.38,406.94,394.13,394.25,40836132
2025-09-13 19:25:47,394.25,395.85,383.29,384.8,9582954
2025-09-14 19:25:47,384.8,395.74,381.19,389.97,1489949
2025-09-15 19:25:47,389.97,393.5,373.5,379.74,4449208
2025-09-16 19:25:47,379.74,383.33,371.02,372.76,13060413
2025-09-17 19:25:47,372.76,387.61,372.18,383.43,2385678
2025-09-18 19:25:47,383.43,394.28,378.0,389.72,6685726
2025-09-19 19:25:47,389.72,397.13,387.65,389.55,35762941
2025-09-20 19:25:47,389.55,391.51,377.99,382.28,20414619
2025-09-21 19:25:47,382.28,383.33,380.64,381.19,21939074
2025-09-22 19:25:47,381.19,385.08,377.52,381.22,14101867
2025-09-23 19:25:47,381.22,393.02,376.59,386.66,28570539
2025-09-24 19:25:47,386.66,390.61,377.04,377.67,8664897
2025-09-25 19:25:47,377.67,383.96,366.18,367.07,17614685
2025-09-26 19:25:47,367.07,370.09,353.66,356.64,1810858
2025-09-27 19:25:47,356.64,360.28,354.66,356.45,26453739
2025-09-28 19:25:47,356.45,367.19,349.89,361.31,7057963
2025-09-29 19:25:47,361.31,368.62,361.1,367.91,45561401
2025-09-30 19:25:47,367.91,378.62,362.67,371.77,7447096
2025-10-01 19:25:47,371.77,375.97,360.12,365.65,5708157
2025-10-02 19:25:47,365.65,371.82,359.36,368.84,23029439
2025-10-03 19:25:47,368.84,379.77,361.79,373.11,34927407
2025-10-04 19:25:47,373.11,380.37,370.42,379.51,30565521
2025-10-05 19:25:47,379.51,380.52,367.38,374.55,16226304
2025-10-06 19:25:47,374.55,377.15,374.46,376.77,18099099
2025-10-07 19:25:47,376.77,383.46,369.53,383.32,48252625
2025-10-08 19:25:47,383.32,386.79,380.35,383.97,3769365
2025-10-09 19:25:47,383.97,386.92,367.16,373.14,21631530
2025-10-10 19:25:47,373.14,377.06,367.25,371.37,9736664
2025-10-11 19:25:47,371.37,379.97,370.65,373.24,10772357
2025-10-12 19:25:47,373.24,379.87,366.43,372.57,42352450
2025-10-13 19:25:47,372.57,372.66,366.13,370.58,48134529
2025-10-14 19:25:47,370.58,380.83,364.86,379.17,10155379
2025-10-15 19:25:47,379.17,388.62,374.93,386.72,20250575
2025-10-16 19:25:47,386.72,393.72,376.23,378.67,19859027
2025-10-17 19:25:47,378.67,388.61,378.12,384.38,45933000
2025-10-18 19:25:47,384.38,387.24,381.75,383.53,28636533
2025-10-19 19:25:47,383.53,388.91,376.39,387.4,29170415
2025-10-20 19:25:47,387.4,389.5,379.53,385.74,11246458
2025-10-21 19:25:47,385.74,387.21,377.02,382.79,31188017
2025-10-22 19:25:47,382.79,389.15,376.82,379.64,31599978
2025-10-23 19:25:47,379.64,393.02,377.43,389.48,45858209
2025-10-24 19:25:47,389.48,391.07,383.44,386.02,31468156
2025-10-25 19:25:47,386.02,391.19,375.06,375.21,7344128
2025-10-26 19:25:47,375.21,387.9,369.74,385.8,17094384
2025-10-27 19:25:47,385.8,386.58,381.02,385.19,44509695
2025-10-28 19:25:47,385.19,389.63,376.78,383.23,6077259
2025-10-29 19:25:47,383.23,399.85,381.9,392.86,46716118
2025-10-30 19:25:47,392.86,396.26,389.21,395.86,38654144
2025-10-31 19:25:47,395.86,401.36,388.78,392.22,16678786
2025-11-01 19:25:47,392.22,397.46,388.1,388.64,7493592
2025-11-02 19:25:47,388.64,395.66,383.83,386.78,4583846
2025-11-03 19:25:47,386.78,391.39,381.8,383.72,26693176
2025-11-04 19:25:47,383.72,388.86,372.36,374.59,37714663
2025-11-05 19:25:47,374.59,381.9,363.36,365.94,20929745
2025-11-06 19:25:47,365.94,369.85,358.72,367.36,5462888
2025-11-07 19:25:47,367.36,368.59,363.46,367.86,20620262
2025-11-08 19:25:47,367.86,372.61,353.76,359.53,35106072
2025-11-09 19:25:47,359.53,365.89,344.78,349.68,9283151
2025-11-10 19:25:47,349.68,353.4,338.05,340.05,4265405
2025-11-11 19:25:47,340.05,343.8,330.44,336.53,46043715
2025-11-12 19:25:47,336.53,339.38,332.39,338.53,37156309
2025-11-13 19:25:47,338.53,344.15,329.66,331.48,20429767
2025-11-14 19:25:47,331.48,333.5,320.52,326.14,48900985
2025-11-15 19:25:47,326.14,328.96,316.58,316.83,38131832
2025-11-16 19:25:47,316.83,320.53,305.93,311.34,11616262
2025-11-17 19:25:47,311.34,316.79,306.45,312.65,32491396
2025-11-18 19:25:47,312.65,318.41,307.1,312.36,10108129
2025-11-19 19:25:47,312.36,314.39,306.14,309.34,25146241
2025-11-20 19:25:47,309.34,314.53,305.53,313.3,43105762
2025-11-21 19:25:47,313.3,317.3,300.39,304.29,48875657
2025-11-22 19:25:47,304.29,309.2,300.5,305.6,31094888
2025-11-23 19:25:47,305.6,311.39,299.62,308.17,26378151
2025-11-24 19:25:47,308.17,309.1,304.01,304.58,26240615
2025-11-25 19:25:47,304.58,313.26,302.04,307.8,21538629
2025-11-26 19:25:47,307.8,312.63,299.93,303.35,6982225
2025-11-27 19:25:47,303.35,307.75,295.22,298.29,30754366
2025-11-28 19:25:47,298.29,309.0,295.53,304.12,30238097
2025-11-29 19:25:47,304.12,308.37,297.16,302.64,26619853
2025-11-30 19:25:47,302.64,312.09,300.88,311.26,17096077
2025-12-01 19:25:47,311.26,325.59,305.06,320.29,4047081
2025-12-02 19:25:47,320.29,323.87,315.25,316.77,46896595
2025-12-03 19:25:47,316.77,329.08,310.94,323.72,2069183
2025-12-04 19:25:47,323.72,329.73,313.11,316.59,9375473
2025-12-05 19:25:47,316.59,324.23,312.28,318.95,33565157
2025-12-06 19:25:47,318.95,323.05,316.96,318.88,34180939
2025-12-07 19:25:47,318.88,318.93,313.64,315.63,2364302
2025-12-08 19:25:47,315.63,318.25,315.56,315.84,32075825
2025-12-09 19:25:47,315.84,316.9,304.71,306.93,19849508
2025-12-10 19:25:47,306.93,309.7,298.61,299.9,38716460
2025-12-11 19:25:47,299.9,310.49,294.55,307.58,49925268
2025-12-12 19:25:47,307.58,312.37,298.63,304.0,17203044
2025-12-13 19:25:47,304.0,312.76,303.25,309.26,25664342
2025-12-14 19:25:47,309.26,310.17,303.07,304.43,49536315
2025-12-15 19:25:47,304.43,305.75,297.37,301.24,34753581
2025-12-16 19:25:47,301.24,303.09,290.4,293.35,37988733
2025-12-17 19:25:47,293.35,300.6,288.1,296.37,24256457
2025-12-18 19:25:47,296.37,301.88,291.76,292.29,29222289
2025-12-19 19:25:47,292.29,293.68,283.67,286.11,35519660
2025-12-20 19:25:47,286.11,290.25,277.18,282.36,47180187
2025-12-21 19:25:47,282.36,282.71,277.51,278.59,7261277
2025-12-22 19:25:47,278.59,283.51,276.6,279.72,7891964
2025-12-23 19:25:47,279.72,282.89,271.19,276.08,20360368
2025-12-24 19:25:47,276.08,284.5,275.3,281.25,17536683
2025-12-25 19:25:47,281.25,286.14,274.52,279.22,43246437
2025-12-26 19:25:47,279.22,285.57,275.57,283.76,30822801
2025-12-27 19:25:47,283.76,296.86,281.54,291.66,38638495
2025-12-28 19:25:47,291.66,299.87,291.3,297.3,45734851
2025-12-29 19:25:47,297.3,302.49,292.86,295.63,44101148
2025-12-30 19:25:47,295.63,301.15,291.63,296.21,47934052
2025-12-31 19:25:47,296.21,301.02,294.26,295.34,40539403
2026-01-01 19:25:47,295.34,305.68,289.86,302.32,27884410
2026-01-02 19:25:47,302.32,314.33,300.54,310.27,42603675
2026-01-03 19:25:47,310.27,318.05,309.28,317.49,19646139
2026-01-04 19:25:47,317.49,322.8,314.36,318.61,26030550
2026-01-05 19:25:47,318.61,322.88,305.01,310.2,25495701
2026-01-06 19:25:47,310.2,315.19,302.87,305.89,31588975
2026-01-07 19:25:47,305.89,310.7,299.78,309.01,35349615
2026-01-08 19:25:47,309.01,317.87,306.34,314.85,31275741
2026-01-09 19:25:47,314.85,322.66,314.62,321.66,7187368
2026-01-10 19:25:47,321.66,321.99,311.56,316.87,22801271
2026-01-11 19:25:47,316.87,323.01,303.25,307.64,13893294
2026-01-12 19:25:47,307.64,309.86,299.21,305.04,31884943
2026-01-13 19:25:47,305.04,308.34,303.62,303.84,48210872
2026-01-14 19:25:47,303.84,307.61,300.32,303.5,42177698
2026-01-15 19:25:47,303.5,305.61,292.27,296.48,38281599
2026-01-16 19:25:47,296.48,306.35,294.9,302.04,13890642
2026-01-17 19:25:47,302.04,312.88,298.6,307.46,20514421
2026-01-18 19:25:47,307.46,311.85,296.75,298.54,28492087
2026-01-19 19:25:47,298.54,307.03,293.86,303.35,40456138
2026-01-20 19:25:47,303.35,305.54,294.5,295.41,1259146
2026-01-21 19:25:47,295.41,303.44,290.73,301.25,31226733
2026-01-22 19:25:47,301.25,306.11,300.7,306.06,29607497
2026-01-23 19:25:47,306.06,311.55,302.24,309.5,9141272
2026-01-24 19:25:47,309.5,312.02,304.97,305.72,2830322
2026-01-25 19:25:47,305.72,309.94,299.66,304.0,25608093
2026-01-26 19:25:47,304.0,307.56,294.37,296.24,40996150
2026-01-27 19:25:47,296.24,301.88,293.19,301.37,27203770
2026-01-28 19:25:47,301.37,312.55,298.56,309.69,25645913
2026-01-29 19:25:47,309.69,319.46,308.44,318.17,39928249
2026-01-30 19:25:47,318.17,321.83,312.15,318.41,38625021
2026-01-31 19:25:47,318.41,322.31,312.05,318.8,3051998
2026-02-01 19:25:47,318.8,324.04,311.32,315.27,47345445
2026-02-02 19:25:47,315.27,317.84,304.13,308.17,16396481
2026-02-03 19:25:47,308.17,312.25,304.57,308.05,42228625
2026-02-04 19:25:47,308.05,319.63,304.12,314.46,48074875
2026-02-05 19:25:47,314.46,314.74,307.13,309.41,33706414
2026-02-06 19:25:47,309.41,315.54,303.53,304.22,5955248
2026-02-07 19:25:47,304.22,308.26,295.04,296.86,42869299
2026-02-08 19:25:47,296.86,304.4,295.37,301.67,13411466
2026-02-09 19:25:47,301.67,303.93,290.78,295.1,33496066
2026-02-10 19:25:47,295.1,302.16,291.92,299.12,32660616
2026-02-11 19:25:47,299.12,303.04,288.94,290.48,3768501
2026-02-12 19:25:47,290.48,305.01,290.12,299.1,20597333
2026-02-13 19:25:47,299.1,304.24,295.46,297.54,16532418
2026-02-14 19:25:47,297.54,299.61,296.36,296.46,13281679
2026-02-15 19:25:47,296.46,298.11,289.99,290.88,49894306
2026-02-16 19:25:47,290.88,294.45,287.07,291.39,35295844
2026-02-17 19:25:47,291.39,293.98,283.22,287.77,31955990
2026-02-18 19:25:47,287.77,297.28,286.92,294.33,4148176
2026-02-19 19:25:47,294.33,299.07,283.34,286.44,24249777
2026-02-20 19:25:47,286.44,288.6,282.21,285.03,26033286
2026-02-21 19:25:47,285.03,290.13,278.1,282.79,25912513
2026-02-22 19:25:47,282.79,288.8,278.61,288.04,20192299
2026-02-23 19:25:47,288.04,289.48,283.99,285.68,3320857
2026-02-24 19:25:47,285.68,290.15,276.53,277.78,28966910
2026-02-25 19:25:47,277.78,278.02,270.49,271.19,41419575
2026-02-26 19:25:47,271.19,280.74,269.83,275.96,4653948
2026-02-27 19:25:47,275.96,282.71,270.89,277.97,20271669
2026-02-28 19:25:47,277.97,279.49,269.86,270.21,11151221
2026-03-01 19:25:47,270.21,271.26,264.16,268.84,21663046
2026-03-02 19:25:47,268.84,270.29,261.71,264.74,47740576
2026-03-03 19:25:47,264.74,266.28,262.65,265.46,29490127
2026-03-04 19:25:47,265.46,266.77,260.62,265.38,22795060
2026-03-05 19:25:47,265.38,271.09,263.12,269.71,44690029
2026-03-06 19:25:47,269.71,274.61,263.24,268.32,26645713
2026-03-07 19:25:47,268.32,275.32,266.44,273.22,18604277
2026-03-08 19:25:47,273.22,275.13,261.45,265.57,14448460
2026-03-09 19:25:47,265.57,268.05,262.19,267.15,7110646
2026-03-10 19:25:47,267.15,274.72,262.83,269.66,49219665
2026-03-11 19:25:47,269.66,275.58,267.41,272.05,7779951
2026-03-12 19:25:47,272.05,272.9,263.75,267.7,48235248
2026-03-13 19:25:47,267.7,269.07,264.1,265.93,10950460
2026-03-14 19:25:47,265.93,270.51,259.56,264.66,37601485
2026-03-15 19:25:47,264.66,272.68,260.18,272.49,10659454
2026-03-16 19:25:47,272.49,276.56,270.23,272.78,38823403
2026-03-17 19:25:47,272.78,275.4,263.68,265.07,2048913
2026-03-18 19:25:47,265.07,265.19,260.39,261.23,49607574
2026-03-19 19:25:47,261.23,261.76,255.23,259.53,37412544
2026-03-20 19:25:47,259.53,263.66,255.07,256.76,26514694
2026-03-21 19:25:47,256.76,260.48,253.56,253.95,17465366
2026-03-22 19:25:47,253.95,262.3,249.84,259.69,23508828
2026-03-23 19:25:47,259.69,270.07,257.29,266.18,14963440
2026-03-24 19:25:47,266.18,266.59,260.04,262.17,24842939
2026-03-25 19:25:47,262.17,265.2,256.04,257.67,46875082
2026-03-26 19:25:47,257.67,260.28,256.92,257.65,26528239
2026-03-27 19:25:47,257.65,262.45,254.54,262.42,9289481
2026-03-28 19:25:47,262.42,262.86,258.62,260.35,49948662
2026-03-29 19:25:47,260.35,265.91,256.67,265.21,37983690
2026-03-30 19:25:47,265.21,271.77,260.54,270.12,38977691
2026-03-31 19:25:47,270.12,272.38,258.16,262.58,11641637
2026-04-01 19:25:47,262.58,264.59,257.66,258.59,38445344
2026-04-02 19:25:47,258.59,262.94,251.28,255.45,22830996
2026-04-03 19:25:47,255.45,255.78,251.41,255.27,10039766
2026-04-04 19:25:47,255.27,263.17,253.77,261.0,18106992
2026-04-05 19:25:47,261.0,267.83,258.05,267.48,40208950
2026-04-06 19:25:47,267.48,274.68,263.78,274.63,30031682
2026-04-07 19:25:47,274.63,274.69,267.05,269.77,24316829
2026-04-08 19:25:47,269.77,274.97,258.03,262.46,4997489
2026-04-09 19:25:47,262.46,267.82,259.04,264.75,28092170
2026-04-10 19:25:47,264.75,270.49,264.19,267.64,12673782
2026-04-11 19:25:47,267.64,273.31,265.64,270.66,23636224
2026-04-12 19:25:47,270.66,275.4,270.42,273.95,2285763
2026-04-13 19:25:47,273.95,277.84,269.71,277.4,3298155
2026-04-14 19:25:47,277.4,283.08,275.74,278.83,14224904
2026-04-15 19:25:47,278.83,289.85,276.75,285.05,38678873
2026-04-16 19:25:47,285.05,288.99,278.93,279.56,8091845
2026-04-17 19:25:47,279.56,284.35,276.66,281.95,31641797
2026-04-18 19:25:47,281.95,292.36,277.21,286.92,1098834
2026-04-19 19:25:47,286.92,289.79,281.28,286.29,43078885
2026-04-20 19:25:47,286.29,297.44,281.63,292.89,19312819
2026-04-21 19:25:47,292.89,293.64,289.34,291.85,15513792
2026-04-22 19:25:47,291.85,291.94,284.43,286.7,14208175
2026-04-23 19:25:47,286.7,291.27,274.42,279.94,5437566
2026-04-24 19:25:47,279.94,285.71,277.49,281.26,20499345
2026-04-25 19:25:47,281.26,290.76,278.64,286.11,24350244
2026-04-26 19:25:47,286.11,296.56,286.1,293.2,19553226
2026-04-27 19:25:47,293.2,303.14,292.83,301.74,9295348
2026-04-28 19:25:47,301.74,309.27,298.94,307.46,28640180
2026-04-29 19:25:47,307.46,319.42,304.92,313.57,12571512
2026-04-30 19:25:47,313.57,325.8,312.52,320.02,35959303
2026-05-01 19:25:47,320.02,329.53,318.93,328.02,4471979
2026-05-02 19:25:47,328.02,330.89,317.68,324.03,2226561
2026-05-03 19:25:47,324.03,328.62,313.96,314.75,8780645
2026-05-04 19:25:47,314.75,317.47,303.76,307.75,7139041
2026-05-05 19:25:47,307.75,313.09,303.52,312.8,16369421
2026-05-06 19:25:47,312.8,320.57,308.21,319.07,48695566
2026-05-07 19:25:47,319.07,326.95,315.34,323.71,3900352
2026-05-08 19:25:47,323.71,326.38,310.62,316.73,15473242
2026-05-09 19:25:47,316.73,319.9,303.96,309.06,25307132
2026-05-10 19:25:47,309.06,311.04,304.26,308.06,36060623
2026-05-11 19:25:47,308.06,309.4,299.22,304.17,14193393
2026-05-12 19:25:47,304.17,308.66,297.65,300.66,4696939
2026-05-13 19:25:47,300.66,306.2,291.89,295.54,30703444
2026-05-14 19:25:47,295.54,300.82,286.01,288.27,29810959
2026-05-15 19:25:47,288.27,299.02,283.77,295.42,7157552
2026-05-16 19:25:47,295.42,297.77,292.18,292.4,2591378
2026-05-17 19:25:47,292.4,293.46,284.8,285.11,32599889
2026-05-18 19:25:47,285.11,287.78,279.54,282.45,49137256
2026-05-19 19:25:47,282.45,282.74,277.2,279.4,40973825
2026-05-20 19:25:47,279.4,280.98,278.11,280.13,22302717
2026-05-21 19:25:47,280.13,283.0,278.92,281.84,11991466
2026-05-22 19:25:47,281.84,284.1,276.83,277.41,47461176
2026-05-23 19:25:47,277.41,278.32,268.65,269.65,40421159
2026-05-24 19:25:47,269.65,271.85,266.35,266.72,7896642
2026-05-25 19:25:47,266.72,268.28,257.32,261.74,18921623
2026-05-26 19:25:47,261.74,267.59,257.86,266.19,24459709
2026-05-27 19:25:47,266.19,266.29,263.96,264.33,48125128
2026-05-28 19:25:47,264.33,267.3,259.55,263.63,2814487
2026-05-29 19:25:47,263.63,271.65,260.03,268.36,46187260
2026-05-30 19:25:47,268.36,270.45,260.63,262.03,33920222
2026-05-31 19:25:47,262.03,264.22,258.18,260.66,47359346
2026-06-01 19:25:47,260.66,269.54,258.61,268.37,42806873
2026-06-02 19:25:47,268.37,272.14,265.37,269.59,25031753
2026-06-03 19:25:47,269.59,270.81,257.73,262.54,19211952
2026-06-04 19:25:47,262.54,262.65,253.91,258.57,30198923
2026-06-05 19:25:47,258.57,258.83,254.73,257.92,36824988
2026-06-06 19:25:47,257.92,261.61,248.38,252.89,27850718
2026-06-07 19:25:47,252.89,256.93,242.95,247.83,30463379
2026-06-08 19:25:47,247.83,251.07,243.33,249.73,23175754
2026-06-09 19:25:47,249.73,255.67,244.75,255.4,23872945
2026-06-10 19:25:47,255.4,257.57,247.75,251.86,29753579
2026-06-11 19:25:47,251.86,252.41,243.72,244.43,3503474
2026-06-12 19:25:47,244.43,251.36,241.43,248.81,25132753
2026-06-13 19:25:47,248.81,252.88,242.62,245.64,4413473
2026-06-14 19:25:47,245.64,246.02,240.54,242.59,19042079
2026-06-15 19:25:47,242.59,244.88,240.76,243.87,20337468
2026-06-16 19:25:47,243.87,250.04,241.73,250.04,40325747
2026-06-17 19:25:47,250.04,252.44,241.51,243.86,31528605
2026-06-18 19:25:47,243.86,248.23,240.27,243.34,1495787
2026-06-19 19:25:47,243.34,246.54,236.77,238.6,13621465
2026-06-20 19:25:47,238.6,241.02,234.49,239.88,9695293
2026-06-21 19:25:47,239.88,244.61,237.91,239.21,4084361
2026-06-22 19:25:47,239.21,242.15,237.97,241.92,34783051
2026-06-23 19:25:47,241.92,244.62,232.73,235.86,23853267
2026-06-24 19:25:47,235.86,244.16,234.36,241.53,23340870
2026-06-25 19:25:47,241.53,244.8,236.81,244.23,22709854
2026-06-26 19:25:47,244.23,251.61,240.16,248.74,34644064
2026-06-27 19:25:47,248.74,258.2,247.16,253.49,15482526
2026-06-28 19:25:47,253.49,259.65,253.21,256.01,4776788
2026-06-29 19:25:47,256.01,258.88,248.0,249.72,10739779
2026-06-30 19:25:47,249.72,251.96,245.39,246.89,33000831
2026-07-01 19:25:47,246.89,251.56,241.98,246.26,13892073
2026-07-02 19:25:47,246.26,250.51,245.29,245.93,7633146
2026-07-03 19:25:47,245.93,250.49,239.64,243.95,49805328
2026-07-04 19:25:47,243.95,247.81,238.25,242.39,5539673
2026-07-05 19:25:47,242.39,246.65,235.12,238.5,5383822
2026-07-06 19:25:47,238.5,241.76,235.84,239.62,35151858
2026-07-07 19:25:47,239.62,244.93,236.42,240.71,16331322
2026-07-08 19:25:47,240.71,244.83,234.16,234.82,38130538
2026-07-09 19:25:47,234.82,238.2,228.76,229.75,5015511
2026-07-10 19:25:47,229.75,233.59,225.06,229.48,18333879
2026-07-11 19:25:47,229.48,232.68,225.74,230.95,23813458
2026-07-12 19:25:47,230.95,232.94,226.63,231.28,9581985
2026-07-13 19:25:47,231.28,231.39,223.83,225.31,20300247
2026-07-14 19:25:47,225.31,229.98,223.01,228.86,22853162
2026-07-15 19:25:47,228.86,231.48,221.76,224.78,20664314
2026-07-16 19:25:47,224.78,227.09,224.11,224.16,46123117
2026-07-17 19:25:47,224.16,225.02,217.96,217.97,47439420
2026-07-18 19:25:47,217.97,220.4,216.61,219.72,13026398
2026-07-19 19:25:47,219.72,225.82,215.49,223.11,40834760
2026-07-20 19:25:47,223.11,231.59,222.66,229.63,28070512
2026-07-21 19:25:47,229.63,234.77,228.77,231.9,34365413
2026-07-22 19:25:47,231.9,240.35,229.96,235.85,34078404
2026-07-23 19:25:47,235.85,237.46,229.25,231.68,48018667
2026-07-24 19:25:47,231.68,236.19,228.71,232.12,10919882
2026-07-25 19:25:47,232.12,235.03,224.68,228.84,26687671
2026-07-26 19:25:47,228.84,231.28,220.46,222.81,18020530
2026-07-27 19:25:47,222.81,225.49,214.49,217.25,39848268
2026-07-28 19:25:47,217.25,223.23,214.45,222.06,2642379
2026-07-29 19:25:47,222.06,224.32,214.81,217.19,22127403
2026-07-30 19:25:47,217.19,221.27,214.05,218.77,24414421
2026-07-31 19:25:47,218.77,223.1,217.07,217.29,42311456
2026-08-01 19:25:47,217.29,217.71,211.09,214.8,1733741
2026-08-02 19:25:47,214.8,222.65,210.99,220.31,29753218
2026-08-03 19:25:47,220.31,227.14,218.64,225.98,12734648
2026-08-04 19:25:47,225.98,236.54,222.22,232.69,13750217
2026-08-05 19:25:47,232.69,234.77,225.17,228.22,19407408
2026-08-06 19:25:47,228.22,229.28,222.04,226.25,5775770
2026-08-07 19:25:47,226.25,228.86,220.49,224.4,47865666
2026-08-08 19:25:47,224.4,225.35,217.17,220.11,16775122
2026-08-09 19:25:47,220.11,221.52,216.53,220.32,29166070
2026-08-10 19:25:47,220.32,222.02,212.34,216.24,30146182
2026-08-11 19:25:47,216.24,224.56,212.05,221.63,47682577
2026-08-12 19:25:47,221.63,225.56,215.65,216.11,46206227
2026-08-13 19:25:47,216.11,219.19,209.89,212.1,28424948
2026-08-14 19:25:47,212.1,213.37,204.05,207.42,30688241
2026-08-15 19:25:47,207.42,209.15,204.69,206.19,6687297
2026-08-16 19:25:47,206.19,209.27,205.75,206.27,3258621
2026-08-17 19:25:47,206.27,208.73,205.22,206.47,47477699
2026-08-18 19:25:47,206.47,208.33,199.45,203.15,11946797
2026-08-19 19:25:47,203.15,210.72,200.31,207.06,44164677
2026-08-20 19:25:47,207.06,216.42,203.1,212.69,35636675
2026-08-21 19:25:47,212.69,216.65,206.67,210.43,29283152
2026-08-22 19:25:47,210.43,217.07,206.83,213.51,47036900
2026-08-23 19:25:47,213.51,213.95,208.15,211.87,42355387
2026-08-24 19:25:47,211.87,214.93,209.05,210.52,35375080
2026-08-25 19:25:47,210.52,210.56,204.07,206.81,44938387
2026-08-26 19:25:47,206.81,207.42,200.5,201.17,31523265
2026-08-27 19:25:47,201.17,203.69,194.39,196.11,35152717
2026-08-28 19:25:47,196.11,203.42,195.33,201.15,29921759
2026-08-29 19:25:47,201.15,209.6,199.66,205.6,37449452
2026-08-30 19:25:47,205.6,210.02,205.39,208.33,2650751
