time,open,high,low,close,volume
2016-09-02 19:25:47,45000,45328.94,44746.77,45161.16,26336547
2016-09-03 19:25:47,45161.16,45938.02,44502.07,45896.77,16466318
2016-09-04 19:25:47,45896.77,47761.91,45539.3,46862.71,10737322
2016-09-05 19:25:47,46862.71,47094.71,45820.24,46564.15,31613881
2016-09-06 19:25:47,46564.15,47109.98,46293.55,46973.33,18386530
2016-09-07 19:25:47,46973.33,47475.21,46246.43,47197.6,47669166
2016-09-08 19:25:47,47197.6,48125.25,45761.77,46170.88,43746018
2016-09-09 19:25:47,46170.88,47036.91,44815.1,45576.95,45623252
2016-09-10 19:25:47,45576.95,45772.68,45362.0,45424.48,37267139
2016-09-11 19:25:47,45424.48,46094.31,44548.49,44805.15,3070738
2016-09-12 19:25:47,44805.15,44888.1,44517.54,44812.52,24579719
2016-09-13 19:25:47,44812.52,45201.9,44676.67,45135.48,29851125
2016-09-14 19:25:47,45135.48,45583.7,44527.89,45040.25,19734095
2016-09-15 19:25:47,45040.25,45815.95,44015.57,44816.83,28530417
2016-09-16 19:25:47,44816.83,46288.53,44461.21,45517.39,44976075
2016-09-17 19:25:47,45517.39,47226.16,44965.7,46384.33,28382312
2016-09-18 19:25:47,46384.33,47329.8,45607.61,47274.62,44757574
2016-09-19 19:25:47,47274.62,47710.33,45918.08,46219.9,16332209
2016-09-20 19:25:47,46219.9,46877.99,45599.94,45660.26,29778485
2016-09-21 19:25:47,45660.26,46009.71,44554.28,44879.4,28286462
2016-09-22 19:25:47,44879.4,44948.69,43795.33,44514.28,8312868
2016-09-23 19:25:47,44514.28,45465.81,44324.0,44605.98,16732661
2016-09-24 19:25:47,44605.98,45979.46,43991.97,45727.94,43766357
2016-09-25 19:25:47,45727.94,45849.63,43935.67,44705.59,19501730
2016-09-26 19:25:47,44705.59,45440.83,44495.48,44547.24,34412178
2016-09-27 19:25:47,44547.24,45875.55,43718.46,45339.7,46208285
2016-09-28 19:25:47,45339.7,46176.1,44541.26,45677.34,25504211
2016-09-29 19:25:47,45677.34,46384.58,45456.98,45737.13,29291363
2016-09-30 19:25:47,45737.13,47098.01,45736.74,46669.57,20309872
2016-10-01 19:25:47,46669.57,48483.3,46081.44,47622.9,4741627
2016-10-02 19:25:47,47622.9,48210.72,46106.66,46194.72,36306725
2016-10-03 19:25:47,46194.72,46595.91,45104.37,45510.74,34702125
2016-10-04 19:25:47,45510.74,45627.98,44790.75,45054.82,42526482
2016-10-05 19:25:47,45054.82,46185.27,44801.84,45711.2,21829797
2016-10-06 19:25:47,45711.2,46576.78,43799.34,44481.41,18254790
2016-10-07 19:25:47,44481.41,45315.52,43105.04,43754.28,2277900
2016-10-08 19:25:47,43754.28,44323.1,42388.7,42633.9,29087869
2016-10-09 19:25:47,42633.9,42992.91,41177.4,41807.86,13160477
2016-10-10 19:25:47,41807.86,43317.78,41518.6,42522.52,31084805
2016-10-11 19:25:47,42522.52,43308.7,41783.82,42747.86,35642204
2016-10-12 19:25:47,42747.86,43898.24,42611.47,43487.48,16954497
2016-10-13 19:25:47,43487.48,44574.43,42634.45,43791.95,44797993
2016-10-14 19:25:47,43791.95,44393.62,42948.54,43460.73,46263655
2016-10-15 19:25:47,43460.73,44174.81,42688.52,43319.02,42365542
2016-10-16 19:25:47,43319.02,43986.57,42907.86,43434.89,45999367
2016-10-17 19:25:47,43434.89,43492.66,42356.51,43063.07,16953945
2016-10-18 19:25:47,43063.07,43636.22,42359.55,43168.44,49960799
2016-10-19 19:25:47,43168.44,44958.7,42732.06,44453.27,33171014
2016-10-20 19:25:47,44453.27,45709.22,43922.12,44813.38,49621672
2016-10-21 19:25:47,44813.38,46153.28,44778.41,46070.37,11264247
2016-10-22 19:25:47,46070.37,46931.05,45973.35,46820.88,41085591
2016-10-23 19:25:47,46820.88,47203.74,46652.39,46861.69,41860330
2016-10-24 19:25:47,46861.69,48501.29,46053.18,48211.4,48240824
2016-10-25 19:25:47,48211.4,48915.41,46945.41,47770.34,49570285
2016-10-26 19:25:47,47770.34,48883.23,47054.23,48742.96,48442496
2016-10-27 19:25:47,48742.96,49699.54,47779.29,48920.96,17175990
2016-10-28 19:25:47,48920.96,49666.5,48618.46,49016.33,27975627
2016-10-29 19:25:47,49016.33,49076.31,47203.95,47811.36,38259298
2016-10-30 19:25:47,47811.36,49605.8,47141.41,48967.14,43571490
2016-10-31 19:25:47,48967.14,50089.39,48354.06,49652.83,36271355
2016-11-01 19:25:47,49652.83,50129.89,48223.1,48621.38,22936545
2016-11-02 19:25:47,48621.38,50098.74,47809.54,49941.27,1056008
2016-11-03 19:25:47,49941.27,50633.52,48614.22,49589.24,33216774
2016-11-04 19:25:47,49589.24,49840.71,49193.01,49273.1,10030218
2016-11-05 19:25:47,49273.1,50090.89,48013.03,48480.38,15067985
2016-11-06 19:25:47,48480.38,49311.94,46815.56,47075.28,2515780
2016-11-07 19:25:47,47075.28,47089.67,46920.06,46931.88,44509423
2016-11-08 19:25:47,46931.88,47061.92,45814.95,45998.39,15006285
2016-11-09 19:25:47,45998.39,46446.3,44834.93,44907.58,10689086
2016-11-10 19:25:47,44907.58,45825.0,44123.98,45725.88,18393693
2016-11-11 19:25:47,45725.88,47067.12,45050.79,46533.1,25351133
2016-11-12 19:25:47,46533.1,47298.98,46447.02,46641.01,12260210
2016-11-13 19:25:47,46641.01,47541.0,46611.97,47084.24,5042843
2016-11-14 19:25:47,47084.24,47422.39,46328.78,47073.99,48600219
2016-11-15 19:25:47,47073.99,47090.24,46822.59,46825.87,10772653
2016-11-16 19:25:47,46825.87,49104.89,46694.38,48157.97,29473022
2016-11-17 19:25:47,48157.97,48329.38,46430.48,46896.18,4900910
2016-11-18 19:25:47,46896.18,47876.26,46217.77,47220.94,11865210
2016-11-19 19:25:47,47220.94,48537.22,47136.26,47737.5,7397870
2016-11-20 19:25:47,47737.5,48457.11,47653.15,47851.68,39662158
2016-11-21 19:25:47,47851.68,49920.56,47546.34,49211.16,46987334
2016-11-22 19:25:47,49211.16,49608.52,48046.79,48694.53,19903851
2016-11-23 19:25:47,48694.53,50393.95,48172.98,49498.09,44990975
2016-11-24 19:25:47,49498.09,49942.68,47573.06,48111.66,42518529
2016-11-25 19:25:47,48111.66,48417.39,46416.74,47126.9,47361907
2016-11-26 19:25:47,47126.9,47955.46,45595.71,46507.7,13477913
2016-11-27 19:25:47,46507.7,46948.57,46026.96,46310.79,28358572
2016-11-28 19:25:47,46310.79,46871.75,45511.24,46768.44,34875682
2016-11-29 19:25:47,46768.44,47100.92,45609.84,46145.14,15115200
2016-11-30 19:25:47,46145.14,46587.22,45330.88,45699.11,49739594
2016-12-01 19:25:47,45699.11,46693.77,45618.33,46365.62,10086273
2016-12-02 19:25:47,46365.62,47258.09,44466.28,45309.1,49304368
2016-12-03 19:25:47,45309.1,46364.22,44637.41,46254.96,42580728
2016-12-04 19:25:47,46254.96,46743.64,45377.14,46636.58,1212192
2016-12-05 19:25:47,46636.58,48808.5,46082.24,47994.55,9140842
2016-12-06 19:25:47,47994.55,49510.95,47706.62,48954.32,16331719
2016-12-07 19:25:47,48954.32,48987.9,48168.79,48506.19,31698742
2016-12-08 19:25:47,48506.19,49275.44,48109.25,49208.74,8054030
2016-12-09 19:25:47,49208.74,49933.1,49139.02,49554.01,20841251
2016-12-10 19:25:47,49554.01,50336.78,48579.44,49116.45,3825654
2016-12-11 19:25:47,49116.45,49152.91,48121.19,48198.43,34231541
2016-12-12 19:25:47,48198.43,49097.51,47076.11,47731.12,5365823
2016-12-13 19:25:47,47731.12,48706.28,47565.28,47978.71,44386704
2016-12-14 19:25:47,47978.71,48059.7,47122.97,47222.22,2639580
2016-12-15 19:25:47,47222.22,47490.02,46526.48,47348.11,26639853
2016-12-16 19:25:47,47348.11,47574.49,45945.64,46393.98,18498938
2016-12-17 19:25:47,46393.98,46575.2,44672.15,45273.57,19856325
2016-12-18 19:25:47,45273.57,47149.97,44752.51,46465.3,24895973
2016-12-19 19:25:47,46465.3,47178.26,45282.98,45998.52,5456248
2016-12-20 19:25:47,45998.52,46710.2,44707.73,45193.23,26836914
2016-12-21 19:25:47,45193.23,45560.76,44927.26,44973.11,1736388
2016-12-22 19:25:47,44973.11,45624.44,44177.81,44640.11,14198986
2016-12-23 19:25:47,44640.11,45823.05,43794.8,45461.16,38584007
2016-12-24 19:25:47,45461.16,46028.49,45024.06,45268.09,49348497
2016-12-25 19:25:47,45268.09,45828.65,44847.42,45826.46,39395758
2016-12-26 19:25:47,45826.46,47102.94,44937.79,46984.32,9606052
2016-12-27 19:25:47,46984.32,47861.39,45016.87,45756.83,8116583
2016-12-28 19:25:47,45756.83,46111.9,44856.95,45406.24,45523031
2016-12-29 19:25:47,45406.24,45967.62,44250.73,44838.86,21568481
2016-12-30 19:25:47,44838.86,46372.86,44234.99,46080.3,40027563
2016-12-31 19:25:47,46080.3,46913.27,45992.49,46085.76,19831404
2017-01-01 19:25:47,46085.76,46344.37,45280.99,45901.17,19609984
2017-01-02 19:25:47,45901.17,46336.04,45201.38,45588.24,37937311
2017-01-03 19:25:47,45588.24,46035.15,45050.86,45885.23,36653339
2017-01-04 19:25:47,45885.23,46666.43,44859.72,45673.4,4115442
2017-01-05 19:25:47,45673.4,47084.26,44922.03,46340.25,1042798
2017-01-06 19:25:47,46340.25,47617.22,45549.61,46970.7,41778425
2017-01-07 19:25:47,46970.7,48629.18,46361.31,47796.16,37894366
2017-01-08 19:25:47,47796.16,48783.21,47793.01,48295.82,23880890
2017-01-09 19:25:47,48295.82,48755.26,47443.44,48231.28,4478244
2017-01-10 19:25:47,48231.28,50166.37,47623.95,49560.91,5826524
2017-01-11 19:25:47,49560.91,49600.85,49486.0,49574.6,8064612
2017-01-12 19:25:47,49574.6,50813.86,48688.8,50460.64,15260149
2017-01-13 19:25:47,50460.64,50709.78,49027.56,49853.48,36565484
2017-01-14 19:25:47,49853.48,50305.13,48637.29,49367.81,48262492
2017-01-15 19:25:47,49367.81,50679.88,48579.17,50402.78,47590154
2017-01-16 19:25:47,50402.78,50742.98,49061.28,49649.75,38903672
2017-01-17 19:25:47,49649.75,49983.99,47886.99,48697.02,16312709
2017-01-18 19:25:47,48697.02,49126.23,47703.46,48589.89,41926749
2017-01-19 19:25:47,48589.89,49905.7,48529.89,49684.82,4960365
2017-01-20 19:25:47,49684.82,49957.9,49546.17,49834.89,9161685
2017-01-21 19:25:47,49834.89,51330.63,49833.2,50398.63,37236205
2017-01-22 19:25:47,50398.63,50928.86,50340.84,50432.32,36970416
2017-01-23 19:25:47,50432.32,50710.09,48481.14,48997.87,14301175
2017-01-24 19:25:47,48997.87,49111.45,47822.31,48790.48,20474698
2017-01-25 19:25:47,48790.48,49382.38,47852.61,48515.26,49130400
2017-01-26 19:25:47,48515.26,48860.95,47309.5,47454.02,32122044
2017-01-27 19:25:47,47454.02,47661.19,46820.75,46959.32,32289476
2017-01-28 19:25:47,46959.32,47617.5,45403.09,45721.16,16634489
2017-01-29 19:25:47,45721.16,46293.14,44133.22,44429.19,34607995
2017-01-30 19:25:47,44429.19,45292.43,43900.68,45246.02,45851836
2017-01-31 19:25:47,45246.02,45641.06,44847.31,44959.16,15316711
2017-02-01 19:25:47,44959.16,46375.88,44304.93,45819.83,17438242
2017-02-02 19:25:47,45819.83,46398.35,44553.32,44584.82,12866226
2017-02-03 19:25:47,44584.82,44913.87,44438.53,44646.18,44745519
2017-02-04 19:25:47,44646.18,45366.36,43895.1,44867.24,44095010
2017-02-05 19:25:47,44867.24,45034.27,44006.51,44423.05,8140881
2017-02-06 19:25:47,44423.05,45764.79,43935.39,45242.61,31569461
2017-02-07 19:25:47,45242.61,45747.62,43595.98,44161.01,31043461
2017-02-08 19:25:47,44161.01,44414.1,43553.64,44183.36,14473812
2017-02-09 19:25:47,44183.36,45489.66,43933.71,45098.89,2667839
2017-02-10 19:25:47,45098.89,45684.45,43971.4,44700.2,32277424
2017-02-11 19:25:47,44700.2,44786.44,43385.97,44158.21,3785992
2017-02-12 19:25:47,44158.21,45442.05,43320.08,45333.33,44558564
2017-02-13 19:25:47,45333.33,46153.99,44539.13,44952.71,28226530
2017-02-14 19:25:47,44952.71,45305.42,42938.0,43653.61,38319962
2017-02-15 19:25:47,43653.61,44569.6,42920.64,43965.38,47692875
2017-02-16 19:25:47,43965.38,44492.32,43662.82,44231.59,12066557
2017-02-17 19:25:47,44231.59,44496.2,43790.34,43986.03,35765538
2017-02-18 19:25:47,43986.03,44952.73,43440.43,44939.59,7828245
2017-02-19 19:25:47,44939.59,45500.95,43772.01,43930.1,35980254
2017-02-20 19:25:47,43930.1,44046.46,43116.4,43975.25,10604913
2017-02-21 19:25:47,43975.25,44268.7,42400.23,42917.72,23598121
2017-02-22 19:25:47,42917.72,43526.57,41251.13,42067.04,8932069
2017-02-23 19:25:47,42067.04,43275.26,41934.38,43101.72,2575136
2017-02-24 19:25:47,43101.72,44105.08,42820.44,43431.32,3430205
2017-02-25 19:25:47,43431.32,44465.62,42677.59,43821.43,3863268
2017-02-26 19:25:47,43821.43,44269.2,43411.82,43677.45,27990920
2017-02-27 19:25:47,43677.45,44174.98,43027.32,43347.12,31586142
2017-02-28 19:25:47,43347.12,43479.19,41893.53,42299.67,34673981
2017-03-01 19:25:47,42299.67,43011.23,41186.5,41963.36,46101729
2017-03-02 19:25:47,41963.36,42697.4,40953.84,41407.54,43464329
2017-03-03 19:25:47,41407.54,42370.6,41136.38,41818.45,47266075
2017-03-04 19:25:47,41818.45,42906.31,41797.17,42374.99,2632363
2017-03-05 19:25:47,42374.99,42727.39,42308.15,42528.72,21392769
2017-03-06 19:25:47,42528.72,43355.47,41187.75,41700.23,23869238
2017-03-07 19:25:47,41700.23,41917.88,41316.43,41435.7,39366964
2017-03-08 19:25:47,41435.7,41751.11,41075.17,41441.46,20599531
2017-03-09 19:25:47,41441.46,41919.84,40047.98,40575.48,31882160
2017-03-10 19:25:47,40575.48,40699.96,40045.63,40526.03,39128711
2017-03-11 19:25:47,40526.03,41324.48,39251.93,39406.85,47159162
2017-03-12 19:25:47,39406.85,39582.89,38305.42,38371.36,22840176
2017-03-13 19:25:47,38371.36,39290.66,38007.1,39241.7,27018494
2017-03-14 19:25:47,39241.7,39476.99,38088.38,38740.63,36726798
2017-03-15 19:25:47,38740.63,39933.53,38374.96,39657.73,24092909
2017-03-16 19:25:47,39657.73,39853.27,38587.14,38861.3,28641524
2017-03-17 19:25:47,38861.3,39125.97,38748.85,38759.04,19652040
2017-03-18 19:25:47,38759.04,40196.48,38627.43,39511.36,45908568
2017-03-19 19:25:47,39511.36,40939.17,39201.23,40293.54,18023499
2017-03-20 19:25:47,40293.54,41024.3,39664.51,39687.27,12754267
2017-03-21 19:25:47,39687.27,41127.51,39286.49,40493.21,6839009
2017-03-22 19:25:47,40493.21,40702.11,38837.66,39335.86,49336995
2017-03-23 19:25:47,39335.86,40052.02,38647.32,39203.1,37109958
2017-03-24 19:25:47,39203.1,39704.69,38438.23,38518.74,6999577
2017-03-25 19:25:47,38518.74,39013.85,37942.06,38739.6,10003846
2017-03-26 19:25:47,38739.6,39225.03,38408.71,38549.7,22614224
2017-03-27 19:25:47,38549.7,39402.44,38324.34,39206.9,23248064
2017-03-28 19:25:47,39206.9,39614.24,37693.09,38291.8,30346427
2017-03-29 19:25:47,38291.8,39231.75,38134.38,38875.98,21831489
2017-03-30 19:25:47,38875.98,40659.56,38620.91,40039.22,5593023
2017-03-31 19:25:47,40039.22,40824.06,39769.15,40314.56,48362507
2017-04-01 19:25:47,40314.56,40528.56,39061.15,39838.18,45680297
2017-04-02 19:25:47,39838.18,41134.26,39073.69,40376.77,21958900
2017-04-03 19:25:47,40376.77,41093.84,39965.53,40558.89,37160110
2017-04-04 19:25:47,40558.89,40712.96,40235.12,40518.75,8949737
2017-04-05 19:25:47,40518.75,41696.69,39833.09,41585.71,14646432
2017-04-06 19:25:47,41585.71,43475.26,40922.3,42685.2,11126006
2017-04-07 19:25:47,42685.2,42836.88,41867.33,42587.98,23559869
2017-04-08 19:25:47,42587.98,43230.86,41322.39,41532.29,43925615
2017-04-09 19:25:47,41532.29,42267.58,40089.94,40605.84,28434483
2017-04-10 19:25:47,40605.84,42015.31,40484.42,41520.44,48391456
2017-04-11 19:25:47,41520.44,42511.38,41397.0,42483.69,48248715
2017-04-12 19:25:47,42483.69,43242.82,41615.31,41903.69,34421668
2017-04-13 19:25:47,41903.69,42146.36,40240.31,40663.81,39296294
2017-04-14 19:25:47,40663.81,40698.87,39697.35,40042.94,2688207
2017-04-15 19:25:47,40042.94,40117.08,38777.63,39040.02,33044207
2017-04-16 19:25:47,39040.02,39450.83,38898.48,39227.41,12558931
2017-04-17 19:25:47,39227.41,40086.82,38457.66,39751.59,40025669
2017-04-18 19:25:47,39751.59,40032.96,38175.54,38729.31,12935569
2017-04-19 19:25:47,38729.31,38956.28,37465.65,37784.75,45607035
2017-04-20 19:25:47,37784.75,38903.0,37647.32,38530.55,25465999
2017-04-21 19:25:47,38530.55,38909.14,37207.92,37819.72,27893792
2017-04-22 19:25:47,37819.72,38196.41,37045.68,37724.69,10068790
2017-04-23 19:25:47,37724.69,37900.47,36909.09,37137.08,7165712
2017-04-24 19:25:47,37137.08,37595.07,36610.81,37285.02,5484296
2017-04-25 19:25:47,37285.02,37835.35,36705.92,37017.96,21487336
2017-04-26 19:25:47,37017.96,38127.6,36359.51,37551.01,29760398
2017-04-27 19:25:47,37551.01,37918.3,36403.32,36879.48,8767385
2017-04-28 19:25:47,36879.48,37116.08,36139.35,36808.64,42779424
2017-04-29 19:25:47,36808.64,37472.22,35902.85,35911.8,5234383
2017-04-30 19:25:47,35911.8,36123.51,34721.6,35325.35,11534040
2017-05-01 19:25:47,35325.35,35340.57,34028.49,34545.82,25445160
2017-05-02 19:25:47,34545.82,35176.8,34046.24,34994.39,19399833
2017-05-03 19:25:47,34994.39,36249.43,34663.67,35681.59,19365288
2017-05-04 19:25:47,35681.59,35980.13,35582.45,35764.18,38310769
2017-05-05 19:25:47,35764.18,37010.36,35302.37,36591.09,18039368
2017-05-06 19:25:47,36591.09,36994.23,35297.24,35819.47,22918520
2017-05-07 19:25:47,35819.47,36604.13,35210.41,36468.23,16837992
2017-05-08 19:25:47,36468.23,37351.25,36251.87,36895.78,18308677
2017-05-09 19:25:47,36895.78,37031.29,36181.15,36944.4,4241897
2017-05-10 19:25:47,36944.4,37073.42,35699.26,36305.19,14952218
2017-05-11 19:25:47,36305.19,36598.97,35492.07,35942.93,26311192
2017-05-12 19:25:47,35942.93,37274.52,35578.48,36990.47,21825672
2017-05-13 19:25:47,36990.47,37159.71,36131.21,36758.1,37195268
2017-05-14 19:25:47,36758.1,37654.44,36207.66,37144.67,14292057
2017-05-15 19:25:47,37144.67,38279.09,36884.62,37827.91,22093147
2017-05-16 19:25:47,37827.91,39402.58,37333.87,38647.98,46994521
2017-05-17 19:25:47,38647.98,39597.98,38148.45,39134.45,34812016
2017-05-18 19:25:47,39134.45,39638.17,38958.35,39230.74,41134337
2017-05-19 19:25:47,39230.74,39498.41,37905.21,38626.24,32415406
2017-05-20 19:25:47,38626.24,39914.56,38443.95,39139.97,1304396
2017-05-21 19:25:47,39139.97,40066.08,38680.12,39993.51,6361315
2017-05-22 19:25:47,39993.51,40403.46,38484.65,38892.68,29657166
2017-05-23 19:25:47,38892.68,39476.9,37600.17,38225.55,8776711
2017-05-24 19:25:47,38225.55,39294.0,37531.62,38701.45,8884295
2017-05-25 19:25:47,38701.45,39355.13,38353.95,38794.55,19402781
2017-05-26 19:25:47,38794.55,39059.54,38221.84,38460.68,45885026
2017-05-27 19:25:47,38460.68,39004.84,38084.58,38714.91,5217830
2017-05-28 19:25:47,38714.91,39198.9,37633.86,38151.33,46260230
2017-05-29 19:25:47,38151.33,39371.9,37438.32,39007.5,45776400
2017-05-30 19:25:47,39007.5,39026.45,37569.9,38166.64,40440318
2017-05-31 19:25:47,38166.64,38640.12,37386.32,37439.94,23704852
2017-06-01 19:25:47,37439.94,37479.91,35878.02,36537.79,43346127
2017-06-02 19:25:47,36537.79,37200.08,35698.01,36172.56,46167526
2017-06-03 19:25:47,36172.56,37012.0,36009.23,36522.56,42624220
2017-06-04 19:25:47,36522.56,37419.88,36301.57,37309.87,48406247
2017-06-05 19:25:47,37309.87,38891.38,37154.84,38360.11,40238661
2017-06-06 19:25:47,38360.11,39665.97,38125.13,39195.46,44452070
2017-06-07 19:25:47,39195.46,39722.49,38157.42,38190.44,32394948
2017-06-08 19:25:47,38190.44,38825.5,36743.83,37135.2,3125309
2017-06-09 19:25:47,37135.2,37875.86,36394.42,37029.91,9921335
2017-06-10 19:25:47,37029.91,37761.08,36357.19,37064.61,33047853
2017-06-11 19:25:47,37064.61,38472.74,36436.79,37754.91,15618061
2017-06-12 19:25:47,37754.91,37970.77,36782.39,37453.91,28528058
2017-06-13 19:25:47,37453.91,37462.28,36455.38,36750.46,28147728
2017-06-14 19:25:47,36750.46,36819.68,36119.5,36816.87,13560318
2017-06-15 19:25:47,36816.87,37751.8,36345.1,37681.85,8941652
2017-06-16 19:25:47,37681.85,38267.02,36406.47,36826.83,21133108
2017-06-17 19:25:47,36826.83,37028.95,35952.96,36570.75,44409929
2017-06-18 19:25:47,36570.75,37067.3,35468.98,35568.8,26116734
2017-06-19 19:25:47,35568.8,35927.34,34718.91,34895.41,49966689
2017-06-20 19:25:47,34895.41,35434.79,34365.8,35304.18,11329229
2017-06-21 19:25:47,35304.18,35696.23,34228.55,34796.36,14993207
2017-06-22 19:25:47,34796.36,35506.46,34199.57,35268.9,14470338
2017-06-23 19:25:47,35268.9,36048.3,34930.63,35417.65,4264294
2017-06-24 19:25:47,35417.65,36012.35,35127.91,35502.64,9931000
2017-06-25 19:25:47,35502.64,35967.43,34834.88,34983.02,46974466
2017-06-26 19:25:47,34983.02,35388.64,34482.94,35266.1,30997775
2017-06-27 19:25:47,35266.1,36013.23,34688.97,35551.79,13633811
2017-06-28 19:25:47,35551.79,35861.94,35503.56,35790.83,23990709
2017-06-29 19:25:47,35790.83,36412.67,35200.15,35389.29,39728190
2017-06-30 19:25:47,35389.29,35987.06,34576.88,35144.73,10771698
2017-07-01 19:25:47,35144.73,35453.05,34197.91,34519.85,24763410
2017-07-02 19:25:47,34519.85,35189.27,33619.65,34214.59,31598922
2017-07-03 19:25:47,34214.59,35293.81,34109.46,34727.97,20494878
2017-07-04 19:25:47,34727.97,35483.81,34088.95,35106.93,28607079
2017-07-05 19:25:47,35106.93,35260.36,33957.52,34203.49,19268516
2017-07-06 19:25:47,34203.49,34760.43,33290.48,33923.97,15276434
2017-07-07 19:25:47,33923.97,34348.62,33474.73,33632.02,28492197
2017-07-08 19:25:47,33632.02,34684.03,33226.93,34128.34,44891962
2017-07-09 19:25:47,34128.34,34662.43,33144.54,33379.94,30211722
2017-07-10 19:25:47,33379.94,33674.5,32922.1,33525.67,39758538
2017-07-11 19:25:47,33525.67,34586.01,33460.17,33984.67,48573094
2017-07-12 19:25:47,33984.67,34245.76,32830.59,33161.08,10797503
2017-07-13 19:25:47,33161.08,33216.43,32238.52,32840.91,44357972
2017-07-14 19:25:47,32840.91,34045.72,32671.5,33619.23,20239192
2017-07-15 19:25:47,33619.23,34976.93,33012.82,34352.57,16244129
2017-07-16 19:25:47,34352.57,34434.09,33436.03,33994.97,28764061
2017-07-17 19:25:47,33994.97,34666.9,33042.8,33434.24,18755434
2017-07-18 19:25:47,33434.24,34581.22,33413.03,33919.08,46712686
2017-07-19 19:25:47,33919.08,34177.59,33552.54,33936.56,40801173
2017-07-20 19:25:47,33936.56,34573.2,33284.26,33443.81,21813579
2017-07-21 19:25:47,33443.81,33647.61,31907.11,32527.91,39489326
2017-07-22 19:25:47,32527.91,33649.15,32162.9,33347.58,33216662
2017-07-23 19:25:47,33347.58,34003.7,33222.89,33854.94,27691478
2017-07-24 19:25:47,33854.94,34372.66,33120.76,33469.3,8317132
2017-07-25 19:25:47,33469.3,34504.99,33192.55,34341.56,26420582
2017-07-26 19:25:47,34341.56,35002.91,33128.94,33611.82,42826465
2017-07-27 19:25:47,33611.82,33821.79,32050.44,32611.26,3247229
2017-07-28 19:25:47,32611.26,32925.5,31960.69,32338.94,26557042
2017-07-29 19:25:47,32338.94,33612.21,31977.33,33267.49,35729223
2017-07-30 19:25:47,33267.49,33789.15,32888.38,33409.42,26389112
2017-07-31 19:25:47,33409.42,33771.6,32048.41,32475.67,14515806
2017-08-01 19:25:47,32475.67,33831.92,31955.83,33410.05,28225787
2017-08-02 19:25:47,33410.05,34339.01,33014.85,34157.35,30095899
2017-08-03 19:25:47,34157.35,35538.51,33756.55,35109.11,1754199
2017-08-04 19:25:47,35109.11,35785.09,34192.25,34402.83,37608107
2017-08-05 19:25:47,34402.83,34441.85,33745.39,34353.64,31712356
2017-08-06 19:25:47,34353.64,35246.37,34148.35,35238.64,19879372
2017-08-07 19:25:47,35238.64,35529.61,34420.72,35028.62,28032657
2017-08-08 19:25:47,35028.62,35804.75,34419.68,35769.11,49697670
2017-08-09 19:25:47,35769.11,36134.52,35695.76,35904.09,34057951
2017-08-10 19:25:47,35904.09,36131.32,34727.21,34905.44,8728360
2017-08-11 19:25:47,34905.44,35095.2,33837.33,34203.15,28054160
2017-08-12 19:25:47,34203.15,34330.06,33762.47,33967.45,46986203
2017-08-13 19:25:47,33967.45,34130.25,32471.56,33049.83,3994400
2017-08-14 19:25:47,33049.83,34106.96,32735.78,33829.47,2172016
2017-08-15 19:25:47,33829.47,34282.79,33294.67,33409.35,39515261
2017-08-16 19:25:47,33409.35,33642.86,32382.17,32879.5,32381544
2017-08-17 19:25:47,32879.5,33074.44,32697.96,33027.54,19780711
2017-08-18 19:25:47,33027.54,33171.24,32815.67,33035.97,24070401
2017-08-19 19:25:47,33035.97,33266.62,32288.48,32931.28,19959465
2017-08-20 19:25:47,32931.28,33564.29,32286.27,33078.33,9953284
2017-08-21 19:25:47,33078.33,33358.05,31866.49,32474.06,40668525
2017-08-22 19:25:47,32474.06,32876.34,31510.44,31583.11,3112940
2017-08-23 19:25:47,31583.11,31673.01,31150.3,31667.59,4524207
2017-08-24 19:25:47,31667.59,32146.47,31169.86,32101.82,6567014
2017-08-25 19:25:47,32101.82,32209.55,31520.44,32007.29,20921053
2017-08-26 19:25:47,32007.29,32815.03,31373.88,32235.71,29082439
2017-08-27 19:25:47,32235.71,33376.37,31966.9,32783.66,6534309
2017-08-28 19:25:47,32783.66,33276.88,31838.89,32241.76,33947314
2017-08-29 19:25:47,32241.76,32991.92,31597.46,32841.49,40980662
2017-08-30 19:25:47,32841.49,33356.65,32044.05,32504.63,29546039
2017-08-31 19:25:47,32504.63,32963.64,32425.48,32553.22,30418929
2017-09-01 19:25:47,32553.22,33555.07,32334.24,33199.41,34814656
2017-09-02 19:25:47,33199.41,33251.4,31923.38,32283.21,26964359
2017-09-03 19:25:47,32283.21,32364.36,31218.07,31588.6,45124976
2017-09-04 19:25:47,31588.6,32847.59,31197.54,32491.63,44156083
2017-09-05 19:25:47,32491.63,33662.35,32306.53,33335.33,41530200
2017-09-06 19:25:47,33335.33,34020.35,33295.59,33761.39,25165167
2017-09-07 19:25:47,33761.39,34119.11,33732.82,34072.66,14305078
2017-09-08 19:25:47,34072.66,34588.73,33723.51,33758.35,35138762
2017-09-09 19:25:47,33758.35,34844.78,33116.85,34361.13,17863984
2017-09-10 19:25:47,34361.13,35017.94,33677.63,34147.03,27322052
2017-09-11 19:25:47,34147.03,34475.98,32944.79,33517.92,25787531
2017-09-12 19:25:47,33517.92,34530.8,33136.1,34496.11,41616815
2017-09-13 19:25:47,34496.11,34762.44,33616.23,34044.65,21629551
2017-09-14 19:25:47,34044.65,34216.15,33890.96,33996.78,23123343
2017-09-15 19:25:47,33996.78,34078.86,33086.03,33144.82,13873848
2017-09-16 19:25:47,33144.82,33544.81,32685.52,33513.86,3895046
2017-09-17 19:25:47,33513.86,33625.59,32991.92,33457.35,22089119
2017-09-18 19:25:47,33457.35,33854.55,32157.84,32730.55,18485384
2017-09-19 19:25:47,32730.55,33381.12,32539.88,32761.72,2963542
2017-09-20 19:25:47,32761.72,34147.89,32143.83,33708.38,11339449
2017-09-21 19:25:47,33708.38,34226.79,33451.75,34159.1,36156203
2017-09-22 19:25:47,34159.1,34997.34,33817.05,34524.26,12492454
2017-09-23 19:25:47,34524.26,35231.65,34434.79,34815.81,30407990
2017-09-24 19:25:47,34815.81,35246.63,33660.65,34185.53,36628943
2017-09-25 19:25:47,34185.53,34556.79,33587.35,34227.85,44788421
2017-09-26 19:25:47,34227.85,34933.14,34077.98,34319.05,33741555
2017-09-27 19:25:47,34319.05,35407.34,33836.55,34719.15,8612405
2017-09-28 19:25:47,34719.15,34931.25,34243.5,34725.54,21474547
2017-09-29 19:25:47,34725.54,35593.41,34576.09,35435.36,40362775
2017-09-30 19:25:47,35435.36,35692.86,35193.62,35270.7,17428379
2017-10-01 19:25:47,35270.7,35775.13,34416.42,35011.74,40875621
2017-10-02 19:25:47,35011.74,35378.04,34461.0,35002.56,5980016
2017-10-03 19:25:47,35002.56,35333.48,34432.62,35104.87,8618606
2017-10-04 19:25:47,35104.87,36068.54,35014.33,35859.01,10337919
2017-10-05 19:25:47,35859.01,36827.05,35783.0,36350.88,24370031
2017-10-06 19:25:47,36350.88,37055.16,35802.46,36547.19,47714370
2017-10-07 19:25:47,36547.19,36723.87,36286.52,36360.49,36571031
2017-10-08 19:25:47,36360.49,36959.21,36325.43,36716.17,44280652
2017-10-09 19:25:47,36716.17,37212.42,35336.94,35687.65,41604607
2017-10-10 19:25:47,35687.65,36650.57,35429.91,36431.99,14524837
2017-10-11 19:25:47,36431.99,36951.04,35743.64,36287.04,7687083
2017-10-12 19:25:47,36287.04,36537.46,34844.21,35403.66,24436448
2017-10-13 19:25:47,35403.66,35992.18,35279.83,35601.25,17937999
2017-10-14 19:25:47,35601.25,35870.66,35090.56,35575.08,30459065
2017-10-15 19:25:47,35575.08,36045.71,35169.88,36008.83,33580066
2017-10-16 19:25:47,36008.83,36993.64,35868.56,36866.16,49059706
2017-10-17 19:25:47,36866.16,37081.37,36130.06,36886.65,41074409
2017-10-18 19:25:47,36886.65,37946.95,36708.2,37474.25,21687688
2017-10-19 19:25:47,37474.25,38755.11,37084.58,38299.13,9869292
2017-10-20 19:25:47,38299.13,38376.58,37907.95,37932.78,12455615
2017-10-21 19:25:47,37932.78,38486.59,37342.07,38129.59,46545973
2017-10-22 19:25:47,38129.59,39233.27,38080.92,38650.71,45530455
2017-10-23 19:25:47,38650.71,40398.58,38606.94,39798.94,18648856
2017-10-24 19:25:47,39798.94,40521.74,39246.99,39874.79,36793874
2017-10-25 19:25:47,39874.79,41554.66,39170.19,40920.19,43799816
2017-10-26 19:25:47,40920.19,41030.15,40035.83,40505.59,10138415
2017-10-27 19:25:47,40505.59,41165.88,40349.26,40991.18,47069800
2017-10-28 19:25:47,40991.18,41662.89,40704.36,40831.07,13119110
2017-10-29 19:25:47,40831.07,41953.72,40078.26,41911.49,40127957
2017-10-30 19:25:47,41911.49,41945.46,40468.82,40994.43,8694642
2017-10-31 19:25:47,40994.43,42408.64,40273.5,41839.38,23703400
2017-11-01 19:25:47,41839.38,42584.02,41324.68,41582.97,11984238
2017-11-02 19:25:47,41582.97,42533.81,41104.03,42161.9,31271858
2017-11-03 19:25:47,42161.9,43159.0,41608.58,43104.29,40302358
2017-11-04 19:25:47,43104.29,44315.41,42878.99,43702.44,29723602
2017-11-05 19:25:47,43702.44,44853.07,43120.95,44554.23,4641095
2017-11-06 19:25:47,44554.23,45057.58,44522.42,44563.46,48610260
2017-11-07 19:25:47,44563.46,45805.01,44173.23,45251.46,11274579
2017-11-08 19:25:47,45251.46,45805.24,43377.8,44033.7,46539896
2017-11-09 19:25:47,44033.7,45193.32,43674.8,44607.2,21804449
2017-11-10 19:25:47,44607.2,45596.51,44275.87,44795.99,7748889
2017-11-11 19:25:47,44795.99,45173.16,43651.64,44423.59,31094758
2017-11-12 19:25:47,44423.59,44786.53,42487.16,43234.13,11820772
2017-11-13 19:25:47,43234.13,44359.49,42790.33,44106.09,10597282
2017-11-14 19:25:47,44106.09,45235.0,44031.82,44775.25,23577023
2017-11-15 19:25:47,44775.25,45684.73,44589.3,44857.82,44049969
2017-11-16 19:25:47,44857.82,44889.31,43064.22,43574.67,19887637
2017-11-17 19:25:47,43574.67,43945.83,43543.15,43907.84,44919153
2017-11-18 19:25:47,43907.84,45197.12,43078.57,44312.04,26246500
2017-11-19 19:25:47,44312.04,44976.77,43733.66,44618.48,3100301
2017-11-20 19:25:47,44618.48,45706.71,43760.51,45301.21,10653791
2017-11-21 19:25:47,45301.21,45927.68,44409.37,44788.43,4920804
2017-11-22 19:25:47,44788.43,46354.08,44463.5,45520.75,25035321
2017-11-23 19:25:47,45520.75,45834.73,43897.85,44472.45,30924690
2017-11-24 19:25:47,44472.45,44967.12,42473.81,43220.04,42748340
2017-11-25 19:25:47,43220.04,43951.76,43045.72,43827.91,43669871
2017-11-26 19:25:47,43827.91,44161.79,43161.98,43726.25,35038454
2017-11-27 19:25:47,43726.25,44308.69,42960.08,44173.21,3202611
2017-11-28 19:25:47,44173.21,44807.37,43673.76,44051.88,18595034
2017-11-29 19:25:47,44051.88,45211.85,43656.54,44983.5,15632828
2017-11-30 19:25:47,44983.5,45378.37,43788.92,44187.48,16928532
2017-12-01 19:25:47,44187.48,45393.39,43438.08,45055.64,18181987
2017-12-02 19:25:47,45055.64,45888.22,44768.9,45646.62,15854864
2017-12-03 19:25:47,45646.62,45663.4,44891.53,45353.01,26931685
2017-12-04 19:25:47,45353.01,46690.92,45172.67,46124.17,23782127
2017-12-05 19:25:47,46124.17,47464.47,45770.54,47008.24,44760993
2017-12-06 19:25:47,47008.24,48298.72,46427.61,48077.89,6741057
2017-12-07 19:25:47,48077.89,49346.14,48022.04,48824.77,33141288
2017-12-08 19:25:47,48824.77,49091.02,47577.41,48284.38,23180707
2017-12-09 19:25:47,48284.38,48468.46,46866.84,47059.17,43182705
2017-12-10 19:25:47,47059.17,47153.99,45367.37,45814.22,47092410
2017-12-11 19:25:47,45814.22,46870.46,45484.37,46235.64,28147189
2017-12-12 19:25:47,46235.64,47062.36,46131.19,46466.0,2938300
2017-12-13 19:25:47,46466.0,46641.87,45456.17,45624.54,17769237
2017-12-14 19:25:47,45624.54,46640.71,45086.1,46269.15,22113767
2017-12-15 19:25:47,46269.15,46404.18,45796.93,46159.19,4563873
2017-12-16 19:25:47,46159.19,46416.7,45132.01,45139.1,10770213
2017-12-17 19:25:47,45139.1,45894.89,44056.08,44265.72,26724269
2017-12-18 19:25:47,44265.72,46280.69,43713.09,45556.24,27958053
2017-12-19 19:25:47,45556.24,45907.85,45251.16,45467.1,41984400
2017-12-20 19:25:47,45467.1,46477.26,45418.38,46172.27,1188536
2017-12-21 19:25:47,46172.27,47087.05,45623.46,46227.33,23400191
2017-12-22 19:25:47,46227.33,46497.02,45500.52,46373.56,21092478
2017-12-23 19:25:47,46373.56,46919.95,45203.48,45761.5,36205297
2017-12-24 19:25:47,45761.5,46793.1,45042.3,46218.05,35187832
2017-12-25 19:25:47,46218.05,46875.93,45411.53,45792.37,4850259
2017-12-26 19:25:47,45792.37,46996.74,44913.23,46878.63,15232711
2017-12-27 19:25:47,46878.63,47446.51,45795.56,46129.45,46834492
2017-12-28 19:25:47,46129.45,46780.61,44414.28,45070.31,40789628
2017-12-29 19:25:47,45070.31,45664.73,44797.85,45025.56,5930364
2017-12-30 19:25:47,45025.56,45132.46,43603.6,43717.67,47006350
2017-12-31 19:25:47,43717.67,44523.18,43598.97,43925.26,41834286
2018-01-01 19:25:47,43925.26,44539.6,43255.75,44276.79,17861761
2018-01-02 19:25:47,44276.79,44930.3,44017.69,44262.33,20751891
2018-01-03 19:25:47,44262.33,45206.07,43389.04,44574.84,18056145
2018-01-04 19:25:47,44574.84,45110.67,43903.53,44485.64,13891620
2018-01-05 19:25:47,44485.64,44696.82,43999.32,44614.4,3071083
2018-01-06 19:25:47,44614.4,45128.13,42975.14,43315.87,3526047
2018-01-07 19:25:47,43315.87,44428.85,42914.21,43689.0,36450658
2018-01-08 19:25:47,43689.0,44565.47,43608.16,44192.05,22222246
2018-01-09 19:25:47,44192.05,45030.89,44092.8,44776.59,31629504
2018-01-10 19:25:47,44776.59,46000.48,44353.94,45368.41,13487734
2018-01-11 19:25:47,45368.41,45529.03,44329.28,44690.62,19939910
2018-01-12 19:25:47,44690.62,46049.87,43978.59,45831.25,17399844
2018-01-13 19:25:47,45831.25,47104.22,45186.65,46542.63,1539929
2018-01-14 19:25:47,46542.63,46968.69,45967.67,46715.15,43222963
2018-01-15 19:25:47,46715.15,48334.97,45970.88,48108.95,46316495
2018-01-16 19:25:47,48108.95,49655.77,47222.15,49335.66,35100067
2018-01-17 19:25:47,49335.66,49974.86,49215.59,49353.95,12515524
2018-01-18 19:25:47,49353.95,50106.22,48571.01,49704.42,35530928
2018-01-19 19:25:47,49704.42,50036.2,47571.17,48462.22,23871782
2018-01-20 19:25:47,48462.22,49242.39,47912.31,48023.16,14069716
2018-01-21 19:25:47,48023.16,48209.91,47084.19,47954.55,31473775
2018-01-22 19:25:47,47954.55,48462.96,47585.16,47746.78,20585243
2018-01-23 19:25:47,47746.78,47841.01,46851.48,47177.22,12063797
2018-01-24 19:25:47,47177.22,48006.63,45826.76,46260.96,22492541
2018-01-25 19:25:47,46260.96,46731.76,45281.93,45293.74,39992186
2018-01-26 19:25:47,45293.74,45954.09,44811.94,45660.11,32832703
2018-01-27 19:25:47,45660.11,46201.04,45249.41,46079.94,40543272
2018-01-28 19:25:47,46079.94,47216.98,45292.71,47182.23,43417422
2018-01-29 19:25:47,47182.23,48352.15,46701.59,47679.05,41628736
2018-01-30 19:25:47,47679.05,48286.59,46168.5,46786.95,29289165
2018-01-31 19:25:47,46786.95,47130.99,45073.68,45592.84,22511708
2018-02-01 19:25:47,45592.84,46186.56,45012.85,45644.94,49776273
2018-02-02 19:25:47,45644.94,46767.35,45211.52,46645.82,23455619
2018-02-03 19:25:47,46645.82,47071.54,46056.53,46587.06,27892883
2018-02-04 19:25:47,46587.06,46970.11,46344.11,46819.36,46594385
2018-02-05 19:25:47,46819.36,47276.66,45911.88,46136.12,36833924
2018-02-06 19:25:47,46136.12,47586.06,45393.17,46883.72,21129888
2018-02-07 19:25:47,46883.72,47568.83,46475.13,47438.27,3894329
2018-02-08 19:25:47,47438.27,49137.38,47424.43,48767.99,28850718
2018-02-09 19:25:47,48767.99,49703.55,47148.35,47547.14,36862674
2018-02-10 19:25:47,47547.14,47970.14,46535.62,46758.9,30461266
2018-02-11 19:25:47,46758.9,48053.12,46380.4,47848.15,47038350
2018-02-12 19:25:47,47848.15,48700.66,47761.09,47775.16,47843514
2018-02-13 19:25:47,47775.16,48793.02,47095.14,47926.02,21089713
2018-02-14 19:25:47,47926.02,49469.48,47436.8,48963.94,2379381
2018-02-15 19:25:47,48963.94,49895.12,48585.33,49465.91,21344989
2018-02-16 19:25:47,49465.91,51342.37,48923.58,50765.68,9595571
2018-02-17 19:25:47,50765.68,50788.31,49745.64,49958.37,14295606
2018-02-18 19:25:47,49958.37,50770.49,49798.34,50652.53,40085676
2018-02-19 19:25:47,50652.53,51169.3,49856.59,50608.8,47336802
2018-02-20 19:25:47,50608.8,50764.72,49524.77,49600.64,15808086
2018-02-21 19:25:47,49600.64,50575.35,48586.49,48786.25,45053303
2018-02-22 19:25:47,48786.25,49922.83,47886.14,49550.19,38449421
2018-02-23 19:25:47,49550.19,51362.35,48985.33,50547.64,20850769
2018-02-24 19:25:47,50547.64,51031.87,49959.0,50996.0,33760652
2018-02-25 19:25:47,50996.0,52492.04,50652.04,52254.18,27307196
2018-02-26 19:25:47,52254.18,53878.53,51329.78,53780.57,23081532
2018-02-27 19:25:47,53780.57,54272.28,51430.78,52361.75,47785080
2018-02-28 19:25:47,52361.75,53945.31,51952.7,53410.17,47333540
2018-03-01 19:25:47,53410.17,53705.93,52632.77,52802.0,11381483
2018-03-02 19:25:47,52802.0,54393.88,52267.61,53979.25,45418288
2018-03-03 19:25:47,53979.25,54365.12,53738.25,53747.54,30404125
2018-03-04 19:25:47,53747.54,55231.19,53293.31,54306.21,6185377
2018-03-05 19:25:47,54306.21,55937.53,53786.55,54944.35,36600399
2018-03-06 19:25:47,54944.35,55940.88,54623.76,55284.73,4198887
2018-03-07 19:25:47,55284.73,56629.08,54520.7,55809.49,32940973
2018-03-08 19:25:47,55809.49,56430.91,53976.22,54704.3,10398734
2018-03-09 19:25:47,54704.3,55144.71,52943.7,53197.6,13745953
2018-03-10 19:25:47,53197.6,53625.4,52297.23,53253.24,10772184
2018-03-11 19:25:47,53253.24,54160.53,51366.42,52393.86,1177349
2018-03-12 19:25:47,52393.86,53828.78,51687.57,53012.22,1275058
2018-03-13 19:25:47,53012.22,53443.06,52461.56,53183.57,39912541
2018-03-14 19:25:47,53183.57,53464.65,52668.32,53368.59,24074110
2018-03-15 19:25:47,53368.59,55058.18,52510.21,54208.83,3448771
2018-03-16 19:25:47,54208.83,54442.73,52807.37,53138.27,45772711
2018-03-17 19:25:47,53138.27,53425.4,52607.11,52664.82,6092998
2018-03-18 19:25:47,52664.82,53330.32,51830.4,52467.69,30941312
2018-03-19 19:25:47,52467.69,52559.87,51582.2,52308.22,49018554
2018-03-20 19:25:47,52308.22,53799.93,52308.16,52976.54,46570782
2018-03-21 19:25:47,52976.54,53933.07,51178.26,51399.24,5352924
2018-03-22 19:25:47,51399.24,52304.73,50345.77,51209.3,45578214
2018-03-23 19:25:47,51209.3,52157.66,50439.06,51216.23,45053690
2018-03-24 19:25:47,51216.23,52751.18,50448.67,52046.59,34702007
2018-03-25 19:25:47,52046.59,53032.47,50192.38,50539.48,30000308
2018-03-26 19:25:47,50539.48,50878.86,49443.01,49641.63,15275342
2018-03-27 19:25:47,49641.63,50063.13,49086.55,49971.46,36564763
2018-03-28 19:25:47,49971.46,51492.22,49649.37,51043.34,10698210
2018-03-29 19:25:47,51043.34,51547.54,49558.94,50539.44,45661889
2018-03-30 19:25:47,50539.44,50927.29,48871.76,49599.29,4880510
2018-03-31 19:25:47,49599.29,49723.76,48806.24,49573.53,33099303
2018-04-01 19:25:47,49573.53,50144.7,48708.08,49290.09,41263628
2018-04-02 19:25:47,49290.09,50082.37,48012.69,48157.33,3894660
2018-04-03 19:25:47,48157.33,49406.1,47316.2,49379.05,32063318
2018-04-04 19:25:47,49379.05,51143.84,48397.6,50291.18,16484255
2018-04-05 19:25:47,50291.18,50684.96,49749.53,50565.55,7052980
2018-04-06 19:25:47,50565.55,51426.66,49520.7,49938.46,39745290
2018-04-07 19:25:47,49938.46,50981.41,49549.92,50127.16,10740779
2018-04-08 19:25:47,50127.16,50411.11,49042.59,49162.71,18344230
2018-04-09 19:25:47,49162.71,49595.13,48156.11,48544.6,4926660
2018-04-10 19:25:47,48544.6,49128.51,47676.04,48173.19,36066614
2018-04-11 19:25:47,48173.19,49403.68,48093.62,48836.54,24328308
2018-04-12 19:25:47,48836.54,49580.72,47926.07,48676.83,15993638
2018-04-13 19:25:47,48676.83,50528.11,47791.16,50034.86,24085164
2018-04-14 19:25:47,50034.86,51879.68,49282.67,51528.08,13125198
2018-04-15 19:25:47,51528.08,53090.66,51091.8,52250.92,36033178
2018-04-16 19:25:47,52250.92,52565.48,50925.25,51433.55,13000251
2018-04-17 19:25:47,51433.55,51903.36,49834.66,50817.82,39417733
2018-04-18 19:25:47,50817.82,52307.78,50451.99,52059.01,1957824
2018-04-19 19:25:47,52059.01,53726.23,51455.37,53026.24,37464156
2018-04-20 19:25:47,53026.24,53203.25,51306.3,51644.95,48353956
2018-04-21 19:25:47,51644.95,53941.29,51440.61,53029.91,49569416
2018-04-22 19:25:47,53029.91,53141.65,52569.03,52845.8,6200313
2018-04-23 19:25:47,52845.8,53636.41,51623.96,51979.78,29550602
2018-04-24 19:25:47,51979.78,52731.82,51412.24,51964.35,24196996
2018-04-25 19:25:47,51964.35,53490.19,51450.68,52557.85,23345369
2018-04-26 19:25:47,52557.85,53215.56,50409.83,51193.96,39706757
2018-04-27 19:25:47,51193.96,51604.63,49134.32,50048.22,25929391
2018-04-28 19:25:47,50048.22,50710.72,49068.08,49801.36,12880664
2018-04-29 19:25:47,49801.36,50606.83,48659.66,49557.84,10428759
2018-04-30 19:25:47,49557.84,51902.34,49168.62,50905.41,12603188
2018-05-01 19:25:47,50905.41,52387.3,50372.9,51867.08,22382925
2018-05-02 19:25:47,51867.08,52324.3,50241.51,51266.43,6895216
2018-05-03 19:25:47,51266.43,51889.45,50203.74,50711.39,10834611
2018-05-04 19:25:47,50711.39,52207.74,49878.18,51233.03,46164098
2018-05-05 19:25:47,51233.03,52241.15,49539.62,50157.49,9335043
2018-05-06 19:25:47,50157.49,50751.68,49527.38,50628.33,45331027
2018-05-07 19:25:47,50628.33,51937.89,49826.52,51573.45,10319128
2018-05-08 19:25:47,51573.45,51683.03,50741.28,51533.04,40615539
2018-05-09 19:25:47,51533.04,51920.31,50990.45,51253.49,19834151
2018-05-10 19:25:47,51253.49,51606.96,49643.01,50601.86,48042742
2018-05-11 19:25:47,50601.86,50964.67,48966.51,49134.66,30678696
2018-05-12 19:25:47,49134.66,49685.23,47711.16,48369.01,6864901
2018-05-13 19:25:47,48369.01,48491.39,47416.84,48109.81,44165902
2018-05-14 19:25:47,48109.81,49656.45,47647.41,48804.27,31039576
2018-05-15 19:25:47,48804.27,50126.48,47922.69,49289.91,28867066
2018-05-16 19:25:47,49289.91,49576.57,47504.55,47948.39,43638587
2018-05-17 19:25:47,47948.39,48521.06,46431.34,47116.41,38517918
2018-05-18 19:25:47,47116.41,47590.88,47022.79,47554.69,36218674
2018-05-19 19:25:47,47554.69,47794.9,46352.45,46536.46,15905617
2018-05-20 19:25:47,46536.46,47275.92,45774.78,46076.83,8154932
2018-05-21 19:25:47,46076.83,46954.25,45235.64,45381.72,41406163
2018-05-22 19:25:47,45381.72,46206.63,45235.52,45858.9,24756700
2018-05-23 19:25:47,45858.9,47160.35,45722.73,46719.33,1910676
2018-05-24 19:25:47,46719.33,47327.19,46495.48,47159.51,19287272
2018-05-25 19:25:47,47159.51,48014.61,46525.29,46635.55,23900144
2018-05-26 19:25:47,46635.55,47926.05,46286.49,47789.31,25732796
2018-05-27 19:25:47,47789.31,48408.13,47507.66,47921.39,31352422
2018-05-28 19:25:47,47921.39,48655.94,45933.03,46544.19,32735867
2018-05-29 19:25:47,46544.19,47412.29,46014.76,46607.95,40468752
2018-05-30 19:25:47,46607.95,47406.18,44815.08,45676.04,14238946
2018-05-31 19:25:47,45676.04,45749.74,45168.93,45264.95,12497907
2018-06-01 19:25:47,45264.95,45910.51,43612.9,44399.83,18781930
2018-06-02 19:25:47,44399.83,44589.71,43204.89,43830.52,17963700
2018-06-03 19:25:47,43830.52,44463.68,42356.72,43188.7,2513907
2018-06-04 19:25:47,43188.7,44906.29,42612.61,44284.99,37343111
2018-06-05 19:25:47,44284.99,44843.94,42773.6,43366.15,12286565
2018-06-06 19:25:47,43366.15,44119.23,43177.26,43507.34,28297658
2018-06-07 19:25:47,43507.34,44176.15,41878.49,42206.91,27333359
2018-06-08 19:25:47,42206.91,42487.64,40741.01,41465.59,5291083
2018-06-09 19:25:47,41465.59,42651.96,40802.77,42119.63,26651391
2018-06-10 19:25:47,42119.63,42548.42,41102.81,41474.71,46619594
2018-06-11 19:25:47,41474.71,42092.9,41076.71,41958.93,30845545
2018-06-12 19:25:47,41958.93,42688.94,41095.64,41810.62,35698836
2018-06-13 19:25:47,41810.62,41983.81,40479.3,41119.83,12624351
2018-06-14 19:25:47,41119.83,41453.94,40001.44,40549.67,43225506
2018-06-15 19:25:47,40549.67,41989.78,40287.04,41453.62,24823154
2018-06-16 19:25:47,41453.62,42509.27,41005.76,41943.95,6191758
2018-06-17 19:25:47,41943.95,42561.35,40409.91,40837.83,21366940
2018-06-18 19:25:47,40837.83,41623.97,40239.15,40309.25,22245706
2018-06-19 19:25:47,40309.25,41756.44,39736.07,41314.21,41028178
2018-06-20 19:25:47,41314.21,42129.34,40563.49,41894.72,17513184
2018-06-21 19:25:47,41894.72,42415.23,41000.45,41539.88,37766561
2018-06-22 19:25:47,41539.88,42982.91,40818.45,42176.12,47748014
2018-06-23 19:25:47,42176.12,42985.91,41460.56,42930.84,35434232
2018-06-24 19:25:47,42930.84,43364.06,42820.15,43275.49,31582105
2018-06-25 19:25:47,43275.49,43815.55,42988.6,43037.39,29027374
2018-06-26 19:25:47,43037.39,44886.32,43022.02,44089.37,4710746
2018-06-27 19:25:47,44089.37,44629.83,43465.07,43995.46,15788475
2018-06-28 19:25:47,43995.46,44605.3,43261.99,43986.72,45697829
2018-06-29 19:25:47,43986.72,44362.14,42124.73,42849.04,18120541
2018-06-30 19:25:47,42849.04,44598.21,42801.27,44059.08,43734573
2018-07-01 19:25:47,44059.08,44888.43,43234.37,43777.57,10752817
2018-07-02 19:25:47,43777.57,44252.93,43760.17,44033.26,32126632
2018-07-03 19:25:47,44033.26,44377.77,42686.59,43420.73,46067870
2018-07-04 19:25:47,43420.73,44443.51,43286.33,44374.67,20356293
2018-07-05 19:25:47,44374.67,44791.14,42871.12,43266.63,18956655
2018-07-06 19:25:47,43266.63,44196.01,42581.95,43340.36,10934232
2018-07-07 19:25:47,43340.36,43927.72,42592.19,43669.01,6860201
2018-07-08 19:25:47,43669.01,44921.17,43534.95,44053.39,26988218
2018-07-09 19:25:47,44053.39,45188.81,43432.93,44465.78,39581388
2018-07-10 19:25:47,44465.78,44775.94,43594.51,44060.18,47322924
2018-07-11 19:25:47,44060.18,45286.44,43420.12,44516.36,17735848
2018-07-12 19:25:47,44516.36,45196.17,43969.41,45006.68,30788301
2018-07-13 19:25:47,45006.68,45850.45,44168.16,44701.14,22281701
2018-07-14 19:25:47,44701.14,45218.08,43443.0,44158.22,3943253
2018-07-15 19:25:47,44158.22,44834.16,43399.25,43760.41,2440120
2018-07-16 19:25:47,43760.41,44622.87,42247.79,42699.43,38773144
2018-07-17 19:25:47,42699.43,43533.06,41197.61,41544.06,28078013
2018-07-18 19:25:47,41544.06,41939.29,39952.2,40516.45,40326755
2018-07-19 19:25:47,40516.45,41021.78,39382.97,39481.1,16450446
2018-07-20 19:25:47,39481.1,39506.47,38598.8,39298.95,36335827
2018-07-21 19:25:47,39298.95,40262.13,39152.46,39623.26,47641579
2018-07-22 19:25:47,39623.26,39849.31,39110.12,39206.42,27827550
2018-07-23 19:25:47,39206.42,39875.64,38208.76,38630.83,5269736
2018-07-24 19:25:47,38630.83,39120.6,37508.02,37508.47,9092057
2018-07-25 19:25:47,37508.47,37998.06,36517.7,36623.95,33130330
2018-07-26 19:25:47,36623.95,37138.42,35653.03,36379.38,22891780
2018-07-27 19:25:47,36379.38,37546.98,36114.77,37182.09,36997269
2018-07-28 19:25:47,37182.09,37732.12,35886.25,36201.55,27760549
2018-07-29 19:25:47,36201.55,37082.26,36146.84,36995.1,42432068
2018-07-30 19:25:47,36995.1,37177.99,36360.89,36594.81,45000560
2018-07-31 19:25:47,36594.81,37226.24,36548.25,36598.7,40372945
2018-08-01 19:25:47,36598.7,36880.04,35802.22,36453.38,48797203
2018-08-02 19:25:47,36453.38,37687.36,35894.28,37414.51,3526445
2018-08-03 19:25:47,37414.51,37759.13,36147.54,36350.87,23717928
2018-08-04 19:25:47,36350.87,37467.16,36151.03,37151.57,4327713
2018-08-05 19:25:47,37151.57,37536.72,36038.24,36694.25,9664905
2018-08-06 19:25:47,36694.25,38221.77,36238.64,37747.28,28890150
2018-08-07 19:25:47,37747.28,38787.24,37516.04,38370.36,26097093
2018-08-08 19:25:47,38370.36,39058.97,38335.42,39051.14,40517078
2018-08-09 19:25:47,39051.14,40035.9,38601.4,39878.59,3397764
2018-08-10 19:25:47,39878.59,41760.83,39091.16,40959.49,6986170
2018-08-11 19:25:47,40959.49,41212.48,39650.28,40404.24,1494340
2018-08-12 19:25:47,40404.24,40775.35,39667.77,40376.66,29815403
2018-08-13 19:25:47,40376.66,41871.35,40222.65,41129.16,29111775
2018-08-14 19:25:47,41129.16,41357.33,40138.35,40236.02,28429525
2018-08-15 19:25:47,40236.02,40513.95,39366.8,39507.45,48296722
2018-08-16 19:25:47,39507.45,40760.61,38886.16,40066.4,35359025
2018-08-17 19:25:47,40066.4,40333.34,39388.15,39433.42,26567817
2018-08-18 19:25:47,39433.42,39499.78,38486.77,38885.88,48841213
2018-08-19 19:25:47,38885.88,39557.63,37486.44,37737.62,20442550
2018-08-20 19:25:47,37737.62,38485.91,36651.89,36878.73,14163010
2018-08-21 19:25:47,36878.73,36941.17,36196.97,36795.84,47956978
2018-08-22 19:25:47,36795.84,37422.04,36778.0,37339.5,10635082
2018-08-23 19:25:47,37339.5,38615.58,36733.76,38298.15,38965428
2018-08-24 19:25:47,38298.15,38617.3,37591.33,38192.25,34873348
2018-08-25 19:25:47,38192.25,38228.46,37956.0,38122.16,32863149
2018-08-26 19:25:47,38122.16,38486.88,36930.43,37472.49,36709580
2018-08-27 19:25:47,37472.49,38150.7,36791.68,37206.36,11542847
2018-08-28 19:25:47,37206.36,37488.84,36021.1,36237.52,20956709
2018-08-29 19:25:47,36237.52,37348.94,35960.81,36808.11,10360226
2018-08-30 19:25:47,36808.11,37364.58,35872.29,36377.09,13256461
2018-08-31 19:25:47,36377.09,36645.64,35135.06,35770.02,23824687
2018-09-01 19:25:47,35770.02,35900.78,34345.12,34798.49,38193523
2018-09-02 19:25:47,34798.49,34910.58,33388.67,33815.15,47492433
2018-09-03 19:25:47,33815.15,33965.99,32726.08,32960.04,49853648
2018-09-04 19:25:47,32960.04,33986.53,32585.32,33516.6,41713898
2018-09-05 19:25:47,33516.6,33841.99,32786.42,33085.75,4179420
2018-09-06 19:25:47,33085.75,33209.85,31870.66,32482.25,35632081
2018-09-07 19:25:47,32482.25,33218.84,32355.54,33123.56,44549661
2018-09-08 19:25:47,33123.56,33397.83,32339.09,32524.09,37469454
2018-09-09 19:25:47,32524.09,33139.93,31416.81,31682.4,38967250
2018-09-10 19:25:47,31682.4,31905.7,31679.05,31697.3,21336369
2018-09-11 19:25:47,31697.3,32368.4,31492.61,32253.3,18114271
2018-09-12 19:25:47,32253.3,32281.27,31831.22,31929.17,18657683
2018-09-13 19:25:47,31929.17,32845.52,31353.39,32792.52,22071083
2018-09-14 19:25:47,32792.52,33051.01,31970.36,32564.58,5848375
2018-09-15 19:25:47,32564.58,33504.09,32146.08,33149.83,15456529
2018-09-16 19:25:47,33149.83,33484.46,32718.98,32834.21,14410586
2018-09-17 19:25:47,32834.21,33726.62,32825.95,33588.06,28727046
2018-09-18 19:25:47,33588.06,34097.46,32667.38,33122.78,10304014
2018-09-19 19:25:47,33122.78,33960.35,32853.34,33850.82,10343816
2018-09-20 19:25:47,33850.82,34447.89,33345.94,34211.23,18693503
2018-09-21 19:25:47,34211.23,34499.95,32940.95,33237.23,32979350
2018-09-22 19:25:47,33237.23,34116.95,32646.38,33932.41,37697767
2018-09-23 19:25:47,33932.41,34079.07,33079.79,33443.66,8355614
2018-09-24 19:25:47,33443.66,34035.25,31921.83,32565.47,46574746
2018-09-25 19:25:47,32565.47,32869.53,32455.5,32859.72,38410325
2018-09-26 19:25:47,32859.72,33275.37,32781.37,32956.22,21986556
2018-09-27 19:25:47,32956.22,33529.26,32559.24,33052.98,8335554
2018-09-28 19:25:47,33052.98,33364.08,32116.15,32771.34,26834026
2018-09-29 19:25:47,32771.34,33050.33,31860.62,31948.23,6156385
2018-09-30 19:25:47,31948.23,32400.17,31156.0,31371.79,10307757
2018-10-01 19:25:47,31371.79,31642.79,30985.18,31056.87,35348313
2018-10-02 19:25:47,31056.87,31225.45,30382.6,30926.74,9366803
2018-10-03 19:25:47,30926.74,31094.25,29474.49,29999.59,20634562
2018-10-04 19:25:47,29999.59,30912.01,29610.06,30666.52,17677476
2018-10-05 19:25:47,30666.52,31537.37,30597.31,31126.29,27085312
2018-10-06 19:25:47,31126.29,31989.18,30533.28,31429.59,44875534
2018-10-07 19:25:47,31429.59,31996.61,30687.53,31279.96,47702098
2018-10-08 19:25:47,31279.96,31308.56,30908.3,30938.96,9817937
2018-10-09 19:25:47,30938.96,31640.48,30337.34,31303.33,8283462
2018-10-10 19:25:47,31303.33,31788.74,30472.39,30959.48,26735874
2018-10-11 19:25:47,30959.48,31537.99,30643.9,31282.03,21804025
2018-10-12 19:25:47,31282.03,32492.14,31035.07,32182.26,21315084
2018-10-13 19:25:47,32182.26,32245.56,31603.93,31640.56,45988796
2018-10-14 19:25:47,31640.56,32277.41,31231.86,31964.49,7557925
2018-10-15 19:25:47,31964.49,32681.04,31768.47,32173.76,34938665
2018-10-16 19:25:47,32173.76,32753.46,31463.5,32066.59,13744734
2018-10-17 19:25:47,32066.59,33605.31,31944.2,32970.98,17251743
2018-10-18 19:25:47,32970.98,33324.84,32533.75,32891.56,42160361
2018-10-19 19:25:47,32891.56,34213.67,32727.28,33833.73,38583986
2018-10-20 19:25:47,33833.73,34262.21,33509.4,33853.21,48326416
2018-10-21 19:25:47,33853.21,35096.45,33204.67,34496.76,38497331
2018-10-22 19:25:47,34496.76,35366.71,33994.21,35049.53,28968424
2018-10-23 19:25:47,35049.53,35895.79,34928.3,35784.98,48971513
2018-10-24 19:25:47,35784.98,36544.42,35716.24,36135.03,11910303
2018-10-25 19:25:47,36135.03,36212.24,34605.92,35302.12,28417661
2018-10-26 19:25:47,35302.12,35846.8,33870.78,34524.5,23466619
2018-10-27 19:25:47,34524.5,35204.21,33670.33,33780.73,33141669
2018-10-28 19:25:47,33780.73,34941.34,33620.42,34414.15,31456286
2018-10-29 19:25:47,34414.15,35745.68,33902.88,35406.21,19879773
2018-10-30 19:25:47,35406.21,36411.22,34998.5,36019.71,48411359
2018-10-31 19:25:47,36019.71,36399.65,35069.73,35306.83,39268438
2018-11-01 19:25:47,35306.83,35562.55,34141.93,34739.4,25625603
2018-11-02 19:25:47,34739.4,36283.63,34432.61,35574.43,20037459
2018-11-03 19:25:47,35574.43,36176.6,35470.31,35602.73,42655911
2018-11-04 19:25:47,35602.73,36799.76,35177.03,36186.86,43195182
2018-11-05 19:25:47,36186.86,37348.11,35572.63,37003.37,41237300
2018-11-06 19:25:47,37003.37,37335.57,35794.17,36419.91,6230027
2018-11-07 19:25:47,36419.91,37786.1,35882.92,37094.92,5368418
2018-11-08 19:25:47,37094.92,38501.64,36530.95,37765.18,20340358
2018-11-09 19:25:47,37765.18,39314.57,37453.86,38665.15,44928227
2018-11-10 19:25:47,38665.15,39017.23,38334.25,38782.76,38817171
2018-11-11 19:25:47,38782.76,39009.68,38114.42,38630.89,49421682
2018-11-12 19:25:47,38630.89,39950.26,38335.39,39612.64,20707117
2018-11-13 19:25:47,39612.64,39775.0,38991.37,39553.29,44290330
2018-11-14 19:25:47,39553.29,40187.59,39500.81,39611.24,37071926
2018-11-15 19:25:47,39611.24,40233.92,38088.09,38846.92,28286399
2018-11-16 19:25:47,38846.92,40162.62,38601.75,39540.7,46749921
2018-11-17 19:25:47,39540.7,40261.68,39074.06,39414.6,44837107
2018-11-18 19:25:47,39414.6,39602.86,38411.58,38654.85,3016368
2018-11-19 19:25:47,38654.85,38753.39,37183.2,37645.01,43473934
2018-11-20 19:25:47,37645.01,39451.45,37162.61,38750.99,27382452
2018-11-21 19:25:47,38750.99,39176.53,37488.42,37680.88,32892193
2018-11-22 19:25:47,37680.88,38251.84,36344.2,36882.38,8650207
2018-11-23 19:25:47,36882.38,38227.54,36574.81,37759.7,31524575
2018-11-24 19:25:47,37759.7,38874.53,37363.8,38603.88,22994640
2018-11-25 19:25:47,38603.88,39208.91,37951.26,38433.89,22296657
2018-11-26 19:25:47,38433.89,39054.43,37821.16,38044.85,24105568
2018-11-27 19:25:47,38044.85,38784.12,37504.38,37641.8,11385063
2018-11-28 19:25:47,37641.8,38080.68,36367.86,36540.49,41153418
2018-11-29 19:25:47,36540.49,36595.37,35672.76,36292.34,24172623
2018-11-30 19:25:47,36292.34,37331.58,35608.1,37068.37,39514937
2018-12-01 19:25:47,37068.37,37465.13,35946.32,36193.87,8561458
2018-12-02 19:25:47,36193.87,37373.57,35954.57,37109.03,19425362
2018-12-03 19:25:47,37109.03,37636.17,36675.72,36839.2,14447131
2018-12-04 19:25:47,36839.2,37225.61,35480.8,35972.35,39299512
2018-12-05 19:25:47,35972.35,36974.48,35968.63,36612.31,3031474
2018-12-06 19:25:47,36612.31,37105.18,35451.84,35522.74,20490998
2018-12-07 19:25:47,35522.74,35651.5,34824.73,35141.69,3134313
2018-12-08 19:25:47,35141.69,35636.25,35046.05,35572.27,12225988
2018-12-09 19:25:47,35572.27,35959.71,35182.5,35597.5,21420681
2018-12-10 19:25:47,35597.5,36053.54,35302.77,35639.53,36178088
2018-12-11 19:25:47,35639.53,37116.18,35072.28,36577.76,19808077
2018-12-12 19:25:47,36577.76,37524.45,36310.25,37358.08,6791150
2018-12-13 19:25:47,37358.08,38581.54,37211.85,38040.21,2877186
2018-12-14 19:25:47,38040.21,39083.45,37401.78,38648.77,21534424
2018-12-15 19:25:47,38648.77,38748.39,37165.02,37775.82,42242218
2018-12-16 19:25:47,37775.82,38197.24,37685.77,37763.01,8978694
2018-12-17 19:25:47,37763.01,37956.21,37587.81,37917.33,2948574
2018-12-18 19:25:47,37917.33,38127.72,36583.15,37280.53,14407871
2018-12-19 19:25:47,37280.53,38144.04,37261.49,38096.25,11982091
2018-12-20 19:25:47,38096.25,38182.19,37472.66,37765.67,26245327
2018-12-21 19:25:47,37765.67,37821.94,36806.62,36969.73,40225132
2018-12-22 19:25:47,36969.73,37601.44,36684.65,37558.9,15415858
2018-12-23 19:25:47,37558.9,37995.12,36889.11,37200.72,1479252
2018-12-24 19:25:47,37200.72,37881.59,35507.31,36099.27,32124201
2018-12-25 19:25:47,36099.27,36917.39,35967.63,36624.57,21294782
2018-12-26 19:25:47,36624.57,38080.33,36425.52,37433.33,13076997
2018-12-27 19:25:47,37433.33,38083.38,37154.05,37874.69,31797723
2018-12-28 19:25:47,37874.69,37987.62,37173.22,37289.74,21913178
2018-12-29 19:25:47,37289.74,37576.11,36552.17,36932.51,3222270
2018-12-30 19:25:47,36932.51,37484.76,35437.73,35963.81,14689697
2018-12-31 19:25:47,35963.81,36660.22,35488.02,36349.07,25160451
2019-01-01 19:25:47,36349.07,37708.17,35904.17,37049.07,8323492
2019-01-02 19:25:47,37049.07,37774.18,36578.29,37552.51,35412806
2019-01-03 19:25:47,37552.51,37808.5,36396.57,36572.27,34143036
2019-01-04 19:25:47,36572.27,37235.25,36235.93,36813.45,22682465
2019-01-05 19:25:47,36813.45,37504.16,35437.12,36148.47,25211117
2019-01-06 19:25:47,36148.47,36222.51,34956.36,35106.69,46296637
2019-01-07 19:25:47,35106.69,35310.1,34885.65,35273.58,5082523
2019-01-08 19:25:47,35273.58,36338.27,35200.68,36174.62,3204288
2019-01-09 19:25:47,36174.62,36557.3,34641.05,35245.9,42100292
2019-01-10 19:25:47,35245.9,35299.5,34452.24,34888.48,30225098
2019-01-11 19:25:47,34888.48,36219.16,34615.1,35914.2,48304512
2019-01-12 19:25:47,35914.2,37166.19,35568.57,36798.07,34104543
2019-01-13 19:25:47,36798.07,37395.28,36495.44,36723.84,30726138
2019-01-14 19:25:47,36723.84,37908.07,36349.58,37646.03,10210142
2019-01-15 19:25:47,37646.03,38022.65,37487.84,37768.17,45858961
2019-01-16 19:25:47,37768.17,37905.07,37745.67,37834.1,48605534
2019-01-17 19:25:47,37834.1,38441.65,37555.45,37847.13,43578916
2019-01-18 19:25:47,37847.13,38052.84,36839.62,37173.73,6247615
2019-01-19 19:25:47,37173.73,37685.61,35889.28,36182.05,48393278
2019-01-20 19:25:47,36182.05,37263.07,36026.32,37223.51,14751087
2019-01-21 19:25:47,37223.51,37544.1,36495.31,36740.1,46192412
2019-01-22 19:25:47,36740.1,37915.81,36010.24,37752.25,16951790
2019-01-23 19:25:47,37752.25,37885.23,36940.23,36945.29,43607889
2019-01-24 19:25:47,36945.29,37600.95,36683.18,37325.87,5205498
2019-01-25 19:25:47,37325.87,37862.69,36727.4,36729.99,23541567
2019-01-26 19:25:47,36729.99,36741.17,35866.96,36484.79,27813464
2019-01-27 19:25:47,36484.79,37131.59,36003.02,36649.67,30450868
2019-01-28 19:25:47,36649.67,37119.51,35615.94,36072.92,4159565
2019-01-29 19:25:47,36072.92,36400.92,35632.08,35843.67,6002981
2019-01-30 19:25:47,35843.67,36299.69,35316.82,35618.62,41337967
2019-01-31 19:25:47,35618.62,37055.47,35549.04,36409.51,28635895
2019-02-01 19:25:47,36409.51,36816.05,35549.1,36230.49,26748439
2019-02-02 19:25:47,36230.49,36822.42,36086.19,36678.32,31202930
2019-02-03 19:25:47,36678.32,36869.77,35846.45,35874.01,2389515
2019-02-04 19:25:47,35874.01,36769.01,35222.41,36484.29,19053700
2019-02-05 19:25:47,36484.29,38109.89,35793.91,37552.1,19296649
2019-02-06 19:25:47,37552.1,38459.35,36864.19,37983.35,19775333
2019-02-07 19:25:47,37983.35,38213.98,37311.94,38091.95,41000394
2019-02-08 19:25:47,38091.95,38636.88,37009.92,37234.22,33651207
2019-02-09 19:25:47,37234.22,37275.35,36077.22,36657.58,28428496
2019-02-10 19:25:47,36657.58,37206.9,35403.15,35818.71,43708918
2019-02-11 19:25:47,35818.71,36547.79,35575.05,36141.76,31416773
2019-02-12 19:25:47,36141.76,37823.31,35857.56,37115.83,49423286
2019-02-13 19:25:47,37115.83,37752.59,36405.7,37606.27,28267892
2019-02-14 19:25:47,37606.27,38752.44,37170.63,38729.21,48729891
2019-02-15 19:25:47,38729.21,39541.67,38588.8,39504.45,18546826
2019-02-16 19:25:47,39504.45,39761.73,39026.5,39556.07,44336271
2019-02-17 19:25:47,39556.07,39590.95,39208.8,39505.94,21413503
2019-02-18 19:25:47,39505.94,40934.79,38813.1,40297.37,14801516
2019-02-19 19:25:47,40297.37,40591.26,39592.58,40571.11,44786961
2019-02-20 19:25:47,40571.11,41661.03,39784.19,41576.21,1345206
2019-02-21 19:25:47,41576.21,42573.64,41008.42,41941.38,35915651
2019-02-22 19:25:47,41941.38,42396.54,41400.48,41418.26,21256110
2019-02-23 19:25:47,41418.26,42146.55,40457.61,40876.28,21114586
2019-02-24 19:25:47,40876.28,40975.72,39722.57,39955.52,5572227
2019-02-25 19:25:47,39955.52,40737.32,38987.97,39250.17,11245988
2019-02-26 19:25:47,39250.17,40103.3,38821.09,39691.77,16225378
2019-02-27 19:25:47,39691.77,40112.4,38228.21,38897.07,10369449
2019-02-28 19:25:47,38897.07,39468.79,37608.45,37932.07,14463800
2019-03-01 19:25:47,37932.07,38317.77,36651.45,37122.6,46714378
2019-03-02 19:25:47,37122.6,38349.61,36623.29,37629.61,26800072
2019-03-03 19:25:47,37629.61,38021.61,37128.26,37849.17,48870938
2019-03-04 19:25:47,37849.17,38920.72,37667.02,38744.78,45639139
2019-03-05 19:25:47,38744.78,38863.37,38307.31,38409.06,20923185
2019-03-06 19:25:47,38409.06,38736.91,36814.53,37512.86,22612059
2019-03-07 19:25:47,37512.86,37663.96,37160.81,37343.68,37130247
2019-03-08 19:25:47,37343.68,38385.16,36640.67,37827.21,1752670
2019-03-09 19:25:47,37827.21,37953.11,37499.26,37624.17,17169548
2019-03-10 19:25:47,37624.17,37689.93,36657.44,37276.09,4538169
2019-03-11 19:25:47,37276.09,37646.3,36160.95,36483.81,14623235
2019-03-12 19:25:47,36483.81,37139.62,36112.01,36417.24,31112977
2019-03-13 19:25:47,36417.24,37143.36,36262.08,36932.91,24166812
2019-03-14 19:25:47,36932.91,37888.03,36281.61,37489.02,13529876
2019-03-15 19:25:47,37489.02,38133.09,37445.33,38006.96,47069881
2019-03-16 19:25:47,38006.96,38361.31,36727.09,37135.66,7251396
2019-03-17 19:25:47,37135.66,37897.8,36806.31,37470.88,22608849
2019-03-18 19:25:47,37470.88,37616.71,35765.47,36428.18,3028516
2019-03-19 19:25:47,36428.18,37021.63,35906.01,36190.84,5577203
2019-03-20 19:25:47,36190.84,37502.87,36181.57,37247.32,19205343
2019-03-21 19:25:47,37247.32,37355.19,35994.16,36527.56,35495178
2019-03-22 19:25:47,36527.56,37329.29,36038.71,36705.7,47769530
2019-03-23 19:25:47,36705.7,37407.33,35434.78,35720.36,14265811
2019-03-24 19:25:47,35720.36,36786.46,35232.24,36762.3,24355885
2019-03-25 19:25:47,36762.3,36786.74,35434.02,35709.95,39921066
2019-03-26 19:25:47,35709.95,37128.61,35258.94,36574.99,11433159
2019-03-27 19:25:47,36574.99,36810.34,35585.07,35974.07,16412483
2019-03-28 19:25:47,35974.07,37052.04,35892.03,36945.54,15759815
2019-03-29 19:25:47,36945.54,37148.26,36163.46,36277.24,28994216
2019-03-30 19:25:47,36277.24,36597.59,36132.82,36333.04,14371195
2019-03-31 19:25:47,36333.04,37340.81,36116.03,37164.34,16670866
2019-04-01 19:25:47,37164.34,37480.77,36548.02,37077.79,43560496
2019-04-02 19:25:47,37077.79,38473.73,36372.37,37750.5,7114641
2019-04-03 19:25:47,37750.5,38085.16,36119.27,36680.19,28944679
2019-04-04 19:25:47,36680.19,36760.47,35596.58,36157.51,24581305
2019-04-05 19:25:47,36157.51,36777.2,34741.29,35412.39,12228396
2019-04-06 19:25:47,35412.39,35783.6,34819.21,35732.66,24909146
2019-04-07 19:25:47,35732.66,36125.91,35415.0,35985.91,25993761
2019-04-08 19:25:47,35985.91,36249.71,35484.14,36122.98,46687427
2019-04-09 19:25:47,36122.98,36289.72,34937.66,35596.25,15323704
2019-04-10 19:25:47,35596.25,36425.97,35310.69,36003.63,9293599
2019-04-11 19:25:47,36003.63,36196.21,34669.73,35278.35,23527545
2019-04-12 19:25:47,35278.35,35361.35,34674.16,35309.8,31023912
2019-04-13 19:25:47,35309.8,35318.11,34298.29,34624.42,22057979
2019-04-14 19:25:47,34624.42,35142.75,33850.42,34442.41,42660749
2019-04-15 19:25:47,34442.41,34939.43,33944.43,34313.45,16555951
2019-04-16 19:25:47,34313.45,35407.65,33978.32,35199.81,44944255
2019-04-17 19:25:47,35199.81,36197.9,35181.31,36024.75,28542752
2019-04-18 19:25:47,36024.75,36615.39,35051.21,35380.25,38133237
2019-04-19 19:25:47,35380.25,36781.18,34697.44,36096.03,46579256
2019-04-20 19:25:47,36096.03,36854.12,35552.43,36280.22,7283035
2019-04-21 19:25:47,36280.22,37500.59,36181.12,37135.27,12714357
2019-04-22 19:25:47,37135.27,37677.49,35966.96,36476.81,39145410
2019-04-23 19:25:47,36476.81,37201.13,34906.44,35533.02,47852420
2019-04-24 19:25:47,35533.02,36203.46,34941.38,35192.35,3291043
2019-04-25 19:25:47,35192.35,35543.07,34855.8,35115.71,33371912
2019-04-26 19:25:47,35115.71,35786.69,33962.4,34468.23,36803590
2019-04-27 19:25:47,34468.23,34904.38,33259.23,33642.76,7193942
2019-04-28 19:25:47,33642.76,33777.94,32977.08,33015.88,19321399
2019-04-29 19:25:47,33015.88,33938.54,32371.34,33413.22,23332404
2019-04-30 19:25:47,33413.22,33573.14,32482.36,32722.37,10455030
2019-05-01 19:25:47,32722.37,33259.81,31478.9,31904.58,47817583
2019-05-02 19:25:47,31904.58,32280.79,30822.34,31047.93,28960735
2019-05-03 19:25:47,31047.93,31858.71,30900.55,31328.49,22878903
2019-05-04 19:25:47,31328.49,31770.84,30976.54,31557.35,33963126
2019-05-05 19:25:47,31557.35,31626.38,30641.05,31010.29,39464177
2019-05-06 19:25:47,31010.29,31364.35,30589.13,31291.23,19000374
2019-05-07 19:25:47,31291.23,31370.87,31013.46,31124.68,16787857
2019-05-08 19:25:47,31124.68,31580.95,30503.87,30803.14,25873732
2019-05-09 19:25:47,30803.14,31618.24,30747.0,31552.62,26837188
2019-05-10 19:25:47,31552.62,32126.23,31000.32,31288.91,3091068
2019-05-11 19:25:47,31288.91,31827.55,31007.14,31532.97,45400043
2019-05-12 19:25:47,31532.97,31910.47,30443.65,30626.87,34979478
2019-05-13 19:25:47,30626.87,31383.73,30147.5,30994.1,7489309
2019-05-14 19:25:47,30994.1,31889.06,30774.87,31424.0,38205917
2019-05-15 19:25:47,31424.0,31866.19,30663.38,30958.33,47442267
2019-05-16 19:25:47,30958.33,31436.74,30087.13,30170.96,21161283
2019-05-17 19:25:47,30170.96,30409.87,29499.34,29879.58,36876610
2019-05-18 19:25:47,29879.58,30533.29,29480.79,30105.5,38628058
2019-05-19 19:25:47,30105.5,30172.34,29563.92,29614.2,41647471
2019-05-20 19:25:47,29614.2,30035.66,29046.28,29824.15,48116336
2019-05-21 19:25:47,29824.15,31248.31,29501.78,30635.69,49164098
2019-05-22 19:25:47,30635.69,31163.33,29631.37,29812.9,1740971
2019-05-23 19:25:47,29812.9,30367.29,28898.24,29070.58,27091262
2019-05-24 19:25:47,29070.58,29764.92,28820.53,29230.49,22602065
2019-05-25 19:25:47,29230.49,29751.93,29014.11,29319.51,13083586
2019-05-26 19:25:47,29319.51,29821.8,28679.18,29207.29,37189931
2019-05-27 19:25:47,29207.29,29954.9,28778.75,29844.67,18449721
2019-05-28 19:25:47,29844.67,30046.99,29239.86,29822.8,43255616
2019-05-29 19:25:47,29822.8,29840.01,29579.45,29606.57,11587778
2019-05-30 19:25:47,29606.57,29786.58,29206.32,29271.2,48887169
2019-05-31 19:25:47,29271.2,30137.51,29092.17,29696.4,48322491
2019-06-01 19:25:47,29696.4,30114.2,29533.07,29868.33,11021083
2019-06-02 19:25:47,29868.33,30429.62,29621.23,29849.36,15180674
2019-06-03 19:25:47,29849.36,30700.31,29844.07,30151.75,11440908
2019-06-04 19:25:47,30151.75,30861.26,29816.86,30399.47,45258018
2019-06-05 19:25:47,30399.47,30610.5,29752.1,30139.09,2068035
2019-06-06 19:25:47,30139.09,30876.91,29867.4,30454.02,20366999
2019-06-07 19:25:47,30454.02,30904.21,29881.43,30862.86,40472421
2019-06-08 19:25:47,30862.86,31295.98,29937.17,30377.05,8108277
2019-06-09 19:25:47,30377.05,30796.11,30039.74,30738.51,2073328
2019-06-10 19:25:47,30738.51,31410.06,30303.44,31231.91,48553546
2019-06-11 19:25:47,31231.91,31539.72,30578.12,30761.33,42326828
2019-06-12 19:25:47,30761.33,31479.45,30677.97,31090.99,47258667
2019-06-13 19:25:47,31090.99,32264.12,31066.16,31923.05,2631886
2019-06-14 19:25:47,31923.05,32510.48,30516.59,31042.59,20783388
2019-06-15 19:25:47,31042.59,31845.11,30961.88,31639.97,39954227
2019-06-16 19:25:47,31639.97,31756.87,31039.14,31044.16,14694052
2019-06-17 19:25:47,31044.16,31127.89,30554.88,31112.04,47340701
2019-06-18 19:25:47,31112.04,31444.76,30084.05,30408.42,35886228
2019-06-19 19:25:47,30408.42,30694.16,29610.52,29702.56,47631563
2019-06-20 19:25:47,29702.56,30185.95,28758.84,29072.55,19526625
2019-06-21 19:25:47,29072.55,29308.86,28542.17,28951.69,30018697
2019-06-22 19:25:47,28951.69,29282.41,28719.46,29085.11,30964598
2019-06-23 19:25:47,29085.11,29618.75,28723.72,28916.1,39427052
2019-06-24 19:25:47,28916.1,29564.92,28867.91,29133.34,21460001
2019-06-25 19:25:47,29133.34,29521.08,28997.8,29366.97,19660840
2019-06-26 19:25:47,29366.97,30683.11,29188.6,30147.78,21840245
2019-06-27 19:25:47,30147.78,30292.96,29269.29,29622.48,16036334
2019-06-28 19:25:47,29622.48,29637.43,29218.14,29259.61,28966117
2019-06-29 19:25:47,29259.61,30169.19,29088.61,30081.64,30697906
2019-06-30 19:25:47,30081.64,30124.03,29587.91,29884.03,39413110
2019-07-01 19:25:47,29884.03,31273.08,29708.96,30698.06,13136216
2019-07-02 19:25:47,30698.06,30736.09,30167.59,30558.23,33738443
2019-07-03 19:25:47,30558.23,30944.32,30153.14,30578.54,38372133
2019-07-04 19:25:47,30578.54,31308.58,30418.35,31143.51,7069421
2019-07-05 19:25:47,31143.51,31705.27,30663.29,31502.24,35334058
2019-07-06 19:25:47,31502.24,31739.45,30638.13,31227.32,36610469
2019-07-07 19:25:47,31227.32,31318.16,30384.86,30836.16,8041403
2019-07-08 19:25:47,30836.16,31120.91,30406.55,31040.55,10491202
2019-07-09 19:25:47,31040.55,31086.86,29929.44,30429.84,20829684
2019-07-10 19:25:47,30429.84,30431.9,29805.29,30367.68,16095995
2019-07-11 19:25:47,30367.68,30654.2,30176.77,30243.33,19411098
2019-07-12 19:25:47,30243.33,30810.6,29402.72,29543.88,4934491
2019-07-13 19:25:47,29543.88,30351.57,29538.63,30324.78,24304254
2019-07-14 19:25:47,30324.78,30861.83,30139.04,30484.25,49748435
2019-07-15 19:25:47,30484.25,30855.56,29556.57,29912.47,36348997
2019-07-16 19:25:47,29912.47,30467.67,29342.86,30221.99,27739583
2019-07-17 19:25:47,30221.99,30803.77,29057.45,29643.13,6208596
2019-07-18 19:25:47,29643.13,29941.41,29097.38,29477.01,48072142
2019-07-19 19:25:47,29477.01,29536.93,29012.42,29331.84,44062291
2019-07-20 19:25:47,29331.84,29338.7,29105.05,29174.62,33661184
2019-07-21 19:25:47,29174.62,29218.91,28781.64,29085.13,33437530
2019-07-22 19:25:47,29085.13,29508.44,28624.96,28997.53,2425539
2019-07-23 19:25:47,28997.53,29345.41,27987.21,28206.06,26386433
2019-07-24 19:25:47,28206.06,29182.45,28102.53,28761.28,28675666
2019-07-25 19:25:47,28761.28,29385.01,28608.08,29285.0,47597811
2019-07-26 19:25:47,29285.0,29800.22,28920.45,29113.22,39674325
2019-07-27 19:25:47,29113.22,29654.25,28857.98,29292.04,12291509
2019-07-28 19:25:47,29292.04,29990.61,29272.98,29954.51,48012148
2019-07-29 19:25:47,29954.51,30082.31,29168.21,29717.26,39932593
2019-07-30 19:25:47,29717.26,30432.25,29706.43,30346.97,8664301
2019-07-31 19:25:47,30346.97,30860.49,30108.78,30779.27,18766844
2019-08-01 19:25:47,30779.27,31050.87,29947.42,30178.21,2631781
2019-08-02 19:25:47,30178.21,30608.75,29966.81,30001.71,14162629
2019-08-03 19:25:47,30001.71,30134.31,29552.63,29824.4,37391403
2019-08-04 19:25:47,29824.4,30344.41,29709.88,30150.5,32860086
2019-08-05 19:25:47,30150.5,30460.35,29575.33,29787.09,27934582
2019-08-06 19:25:47,29787.09,30182.27,29421.73,29601.0,48142900
2019-08-07 19:25:47,29601.0,30050.48,29080.87,29609.03,30649475
2019-08-08 19:25:47,29609.03,30089.3,28698.22,28853.12,11574752
2019-08-09 19:25:47,28853.12,29396.65,28644.14,29194.47,15635662
2019-08-10 19:25:47,29194.47,29976.85,29148.84,29939.71,16585205
2019-08-11 19:25:47,29939.71,29941.92,29076.45,29486.52,1736596
2019-08-12 19:25:47,29486.52,29523.73,28719.76,28765.84,10576425
2019-08-13 19:25:47,28765.84,29837.01,28209.16,29566.12,37973645
2019-08-14 19:25:47,29566.12,29842.41,28683.13,28763.97,42939715
2019-08-15 19:25:47,28763.97,29212.45,28239.61,28785.66,46466566
2019-08-16 19:25:47,28785.66,29923.77,28312.72,29386.93,23477853
2019-08-17 19:25:47,29386.93,29938.42,29090.11,29688.06,1294023
2019-08-18 19:25:47,29688.06,30229.11,29252.06,29320.83,2620746
2019-08-19 19:25:47,29320.83,30016.28,28989.16,29756.52,12223766
2019-08-20 19:25:47,29756.52,30279.12,29606.71,29939.3,39861197
2019-08-21 19:25:47,29939.3,30479.93,29682.67,29881.0,26033988
2019-08-22 19:25:47,29881.0,30372.95,29411.43,29788.72,17323989
2019-08-23 19:25:47,29788.72,30069.37,29133.38,29413.55,49063185
2019-08-24 19:25:47,29413.55,30127.16,28873.06,29592.15,42618434
2019-08-25 19:25:47,29592.15,29787.91,29400.31,29603.17,2737324
2019-08-26 19:25:47,29603.17,30242.49,29435.36,30240.6,36889822
2019-08-27 19:25:47,30240.6,30469.88,28839.78,29387.46,32424264
2019-08-28 19:25:47,29387.46,29577.6,28100.88,28553.66,20514735
2019-08-29 19:25:47,28553.66,28679.66,28451.71,28565.57,10988162
2019-08-30 19:25:47,28565.57,28732.76,27955.01,28022.72,31365746
2019-08-31 19:25:47,28022.72,28449.62,27287.43,27409.52,18371799
2019-09-01 19:25:47,27409.52,27451.52,27075.84,27109.4,2302390
2019-09-02 19:25:47,27109.4,28002.73,26658.62,27472.99,37755104
2019-09-03 19:25:47,27472.99,28544.13,27460.96,28099.1,40763691
2019-09-04 19:25:47,28099.1,29050.85,28065.12,28728.11,47180081
2019-09-05 19:25:47,28728.11,29238.64,28039.98,28427.98,49083385
2019-09-06 19:25:47,28427.98,28978.9,27668.25,27692.15,38975740
2019-09-07 19:25:47,27692.15,28040.64,27408.11,27554.63,21467955
2019-09-08 19:25:47,27554.63,28564.52,27163.09,28059.86,20974134
2019-09-09 19:25:47,28059.86,28522.42,27669.91,27889.28,5733690
2019-09-10 19:25:47,27889.28,29127.28,27879.73,28610.61,29051859
2019-09-11 19:25:47,28610.61,29313.63,28354.49,28832.43,24203487
2019-09-12 19:25:47,28832.43,28855.23,27963.24,28503.76,16762938
2019-09-13 19:25:47,28503.76,29098.57,28369.6,28575.8,20572205
2019-09-14 19:25:47,28575.8,29503.16,28237.06,29321.47,45783695
2019-09-15 19:25:47,29321.47,29913.25,28953.5,29480.26,16204316
2019-09-16 19:25:47,29480.26,30097.82,29066.01,29676.42,28790581
2019-09-17 19:25:47,29676.42,30036.03,28883.94,29121.76,44945296
2019-09-18 19:25:47,29121.76,29977.83,29082.24,29931.8,1520703
2019-09-19 19:25:47,29931.8,30661.16,29763.83,30654.6,8937784
2019-09-20 19:25:47,30654.6,31180.31,30087.25,30122.46,38352204
2019-09-21 19:25:47,30122.46,30215.23,29187.45,29767.21,34709942
2019-09-22 19:25:47,29767.21,30624.6,29223.34,30593.01,47263287
2019-09-23 19:25:47,30593.01,30830.7,30394.1,30764.0,44880252
2019-09-24 19:25:47,30764.0,31305.42,30452.61,31136.57,6350288
2019-09-25 19:25:47,31136.57,31691.4,30573.32,31595.99,25479943
2019-09-26 19:25:47,31595.99,32068.06,31256.46,31729.49,10138137
2019-09-27 19:25:47,31729.49,31844.18,30860.42,30918.89,28054666
2019-09-28 19:25:47,30918.89,31398.62,30119.02,30639.37,22259442
2019-09-29 19:25:47,30639.37,31284.07,30081.03,31191.97,42145777
2019-09-30 19:25:47,31191.97,32294.53,31078.58,31938.79,41958742
2019-10-01 19:25:47,31938.79,32855.11,31683.94,32713.88,39785667
2019-10-02 19:25:47,32713.88,32777.73,32074.59,32459.56,37683792
2019-10-03 19:25:47,32459.56,32993.13,31505.06,31897.87,36130633
2019-10-04 19:25:47,31897.87,32501.86,30850.67,31436.73,17503393
2019-10-05 19:25:47,31436.73,31659.09,31311.26,31516.35,17600887
2019-10-06 19:25:47,31516.35,31966.04,31160.23,31183.56,15190500
2019-10-07 19:25:47,31183.56,31701.23,30987.47,31218.35,16059749
2019-10-08 19:25:47,31218.35,31452.18,30872.13,30887.43,5056506
2019-10-09 19:25:47,30887.43,31895.4,30287.43,31350.16,39982019
2019-10-10 19:25:47,31350.16,31671.52,30652.33,30823.3,16850969
2019-10-11 19:25:47,30823.3,31041.98,29885.26,30144.03,33808912
2019-10-12 19:25:47,30144.03,30392.81,29979.32,30243.86,8551115
2019-10-13 19:25:47,30243.86,30633.45,30077.54,30437.12,46601812
2019-10-14 19:25:47,30437.12,31601.32,30329.02,31249.83,25789791
2019-10-15 19:25:47,31249.83,32365.85,30821.93,32174.84,4969787
2019-10-16 19:25:47,32174.84,32637.17,30670.76,31224.26,37519837
2019-10-17 19:25:47,31224.26,32485.38,30665.23,32156.87,47849272
2019-10-18 19:25:47,32156.87,32552.64,31483.19,31734.72,31030064
2019-10-19 19:25:47,31734.72,31789.79,31025.62,31322.4,37057522
2019-10-20 19:25:47,31322.4,31647.69,30587.19,30772.56,39147150
2019-10-21 19:25:47,30772.56,31060.26,30058.84,30127.47,3288928
2019-10-22 19:25:47,30127.47,30553.53,29697.33,29874.82,13737196
2019-10-23 19:25:47,29874.82,30940.84,29765.67,30712.48,20657149
2019-10-24 19:25:47,30712.48,31138.78,30242.4,30828.63,31574551
2019-10-25 19:25:47,30828.63,31697.54,30692.67,31081.49,47861715
2019-10-26 19:25:47,31081.49,31670.15,30868.02,31055.52,16976361
2019-10-27 19:25:47,31055.52,31971.31,30586.54,31693.48,31985406
2019-10-28 19:25:47,31693.48,32001.58,31590.98,31958.17,17730998
2019-10-29 19:25:47,31958.17,31981.02,31275.88,31795.52,37038849
2019-10-30 19:25:47,31795.52,32092.84,30969.49,31313.16,36363955
2019-10-31 19:25:47,31313.16,31793.81,30232.16,30430.09,49808578
2019-11-01 19:25:47,30430.09,30880.53,29778.95,29816.29,36246369
2019-11-02 19:25:47,29816.29,30198.0,28556.84,29036.98,19655765
2019-11-03 19:25:47,29036.98,30063.99,28890.71,29849.07,28671213
2019-11-04 19:25:47,29849.07,30409.85,29730.25,30365.12,8735634
2019-11-05 19:25:47,30365.12,31395.54,29911.41,30954.22,23622455
2019-11-06 19:25:47,30954.22,32167.7,30586.92,31831.27,19326620
2019-11-07 19:25:47,31831.27,31930.52,30969.81,31010.47,38930150
2019-11-08 19:25:47,31010.47,31871.35,30966.0,31543.97,49634481
2019-11-09 19:25:47,31543.97,32281.96,31301.13,32205.64,46499074
2019-11-10 19:25:47,32205.64,32801.48,31621.97,32031.22,46267097
2019-11-11 19:25:47,32031.22,32319.76,30991.56,31585.01,25178890
2019-11-12 19:25:47,31585.01,32003.01,30178.62,30689.68,11112161
2019-11-13 19:25:47,30689.68,31168.14,30502.52,31090.1,44627708
2019-11-14 19:25:47,31090.1,31678.21,30524.37,30901.54,9875482
2019-11-15 19:25:47,30901.54,31200.6,30857.57,31023.64,40372217
2019-11-16 19:25:47,31023.64,31678.13,30623.0,31204.18,47313735
2019-11-17 19:25:47,31204.18,32331.46,31065.9,32054.86,40584887
2019-11-18 19:25:47,32054.86,33145.24,31493.95,32561.16,23548460
2019-11-19 19:25:47,32561.16,32748.0,31477.62,31923.27,20386126
2019-11-20 19:25:47,31923.27,32624.52,31354.13,32289.0,47891217
2019-11-21 19:25:47,32289.0,32909.01,31799.05,31952.16,25980546
2019-11-22 19:25:47,31952.16,32950.84,31474.61,32900.03,18622351
2019-11-23 19:25:47,32900.03,32994.32,32033.87,32115.81,25943881
2019-11-24 19:25:47,32115.81,32809.57,31781.73,32622.65,17066240
2019-11-25 19:25:47,32622.65,33027.67,31669.66,31784.86,40454390
2019-11-26 19:25:47,31784.86,31961.74,30708.99,31320.86,46298916
2019-11-27 19:25:47,31320.86,32335.61,30724.83,32045.52,27965150
2019-11-28 19:25:47,32045.52,32966.98,31816.09,32958.96,48828034
2019-11-29 19:25:47,32958.96,33170.29,32335.32,32939.48,1223773
2019-11-30 19:25:47,32939.48,33159.66,32231.48,32389.08,24320256
2019-12-01 19:25:47,32389.08,33683.6,32101.96,33144.89,17933194
2019-12-02 19:25:47,33144.89,34056.56,32728.85,33481.38,1840192
2019-12-03 19:25:47,33481.38,33981.07,32327.48,32533.89,17663302
2019-12-04 19:25:47,32533.89,33361.68,32310.43,33349.33,44596377
2019-12-05 19:25:47,33349.33,34249.27,32885.45,33983.34,34400611
2019-12-06 19:25:47,33983.34,34901.16,33625.83,34781.99,13124473
2019-12-07 19:25:47,34781.99,35404.3,33629.9,33866.46,7934201
2019-12-08 19:25:47,33866.46,34135.38,32655.29,33122.6,12973162
2019-12-09 19:25:47,33122.6,34297.59,32567.31,33950.0,35595213
2019-12-10 19:25:47,33950.0,34311.36,33592.04,34016.01,29596230
2019-12-11 19:25:47,34016.01,34336.78,33980.3,34210.14,46257262
2019-12-12 19:25:47,34210.14,34370.63,33192.41,33327.23,17555714
2019-12-13 19:25:47,33327.23,34163.76,32861.37,33532.82,13382449
2019-12-14 19:25:47,33532.82,34471.64,33519.72,33942.64,17585811
2019-12-15 19:25:47,33942.64,34083.39,32497.4,33132.87,23609630
2019-12-16 19:25:47,33132.87,33306.94,32740.54,32743.35,42692785
2019-12-17 19:25:47,32743.35,33203.38,31795.14,32199.63,18098024
2019-12-18 19:25:47,32199.63,33476.89,32157.22,33160.17,26648832
2019-12-19 19:25:47,33160.17,33659.08,32518.24,32879.67,42062465
2019-12-20 19:25:47,32879.67,33515.6,32063.37,32229.65,40464367
2019-12-21 19:25:47,32229.65,32521.59,31696.18,32343.77,41555164
2019-12-22 19:25:47,32343.77,32973.08,31630.87,32238.29,12240481
2019-12-23 19:25:47,32238.29,32606.32,31809.68,32257.72,38334480
2019-12-24 19:25:47,32257.72,32797.32,31360.04,31432.74,48938941
2019-12-25 19:25:47,31432.74,32048.91,30986.34,31796.34,38112897
2019-12-26 19:25:47,31796.34,32751.72,31197.45,32526.07,6483305
2019-12-27 19:25:47,32526.07,32973.25,32170.46,32326.39,24653213
2019-12-28 19:25:47,32326.39,32907.41,32302.66,32754.44,29698624
2019-12-29 19:25:47,32754.44,32846.1,32299.26,32651.37,19376950
2019-12-30 19:25:47,32651.37,33251.61,31752.88,32304.97,15252412
2019-12-31 19:25:47,32304.97,33087.54,31858.78,32958.53,22389276
2020-01-01 19:25:47,32958.53,34195.67,32842.29,33564.03,35739586
2020-01-02 19:25:47,33564.03,34532.22,32937.2,34006.95,2667328
2020-01-03 19:25:47,34006.95,34610.53,33601.92,34224.35,35369940
2020-01-04 19:25:47,34224.35,35165.65,34128.21,34903.41,34621690
2020-01-05 19:25:47,34903.41,34999.45,33683.37,34239.61,13197909
2020-01-06 19:25:47,34239.61,35520.17,34190.25,35260.14,38747963
2020-01-07 19:25:47,35260.14,35314.94,34318.78,34689.47,28911682
2020-01-08 19:25:47,34689.47,34701.9,34091.48,34305.11,11379023
2020-01-09 19:25:47,34305.11,35571.28,33912.84,35086.39,38800071
2020-01-10 19:25:47,35086.39,35133.11,33743.59,34057.47,29675136
2020-01-11 19:25:47,34057.47,35385.0,33662.87,35062.55,18827581
2020-01-12 19:25:47,35062.55,36331.1,34652.48,35625.53,37779484
2020-01-13 19:25:47,35625.53,36923.42,35431.12,36457.41,23105771
2020-01-14 19:25:47,36457.41,37770.45,35849.17,37482.41,45781322
2020-01-15 19:25:47,37482.41,38594.86,37099.42,37906.93,30934079
2020-01-16 19:25:47,37906.93,38630.78,37175.99,37542.44,15073838
2020-01-17 19:25:47,37542.44,38611.01,36957.17,38495.14,46724074
2020-01-18 19:25:47,38495.14,38978.08,37267.21,37642.53,10949783
2020-01-19 19:25:47,37642.53,37866.69,37418.16,37831.79,18904468
2020-01-20 19:25:47,37831.79,38459.99,36144.3,36864.29,35905474
2020-01-21 19:25:47,36864.29,37456.54,35753.54,36019.92,24874920
2020-01-22 19:25:47,36019.92,36753.15,35751.41,36473.81,45663843
2020-01-23 19:25:47,36473.81,37503.88,35784.34,37049.97,18075225
2020-01-24 19:25:47,37049.97,37779.58,35576.26,36005.93,8674636
2020-01-25 19:25:47,36005.93,36114.59,34715.89,35070.2,30212005
2020-01-26 19:25:47,35070.2,35898.93,34459.14,35460.13,29921560
2020-01-27 19:25:47,35460.13,36559.45,34968.78,36264.78,7425803
2020-01-28 19:25:47,36264.78,36598.64,35953.58,36573.48,46139876
2020-01-29 19:25:47,36573.48,37175.48,35500.12,35525.77,37052547
2020-01-30 19:25:47,35525.77,36232.05,34601.08,34687.23,33560913
2020-01-31 19:25:47,34687.23,35616.51,34298.69,35102.43,14470425
2020-02-01 19:25:47,35102.43,35643.34,34723.53,34912.85,37601586
2020-02-02 19:25:47,34912.85,35934.97,34438.13,35486.7,5917974
2020-02-03 19:25:47,35486.7,35490.13,35027.26,35416.0,24553356
2020-02-04 19:25:47,35416.0,35924.05,33755.43,34363.38,8556059
2020-02-05 19:25:47,34363.38,35125.16,34184.18,34665.47,15707302
2020-02-06 19:25:47,34665.47,35109.47,34480.4,35090.31,48450218
2020-02-07 19:25:47,35090.31,35111.87,34129.55,34475.86,43035816
2020-02-08 19:25:47,34475.86,34827.69,34371.68,34535.62,25486137
2020-02-09 19:25:47,34535.62,35393.1,34330.78,35116.63,18475144
2020-02-10 19:25:47,35116.63,35433.44,33813.0,34210.62,1512527
2020-02-11 19:25:47,34210.62,34666.19,33860.6,34635.27,30431180
2020-02-12 19:25:47,34635.27,35110.11,34442.02,34984.4,3848268
2020-02-13 19:25:47,34984.4,36153.79,34376.34,35662.55,23649914
2020-02-14 19:25:47,35662.55,35768.15,35215.17,35299.82,5361404
2020-02-15 19:25:47,35299.82,36151.43,34823.88,35711.2,41199653
2020-02-16 19:25:47,35711.2,36601.08,35424.63,36282.1,31249169
2020-02-17 19:25:47,36282.1,36970.1,35875.8,36000.45,9892994
2020-02-18 19:25:47,36000.45,36689.3,35654.55,36610.15,43093863
2020-02-19 19:25:47,36610.15,37200.77,36547.79,36940.73,37284195
2020-02-20 19:25:47,36940.73,37593.49,36400.46,37316.26,19317863
2020-02-21 19:25:47,37316.26,38449.76,37134.07,38009.08,48346983
2020-02-22 19:25:47,38009.08,38967.34,37858.49,38881.0,7437711
2020-02-23 19:25:47,38881.0,39567.85,37498.75,38211.83,29320020
2020-02-24 19:25:47,38211.83,38837.81,37534.03,37572.82,34756458
2020-02-25 19:25:47,37572.82,38658.54,36933.26,38407.43,7158074
2020-02-26 19:25:47,38407.43,39789.0,38265.35,39445.81,20461915
2020-02-27 19:25:47,39445.81,39931.74,38944.54,39635.9,32841770
2020-02-28 19:25:47,39635.9,40242.85,39002.36,39520.07,44639247
2020-02-29 19:25:47,39520.07,40307.26,39509.86,39928.79,28373981
2020-03-01 19:25:47,39928.79,41152.25,39239.15,40587.39,39692831
2020-03-02 19:25:47,40587.39,40840.53,39609.99,39732.83,42139929
2020-03-03 19:25:47,39732.83,40086.28,38572.52,38994.8,31450364
2020-03-04 19:25:47,38994.8,40407.85,38277.98,40079.44,1228010
2020-03-05 19:25:47,40079.44,40182.71,38151.04,38878.58,10052478
2020-03-06 19:25:47,38878.58,39884.42,38312.63,39671.9,41340241
2020-03-07 19:25:47,39671.9,40019.24,39145.33,39973.02,47641689
2020-03-08 19:25:47,39973.02,41466.19,39536.62,41032.48,23615640
2020-03-09 19:25:47,41032.48,41709.69,40938.78,41187.67,4099472
2020-03-10 19:25:47,41187.67,41405.82,39402.39,40018.71,23759881
2020-03-11 19:25:47,40018.71,41374.99,39468.32,40739.47,43394551
2020-03-12 19:25:47,40739.47,42273.41,40266.37,41491.86,4001028
2020-03-13 19:25:47,41491.86,42083.1,40530.15,41112.64,27504939
2020-03-14 19:25:47,41112.64,41152.77,40113.24,40696.01,35595706
2020-03-15 19:25:47,40696.01,41403.72,39297.7,39853.79,20708634
2020-03-16 19:25:47,39853.79,39888.49,39171.6,39348.19,32711100
2020-03-17 19:25:47,39348.19,39643.91,38526.84,38887.45,21104062
2020-03-18 19:25:47,38887.45,39839.78,38537.14,39403.91,35684210
2020-03-19 19:25:47,39403.91,39924.8,39154.42,39359.55,18979081
2020-03-20 19:25:47,39359.55,39965.64,39193.24,39928.33,35028924
2020-03-21 19:25:47,39928.33,41189.55,39683.68,40594.76,23918695
2020-03-22 19:25:47,40594.76,40633.91,39732.23,40158.56,7521472
2020-03-23 19:25:47,40158.56,40686.2,39770.43,40279.75,37488911
2020-03-24 19:25:47,40279.75,40280.05,38770.91,39158.08,12751484
2020-03-25 19:25:47,39158.08,40737.49,38460.76,40238.89,47943250
2020-03-26 19:25:47,40238.89,40375.37,39027.91,39085.15,15551685
2020-03-27 19:25:47,39085.15,39753.23,37958.77,38595.46,48582513
2020-03-28 19:25:47,38595.46,39065.84,37842.55,37984.67,46953811
2020-03-29 19:25:47,37984.67,39223.81,37757.18,39104.18,46925818
2020-03-30 19:25:47,39104.18,39752.15,37928.44,38188.72,22861655
2020-03-31 19:25:47,38188.72,39757.42,37529.49,39180.44,29488348
2020-04-01 19:25:47,39180.44,39519.5,37729.02,38137.87,4740515
2020-04-02 19:25:47,38137.87,39740.85,37783.13,39000.86,49948261
2020-04-03 19:25:47,39000.86,39645.36,38250.19,38400.61,27203092
2020-04-04 19:25:47,38400.61,38995.75,38332.22,38718.25,40017640
2020-04-05 19:25:47,38718.25,39063.13,37921.3,38490.38,27431362
2020-04-06 19:25:47,38490.38,38802.11,38113.05,38524.21,2478913
2020-04-07 19:25:47,38524.21,39444.4,38348.67,39256.27,8651194
2020-04-08 19:25:47,39256.27,39883.09,38286.44,38609.85,44138316
2020-04-09 19:25:47,38609.85,39034.88,37616.92,38258.82,19202828
2020-04-10 19:25:47,38258.82,38537.02,37778.42,37966.43,41373462
2020-04-11 19:25:47,37966.43,38739.63,37829.28,38263.12,36346706
2020-04-12 19:25:47,38263.12,38546.98,37018.97,37302.45,26322370
2020-04-13 19:25:47,37302.45,38660.14,36563.25,38413.31,35631268
2020-04-14 19:25:47,38413.31,39020.94,37821.71,38465.81,2561604
2020-04-15 19:25:47,38465.81,40071.87,37977.44,39568.39,30867846
2020-04-16 19:25:47,39568.39,39750.7,37962.65,38724.5,38139721
2020-04-17 19:25:47,38724.5,38949.83,38132.48,38618.99,7581533
2020-04-18 19:25:47,38618.99,39688.9,38529.9,39331.08,10345880
2020-04-19 19:25:47,39331.08,39775.29,37773.26,38244.49,37579668
2020-04-20 19:25:47,38244.49,38423.35,37052.68,37484.08,46757725
2020-04-21 19:25:47,37484.08,37491.19,36048.12,36724.74,27274683
2020-04-22 19:25:47,36724.74,37756.44,36111.28,37545.82,10228459
2020-04-23 19:25:47,37545.82,37972.47,36574.25,37036.96,49268486
2020-04-24 19:25:47,37036.96,37698.25,36974.24,37366.27,38075557
2020-04-25 19:25:47,37366.27,37980.16,37207.9,37550.9,20792690
2020-04-26 19:25:47,37550.9,38490.45,36962.56,37745.95,5467480
2020-04-27 19:25:47,37745.95,38679.9,37048.75,37977.87,2957182
2020-04-28 19:25:47,37977.87,38069.21,37003.29,37169.7,36703528
2020-04-29 19:25:47,37169.7,38143.22,36548.51,37495.6,40852795
2020-04-30 19:25:47,37495.6,37951.46,36747.93,37419.36,2170194
2020-05-01 19:25:47,37419.36,37911.2,37049.71,37201.04,24116040
2020-05-02 19:25:47,37201.04,37864.2,36869.17,37572.66,2103420
2020-05-03 19:25:47,37572.66,38061.87,36763.4,37105.21,9370792
2020-05-04 19:25:47,37105.21,37667.79,36311.09,36678.68,2657988
2020-05-05 19:25:47,36678.68,37509.11,36328.81,37366.58,36221376
2020-05-06 19:25:47,37366.58,38629.96,36920.44,38328.65,2482725
2020-05-07 19:25:47,38328.65,39655.61,38325.34,39369.86,15640943
2020-05-08 19:25:47,39369.86,39564.59,38611.7,39107.36,45376617
2020-05-09 19:25:47,39107.36,39265.07,38387.82,39223.57,41343132
2020-05-10 19:25:47,39223.57,40036.85,38559.59,39372.19,32752573
2020-05-11 19:25:47,39372.19,39778.63,38142.44,38578.05,21946635
2020-05-12 19:25:47,38578.05,39132.4,36981.31,37642.6,40711846
2020-05-13 19:25:47,37642.6,38077.6,37049.52,37925.93,1128897
2020-05-14 19:25:47,37925.93,38070.73,36944.45,37686.53,49730819
2020-05-15 19:25:47,37686.53,38563.92,37097.93,38002.61,43511278
2020-05-16 19:25:47,38002.61,38712.14,36387.16,36966.45,25809452
2020-05-17 19:25:47,36966.45,37562.83,36267.89,37022.08,41884991
2020-05-18 19:25:47,37022.08,37039.22,35696.08,36203.33,1943004
2020-05-19 19:25:47,36203.33,37641.07,35911.25,36949.62,14846976
2020-05-20 19:25:47,36949.62,37290.94,36219.19,36600.27,10010747
2020-05-21 19:25:47,36600.27,37476.25,36458.07,37125.65,23222313
2020-05-22 19:25:47,37125.65,38466.92,37017.39,37766.8,23623200
2020-05-23 19:25:47,37766.8,38018.11,37026.93,37292.6,10739233
2020-05-24 19:25:47,37292.6,37908.84,36426.99,36747.34,5668951
2020-05-25 19:25:47,36747.34,38068.34,36170.28,37581.95,1182596
2020-05-26 19:25:47,37581.95,38014.76,36350.67,36504.52,26632927
2020-05-27 19:25:47,36504.52,37284.12,35909.64,36986.75,32437491
2020-05-28 19:25:47,36986.75,37323.0,35609.32,36297.43,30321473
2020-05-29 19:25:47,36297.43,37537.2,36012.67,37221.79,47980434
2020-05-30 19:25:47,37221.79,37671.79,36146.28,36711.57,28121563
2020-05-31 19:25:47,36711.57,37281.69,36390.76,36423.73,29170171
2020-06-01 19:25:47,36423.73,36810.15,36012.27,36561.81,29969514
2020-06-02 19:25:47,36561.81,36919.42,34901.52,35609.85,16734821
2020-06-03 19:25:47,35609.85,36732.75,34925.78,36442.67,32545785
2020-06-04 19:25:47,36442.67,37954.04,36228.09,37430.62,2054653
2020-06-05 19:25:47,37430.62,37901.85,36866.8,37371.59,45275536
2020-06-06 19:25:47,37371.59,38620.85,37165.9,38335.12,47924545
2020-06-07 19:25:47,38335.12,38911.06,36929.74,37550.58,10795251
2020-06-08 19:25:47,37550.58,38232.57,37028.21,38176.13,1534359
2020-06-09 19:25:47,38176.13,38322.7,36385.79,37069.56,19848653
2020-06-10 19:25:47,37069.56,38285.55,36562.4,37696.84,47585411
2020-06-11 19:25:47,37696.84,38723.35,36952.1,38315.99,40591883
2020-06-12 19:25:47,38315.99,38636.73,37752.15,38031.75,43901259
2020-06-13 19:25:47,38031.75,38509.23,37355.85,38094.96,18736703
2020-06-14 19:25:47,38094.96,39541.55,38031.8,38966.72,36842313
2020-06-15 19:25:47,38966.72,39660.49,38552.74,39460.6,31250590
2020-06-16 19:25:47,39460.6,41037.05,38951.65,40515.31,46310212
2020-06-17 19:25:47,40515.31,40694.52,39940.07,40224.55,4767587
2020-06-18 19:25:47,40224.55,40723.14,39495.43,40493.34,11672416
2020-06-19 19:25:47,40493.34,40781.66,39174.57,39693.61,43283607
2020-06-20 19:25:47,39693.61,40380.89,37998.79,38743.97,3243321
2020-06-21 19:25:47,38743.97,39482.76,38437.66,39445.25,38031064
2020-06-22 19:25:47,39445.25,39969.71,38258.17,38442.58,41576950
2020-06-23 19:25:47,38442.58,38872.46,37531.24,38176.42,32157956
2020-06-24 19:25:47,38176.42,38548.38,38016.95,38417.47,11311461
2020-06-25 19:25:47,38417.47,39316.56,38001.3,38591.45,47966330
2020-06-26 19:25:47,38591.45,39293.91,37679.29,38366.59,17550010
2020-06-27 19:25:47,38366.59,38465.9,37463.25,37737.63,30189818
2020-06-28 19:25:47,37737.63,37862.48,37097.94,37296.3,23798983
2020-06-29 19:25:47,37296.3,37819.35,36237.57,36498.42,16823212
2020-06-30 19:25:47,36498.42,37001.45,35820.36,35856.14,32029168
2020-07-01 19:25:47,35856.14,36216.71,35478.86,35528.88,2891583
2020-07-02 19:25:47,35528.88,37140.26,34847.92,36521.06,30573841
2020-07-03 19:25:47,36521.06,37732.34,36369.43,37119.94,45145668
2020-07-04 19:25:47,37119.94,37700.09,36022.67,36333.79,15114238
2020-07-05 19:25:47,36333.79,37659.98,35752.33,37186.38,23809619
2020-07-06 19:25:47,37186.38,37473.21,36927.68,37404.04,32850827
2020-07-07 19:25:47,37404.04,37916.42,35859.02,36531.47,2778811
2020-07-08 19:25:47,36531.47,37376.88,36437.67,37341.06,12432600
2020-07-09 19:25:47,37341.06,38117.51,36914.64,37414.79,20950616
2020-07-10 19:25:47,37414.79,37952.07,36789.29,37469.61,45241442
2020-07-11 19:25:47,37469.61,38306.46,37025.16,38082.9,35376776
2020-07-12 19:25:47,38082.9,38748.03,36664.89,37369.8,36648897
2020-07-13 19:25:47,37369.8,37859.01,37134.09,37832.52,17951508
2020-07-14 19:25:47,37832.52,38657.17,37563.99,38550.42,10242329
2020-07-15 19:25:47,38550.42,39069.45,37441.83,37724.61,3067428
2020-07-16 19:25:47,37724.61,38410.62,37592.0,38340.96,16786612
2020-07-17 19:25:47,38340.96,39590.64,37900.88,39270.44,14058962
2020-07-18 19:25:47,39270.44,39488.87,38209.95,38793.99,14657538
2020-07-19 19:25:47,38793.99,38898.48,38086.87,38435.37,41900174
2020-07-20 19:25:47,38435.37,38660.14,37380.36,38064.71,13090555
2020-07-21 19:25:47,38064.71,39319.06,37705.33,39083.45,48463195
2020-07-22 19:25:47,39083.45,40241.41,38591.4,39918.23,49539466
2020-07-23 19:25:47,39918.23,40588.83,38270.63,38867.49,24808392
2020-07-24 19:25:47,38867.49,39927.08,38858.26,39246.52,24180708
2020-07-25 19:25:47,39246.52,39694.76,37617.3,38331.73,45433867
2020-07-26 19:25:47,38331.73,38796.9,36540.37,37221.91,5868425
2020-07-27 19:25:47,37221.91,37525.65,35802.94,36130.2,38522206
2020-07-28 19:25:47,36130.2,36780.2,34670.31,35136.26,19085568
2020-07-29 19:25:47,35136.26,35610.8,35115.86,35393.65,29184618
2020-07-30 19:25:47,35393.65,36119.59,35008.26,36045.61,9292367
2020-07-31 19:25:47,36045.61,37375.84,35706.35,36781.69,46734790
2020-08-01 19:25:47,36781.69,37488.05,35565.37,36180.7,31758452
2020-08-02 19:25:47,36180.7,36787.65,35471.25,35860.47,27275861
2020-08-03 19:25:47,35860.47,35912.31,34672.68,35157.17,38097754
2020-08-04 19:25:47,35157.17,36348.53,34873.95,35884.29,30799047
2020-08-05 19:25:47,35884.29,36673.09,35391.71,36181.28,11702329
2020-08-06 19:25:47,36181.28,36452.11,35355.84,35713.24,9492381
2020-08-07 19:25:47,35713.24,36268.14,35246.96,35440.19,13941840
2020-08-08 19:25:47,35440.19,35844.98,34881.89,35409.0,34389232
2020-08-09 19:25:47,35409.0,36034.99,34742.03,35194.4,22765288
2020-08-10 19:25:47,35194.4,35384.89,34769.86,34779.9,3279570
2020-08-11 19:25:47,34779.9,35148.78,33258.85,33858.72,23809068
2020-08-12 19:25:47,33858.72,34458.36,33217.58,33746.69,1315604
2020-08-13 19:25:47,33746.69,35111.88,33286.3,34458.76,29552526
2020-08-14 19:25:47,34458.76,34579.78,33450.82,34026.96,36341257
2020-08-15 19:25:47,34026.96,34362.99,33041.08,33126.3,33164007
2020-08-16 19:25:47,33126.3,33292.24,32625.97,33087.57,25300176
2020-08-17 19:25:47,33087.57,33398.64,32805.03,33097.74,14972363
2020-08-18 19:25:47,33097.74,33541.38,32813.3,33240.98,22813711
2020-08-19 19:25:47,33240.98,34375.46,32855.68,33974.75,15874725
2020-08-20 19:25:47,33974.75,34149.28,33431.54,34027.36,1491871
2020-08-21 19:25:47,34027.36,34409.86,34007.02,34358.21,43740228
2020-08-22 19:25:47,34358.21,34924.35,32864.28,33461.6,4325050
2020-08-23 19:25:47,33461.6,33669.69,33352.31,33429.24,17008239
2020-08-24 19:25:47,33429.24,33954.56,32362.7,32897.95,44487556
2020-08-25 19:25:47,32897.95,33732.69,32467.04,33308.1,31362035
2020-08-26 19:25:47,33308.1,33827.94,32660.3,33363.16,44028104
2020-08-27 19:25:47,33363.16,34212.33,33011.03,33662.14,18241318
2020-08-28 19:25:47,33662.14,34925.09,33056.6,34286.44,45626422
2020-08-29 19:25:47,34286.44,34368.43,32981.35,33406.19,17075232
2020-08-30 19:25:47,33406.19,34073.07,32750.45,32979.79,38615162
2020-08-31 19:25:47,32979.79,34227.04,32556.79,33643.43,15932778
2020-09-01 19:25:47,33643.43,33923.43,33159.61,33199.64,47324125
2020-09-02 19:25:47,33199.64,33852.72,32028.34,32563.96,48845295
2020-09-03 19:25:47,32563.96,32962.35,32191.21,32326.99,1843321
2020-09-04 19:25:47,32326.99,33784.1,32271.26,33295.36,22182224
2020-09-05 19:25:47,33295.36,33752.31,32789.78,33560.37,29037285
2020-09-06 19:25:47,33560.37,33957.13,33234.17,33418.3,28142014
2020-09-07 19:25:47,33418.3,34308.89,32998.81,33756.46,15568149
2020-09-08 19:25:47,33756.46,34366.85,32658.18,33059.92,46075885
2020-09-09 19:25:47,33059.92,34062.77,32974.56,33824.83,13557836
2020-09-10 19:25:47,33824.83,34436.19,32956.02,33090.83,25704658
2020-09-11 19:25:47,33090.83,33571.4,32949.9,33048.88,21582587
2020-09-12 19:25:47,33048.88,33531.95,32487.08,33267.89,34260561
2020-09-13 19:25:47,33267.89,34213.44,32954.82,34171.21,14131541
2020-09-14 19:25:47,34171.21,35055.49,33553.71,34894.35,11448210
2020-09-15 19:25:47,34894.35,35066.84,33388.03,33939.68,1164639
2020-09-16 19:25:47,33939.68,35279.81,33518.32,34644.05,21694706
2020-09-17 19:25:47,34644.05,35190.02,34036.17,34091.85,39316631
2020-09-18 19:25:47,34091.85,34561.41,34054.91,34148.1,32458145
2020-09-19 19:25:47,34148.1,34484.9,33020.98,33689.73,47861853
2020-09-20 19:25:47,33689.73,34284.03,33641.0,33994.82,23090509
2020-09-21 19:25:47,33994.82,35150.06,33503.78,34506.18,45306488
2020-09-22 19:25:47,34506.18,35482.22,34231.04,34872.02,49911909
2020-09-23 19:25:47,34872.02,35344.89,34833.67,35213.07,20556387
2020-09-24 19:25:47,35213.07,35548.5,34694.58,34960.99,2252153
2020-09-25 19:25:47,34960.99,35803.36,34880.57,35656.11,9661627
2020-09-26 19:25:47,35656.11,36195.93,34200.24,34864.13,27918840
2020-09-27 19:25:47,34864.13,34922.39,34581.11,34850.5,39062725
2020-09-28 19:25:47,34850.5,35502.1,34451.05,35039.52,8033108
2020-09-29 19:25:47,35039.52,35209.8,33848.99,34248.65,12434710
2020-09-30 19:25:47,34248.65,34259.66,33611.38,34080.42,48388327
2020-10-01 19:25:47,34080.42,35298.2,34023.98,35051.73,43981110
2020-10-02 19:25:47,35051.73,35714.04,34397.57,35138.36,23131511
2020-10-03 19:25:47,35138.36,35655.73,34703.9,35193.3,49422673
2020-10-04 19:25:47,35193.3,35630.85,34549.61,35138.41,41272098
2020-10-05 19:25:47,35138.41,35481.45,34493.97,34826.35,23923259
2020-10-06 19:25:47,34826.35,35380.12,34319.12,34982.32,46426949
2020-10-07 19:25:47,34982.32,36317.4,34769.81,35651.68,2198050
2020-10-08 19:25:47,35651.68,36198.38,34642.97,34660.35,13392542
2020-10-09 19:25:47,34660.35,35928.32,34489.78,35401.62,25163152
2020-10-10 19:25:47,35401.62,36608.61,35335.27,36136.01,28891169
2020-10-11 19:25:47,36136.01,37253.6,35471.59,37070.59,44622525
2020-10-12 19:25:47,37070.59,37331.03,36870.2,36895.47,37475835
2020-10-13 19:25:47,36895.47,37509.48,35701.29,35808.25,24801726
2020-10-14 19:25:47,35808.25,36026.34,35571.5,35674.6,27674089
2020-10-15 19:25:47,35674.6,36153.67,35025.93,35117.97,46325389
2020-10-16 19:25:47,35117.97,36311.84,34735.87,36095.97,40805676
2020-10-17 19:25:47,36095.97,37155.25,35419.34,36944.63,15039182
2020-10-18 19:25:47,36944.63,37943.01,36306.29,37845.54,26219394
2020-10-19 19:25:47,37845.54,38436.54,36967.89,37713.47,2353020
2020-10-20 19:25:47,37713.47,38310.37,37272.03,38104.81,10562714
2020-10-21 19:25:47,38104.81,39822.98,37408.34,39108.92,46371255
2020-10-22 19:25:47,39108.92,39988.58,38631.12,39298.37,21967007
2020-10-23 19:25:47,39298.37,40059.15,38116.36,38852.16,5400242
2020-10-24 19:25:47,38852.16,38872.59,37931.41,38126.82,15233874
2020-10-25 19:25:47,38126.82,38398.29,37716.81,37751.8,22138016
2020-10-26 19:25:47,37751.8,37844.95,36897.95,37172.91,46956007
2020-10-27 19:25:47,37172.91,38289.45,36650.15,38210.6,17716975
2020-10-28 19:25:47,38210.6,38712.94,37984.59,38434.12,27333907
2020-10-29 19:25:47,38434.12,38576.99,37953.34,37986.04,34768573
2020-10-30 19:25:47,37986.04,38175.71,36882.43,37151.51,15900281
2020-10-31 19:25:47,37151.51,37157.42,36371.69,37060.27,44736908
2020-11-01 19:25:47,37060.27,37272.46,35499.01,36141.71,8575819
2020-11-02 19:25:47,36141.71,36814.7,35728.82,36202.71,18002597
2020-11-03 19:25:47,36202.71,36259.88,35013.08,35214.02,34088889
2020-11-04 19:25:47,35214.02,35641.82,34708.21,35308.39,40563912
2020-11-05 19:25:47,35308.39,36033.57,35177.34,35834.02,27077638
2020-11-06 19:25:47,35834.02,37074.14,35833.27,36436.18,46352420
2020-11-07 19:25:47,36436.18,37227.98,36390.71,36893.74,6610501
2020-11-08 19:25:47,36893.74,38037.83,36766.09,37478.1,26630233
2020-11-09 19:25:47,37478.1,37762.38,35926.43,36657.88,23589584
2020-11-10 19:25:47,36657.88,37515.48,36356.69,36909.25,40692766
2020-11-11 19:25:47,36909.25,37326.76,36865.53,37319.07,34138470
2020-11-12 19:25:47,37319.07,37810.93,36300.57,36772.61,49014658
2020-11-13 19:25:47,36772.61,38487.51,36552.27,37803.6,34819993
2020-11-14 19:25:47,37803.6,37848.23,37022.59,37253.11,42766438
2020-11-15 19:25:47,37253.11,37277.51,36015.03,36582.3,33830650
2020-11-16 19:25:47,36582.3,37766.29,36446.68,37275.9,2014846
2020-11-17 19:25:47,37275.9,38531.62,36983.98,38382.1,35952919
2020-11-18 19:25:47,38382.1,39405.01,38369.08,38844.4,9859687
2020-11-19 19:25:47,38844.4,40675.95,38387.08,39938.9,37308519
2020-11-20 19:25:47,39938.9,40928.82,39926.88,40815.7,37785925
2020-11-21 19:25:47,40815.7,41992.67,40065.45,41399.45,16302216
2020-11-22 19:25:47,41399.45,41834.94,40521.13,40630.37,33136963
2020-11-23 19:25:47,40630.37,40646.94,39554.13,39650.84,49608483
2020-11-24 19:25:47,39650.84,40361.24,39278.86,40173.43,8071957
2020-11-25 19:25:47,40173.43,41137.12,39900.89,40594.97,21162688
2020-11-26 19:25:47,40594.97,40766.92,40058.3,40455.26,16735054
2020-11-27 19:25:47,40455.26,41011.97,40296.13,40530.37,5802969
2020-11-28 19:25:47,40530.37,40660.86,39583.96,40088.56,30708304
2020-11-29 19:25:47,40088.56,41143.53,39737.4,40755.43,42469803
2020-11-30 19:25:47,40755.43,42398.26,40155.26,41742.08,37716769
2020-12-01 19:25:47,41742.08,42421.76,40912.21,41169.7,37878404
2020-12-02 19:25:47,41169.7,41968.13,40754.48,41362.84,6925575
2020-12-03 19:25:47,41362.84,42071.05,39665.9,40186.38,6073999
2020-12-04 19:25:47,40186.38,40929.93,39482.07,39874.77,10313606
2020-12-05 19:25:47,39874.77,40317.07,39806.46,40137.2,44659674
2020-12-06 19:25:47,40137.2,41403.37,39778.76,40623.1,48938523
2020-12-07 19:25:47,40623.1,41943.24,39896.28,41363.94,19474757
2020-12-08 19:25:47,41363.94,42653.25,40826.29,42374.47,4136835
2020-12-09 19:25:47,42374.47,43189.98,41721.14,42457.45,20540812
2020-12-10 19:25:47,42457.45,43358.41,42115.14,42976.54,29476373
2020-12-11 19:25:47,42976.54,43336.65,42115.29,42120.33,16339473
2020-12-12 19:25:47,42120.33,42861.58,41600.92,42196.43,26662853
2020-12-13 19:25:47,42196.43,42627.98,40915.0,41180.88,34330802
2020-12-14 19:25:47,41180.88,42669.37,40546.85,41916.71,11018479
2020-12-15 19:25:47,41916.71,42152.51,41418.06,41678.71,13731180
2020-12-16 19:25:47,41678.71,41886.37,41143.71,41322.18,7607137
2020-12-17 19:25:47,41322.18,41683.16,40028.01,40475.6,6105600
2020-12-18 19:25:47,40475.6,40603.76,39715.04,39796.83,15052708
2020-12-19 19:25:47,39796.83,40406.72,39000.63,39147.6,25377811
2020-12-20 19:25:47,39147.6,40149.32,38645.73,40078.7,5415399
2020-12-21 19:25:47,40078.7,40823.55,39983.35,40394.56,37195917
2020-12-22 19:25:47,40394.56,41275.02,40216.5,41086.27,18093650
2020-12-23 19:25:47,41086.27,42560.53,41048.22,42065.32,20534288
2020-12-24 19:25:47,42065.32,42387.72,41429.48,42188.69,46658452
2020-12-25 19:25:47,42188.69,42762.42,41002.27,41324.9,24754781
2020-12-26 19:25:47,41324.9,41901.47,40580.1,40719.34,34409558
2020-12-27 19:25:47,40719.34,40729.58,40109.28,40533.33,45856104
2020-12-28 19:25:47,40533.33,41476.04,39853.69,40873.8,30315944
2020-12-29 19:25:47,40873.8,41311.0,39276.38,39778.76,19149650
2020-12-30 19:25:47,39778.76,40451.7,38369.09,39141.51,40502210
2020-12-31 19:25:47,39141.51,39453.02,37790.91,38075.16,48271025
2021-01-01 19:25:47,38075.16,39467.35,38032.22,39033.96,43789991
2021-01-02 19:25:47,39033.96,39406.68,38260.48,38717.66,31966366
2021-01-03 19:25:47,38717.66,38770.23,37676.1,38041.27,9712537
2021-01-04 19:25:47,38041.27,38764.4,37732.49,38143.53,13989814
2021-01-05 19:25:47,38143.53,38658.47,37554.55,38589.15,14074816
2021-01-06 19:25:47,38589.15,40013.56,38505.35,39495.01,6024464
2021-01-07 19:25:47,39495.01,40597.44,39063.67,39939.83,47417074
2021-01-08 19:25:47,39939.83,40351.69,39203.9,39284.68,10395959
2021-01-09 19:25:47,39284.68,41069.77,39095.91,40329.86,17687147
2021-01-10 19:25:47,40329.86,40635.7,39058.43,39620.0,4283040
2021-01-11 19:25:47,39620.0,40741.39,38916.46,40477.57,15194208
2021-01-12 19:25:47,40477.57,40615.8,40191.05,40339.6,20778979
2021-01-13 19:25:47,40339.6,41497.01,39884.03,40899.63,3860865
2021-01-14 19:25:47,40899.63,41324.59,39721.46,40428.67,40418630
2021-01-15 19:25:47,40428.67,41961.63,40321.85,41463.12,43648330
2021-01-16 19:25:47,41463.12,41691.59,40310.21,40614.53,4526480
2021-01-17 19:25:47,40614.53,40714.3,39171.1,39899.23,10444121
2021-01-18 19:25:47,39899.23,40605.69,39323.99,40263.36,12286889
2021-01-19 19:25:47,40263.36,40394.01,39479.85,40089.28,19353834
2021-01-20 19:25:47,40089.28,41714.48,40066.44,41258.02,32412795
2021-01-21 19:25:47,41258.02,41918.76,40925.0,41254.36,29376631
2021-01-22 19:25:47,41254.36,41694.73,40344.15,40977.67,18807353
2021-01-23 19:25:47,40977.67,41075.63,40487.81,40578.55,11365382
2021-01-24 19:25:47,40578.55,41297.79,39376.64,39526.8,24312134
2021-01-25 19:25:47,39526.8,40091.59,38300.64,38958.24,22181739
2021-01-26 19:25:47,38958.24,39265.93,37695.91,37903.77,40963065
2021-01-27 19:25:47,37903.77,38556.71,36748.43,37369.25,4128651
2021-01-28 19:25:47,37369.25,38196.67,37182.49,38144.52,46394375
2021-01-29 19:25:47,38144.52,38688.41,37984.19,38268.77,9444007
2021-01-30 19:25:47,38268.77,39007.27,37881.6,38085.33,13401283
2021-01-31 19:25:47,38085.33,38440.69,36748.24,37411.55,12400078
2021-02-01 19:25:47,37411.55,37554.79,37124.06,37242.27,1819883
2021-02-02 19:25:47,37242.27,37388.44,35552.69,36164.0,38340722
2021-02-03 19:25:47,36164.0,36922.68,35506.95,36901.94,47018399
2021-02-04 19:25:47,36901.94,38161.97,36647.62,37460.62,31760446
2021-02-05 19:25:47,37460.62,37713.03,36298.08,36586.06,26707525
2021-02-06 19:25:47,36586.06,37147.28,35196.72,35707.13,15826388
2021-02-07 19:25:47,35707.13,36428.46,35580.74,36267.6,13140624
2021-02-08 19:25:47,36267.6,36647.68,35004.09,35472.86,37774154
2021-02-09 19:25:47,35472.86,36043.63,34658.52,35254.88,48208118
2021-02-10 19:25:47,35254.88,36523.46,34784.72,36132.79,26644724
2021-02-11 19:25:47,36132.79,36760.64,35691.17,36640.02,40012532
2021-02-12 19:25:47,36640.02,37331.84,35997.61,36578.69,11788815
2021-02-13 19:25:47,36578.69,37189.85,36407.64,36795.21,24412573
2021-02-14 19:25:47,36795.21,38250.65,36386.27,37646.26,41371730
2021-02-15 19:25:47,37646.26,38273.18,37120.25,37837.55,11776299
2021-02-16 19:25:47,37837.55,38967.8,37795.59,38647.4,17151789
2021-02-17 19:25:47,38647.4,38813.8,37733.16,38326.35,14091598
2021-02-18 19:25:47,38326.35,38837.08,37653.9,37868.44,31003541
2021-02-19 19:25:47,37868.44,38120.38,36996.19,37696.23,4902897
2021-02-20 19:25:47,37696.23,38422.61,36983.6,37431.06,36878694
2021-02-21 19:25:47,37431.06,39169.59,37283.68,38445.57,34455554
2021-02-22 19:25:47,38445.57,39156.51,38180.05,38837.37,7429108
2021-02-23 19:25:47,38837.37,39691.6,38453.59,39528.72,24966215
2021-02-24 19:25:47,39528.72,40944.18,39076.63,40154.0,19317920
2021-02-25 19:25:47,40154.0,40302.79,39295.41,39783.55,39289574
2021-02-26 19:25:47,39783.55,40671.89,39199.81,40025.81,31677245
2021-02-27 19:25:47,40025.81,41403.99,39676.74,41201.9,18017827
2021-02-28 19:25:47,41201.9,41658.85,40269.64,40387.32,31569113
2021-03-01 19:25:47,40387.32,41093.04,39620.14,40617.34,4038039
2021-03-02 19:25:47,40617.34,41671.51,40599.02,41650.84,32312516
2021-03-03 19:25:47,41650.84,41805.67,40673.65,41425.57,45033414
2021-03-04 19:25:47,41425.57,42153.6,39901.85,40459.37,1192897
2021-03-05 19:25:47,40459.37,41472.82,40232.59,41186.44,48234042
2021-03-06 19:25:47,41186.44,42613.25,41154.64,41781.99,36623854
2021-03-07 19:25:47,41781.99,42875.85,41212.77,42726.65,38285156
2021-03-08 19:25:47,42726.65,43242.94,41387.54,42207.49,12172101
2021-03-09 19:25:47,42207.49,42747.43,40816.91,41390.73,45633591
2021-03-10 19:25:47,41390.73,42034.54,40456.62,40982.33,15182476
2021-03-11 19:25:47,40982.33,42217.93,40768.01,41512.48,29675508
2021-03-12 19:25:47,41512.48,41590.47,41140.66,41524.43,17150564
2021-03-13 19:25:47,41524.43,42810.97,41480.35,42137.27,41502429
2021-03-14 19:25:47,42137.27,43736.96,41800.72,43035.87,19195272
2021-03-15 19:25:47,43035.87,44550.09,43021.01,44046.64,12280182
2021-03-16 19:25:47,44046.64,44197.62,43200.01,44097.26,8749070
2021-03-17 19:25:47,44097.26,45575.77,43546.44,45216.48,25611808
2021-03-18 19:25:47,45216.48,45739.36,43809.51,44367.24,20855751
2021-03-19 19:25:47,44367.24,44903.3,43349.56,43981.42,21616878
2021-03-20 19:25:47,43981.42,44271.54,41893.04,42676.31,12424548
2021-03-21 19:25:47,42676.31,43554.71,42540.16,43462.16,25624570
2021-03-22 19:25:47,43462.16,44782.34,43415.14,44486.43,18562267
2021-03-23 19:25:47,44486.43,45561.95,44434.94,44945.63,30527873
2021-03-24 19:25:47,44945.63,45552.91,44856.78,45041.75,26559399
2021-03-25 19:25:47,45041.75,45382.64,43758.75,44386.95,15645435
2021-03-26 19:25:47,44386.95,45263.73,42680.99,43339.3,43758433
2021-03-27 19:25:47,43339.3,44039.59,42339.69,42713.06,45680158
2021-03-28 19:25:47,42713.06,43820.41,42394.38,43015.18,13359795
2021-03-29 19:25:47,43015.18,43479.22,42620.97,43350.02,33493263
2021-03-30 19:25:47,43350.02,44214.89,42787.34,43949.93,16781686
2021-03-31 19:25:47,43949.93,44711.26,43112.1,44067.83,41519491
2021-04-01 19:25:47,44067.83,44933.2,42839.05,43055.02,24647585
2021-04-02 19:25:47,43055.02,43902.83,41865.83,42288.88,34525939
2021-04-03 19:25:47,42288.88,43982.66,42250.44,43254.08,11623300
2021-04-04 19:25:47,43254.08,43526.88,41919.71,42238.93,39500918
2021-04-05 19:25:47,42238.93,42957.28,41724.1,41732.84,15601389
2021-04-06 19:25:47,41732.84,42475.98,40368.56,41045.25,25372332
2021-04-07 19:25:47,41045.25,41465.0,40480.02,40782.19,20038906
2021-04-08 19:25:47,40782.19,41307.32,40117.94,40225.13,7644835
2021-04-09 19:25:47,40225.13,40523.96,39863.23,40481.17,13048177
2021-04-10 19:25:47,40481.17,41127.13,40241.42,40286.05,39167411
2021-04-11 19:25:47,40286.05,40817.86,39234.98,39667.09,8507106
2021-04-12 19:25:47,39667.09,39922.22,39625.6,39733.97,46975064
2021-04-13 19:25:47,39733.97,40112.61,39072.43,40017.78,32504792
2021-04-14 19:25:47,40017.78,40699.17,38423.22,38981.9,18432453
2021-04-15 19:25:47,38981.9,39567.54,38876.89,38976.87,48344072
2021-04-16 19:25:47,38976.87,39217.13,38344.91,38387.06,43944248
2021-04-17 19:25:47,38387.06,39550.19,38365.56,39438.82,32596954
2021-04-18 19:25:47,39438.82,40178.13,38297.14,38870.75,6551700
2021-04-19 19:25:47,38870.75,39365.72,37727.22,37872.05,24291183
2021-04-20 19:25:47,37872.05,39081.39,37206.94,38631.52,21293510
2021-04-21 19:25:47,38631.52,39134.55,38315.26,38641.39,32903100
2021-04-22 19:25:47,38641.39,39040.9,37764.07,38287.02,24555190
2021-04-23 19:25:47,38287.02,38736.96,38041.09,38532.18,35720478
2021-04-24 19:25:47,38532.18,39173.82,37994.39,38646.2,29270743
2021-04-25 19:25:47,38646.2,39020.22,38097.45,38792.72,28137570
2021-04-26 19:25:47,38792.72,39430.52,38464.48,38717.47,22590218
2021-04-27 19:25:47,38717.47,39351.03,37870.99,38397.66,36896463
2021-04-28 19:25:47,38397.66,39282.28,37999.0,39142.05,46022658
2021-04-29 19:25:47,39142.05,40594.65,38365.02,39898.62,5279672
2021-04-30 19:25:47,39898.62,40439.93,39075.56,39500.86,2226521
2021-05-01 19:25:47,39500.86,39841.22,38807.15,39203.99,7307937
2021-05-02 19:25:47,39203.99,39301.47,38170.0,38938.16,42883023
2021-05-03 19:25:47,38938.16,39675.41,38833.58,39286.39,30760408
2021-05-04 19:25:47,39286.39,39483.03,37900.73,38123.66,13446203
2021-05-05 19:25:47,38123.66,39454.16,37858.86,38923.09,40946840
2021-05-06 19:25:47,38923.09,40171.88,38901.36,39607.12,4896968
2021-05-07 19:25:47,39607.12,40832.87,39335.9,40510.32,46371126
2021-05-08 19:25:47,40510.32,41145.94,39049.56,39842.73,26256635
2021-05-09 19:25:47,39842.73,40891.0,39451.37,40878.96,41610165
2021-05-10 19:25:47,40878.96,41658.22,40476.13,41307.07,13509607
2021-05-11 19:25:47,41307.07,41972.36,41139.42,41384.8,25904882
2021-05-12 19:25:47,41384.8,42642.02,40804.85,42493.02,43198625
2021-05-13 19:25:47,42493.02,42498.86,42358.42,42435.08,12835341
2021-05-14 19:25:47,42435.08,42613.85,41147.44,41853.87,33595755
2021-05-15 19:25:47,41853.87,42776.44,41689.84,42040.83,35371640
2021-05-16 19:25:47,42040.83,43055.56,41558.05,42469.04,5055670
2021-05-17 19:25:47,42469.04,43805.51,42115.55,43409.28,21620519
2021-05-18 19:25:47,43409.28,43915.32,43122.25,43166.91,27408107
2021-05-19 19:25:47,43166.91,43754.49,42122.48,42648.19,49971025
2021-05-20 19:25:47,42648.19,44157.71,42019.39,43321.76,34835772
2021-05-21 19:25:47,43321.76,44172.32,41463.08,42079.25,40400578
2021-05-22 19:25:47,42079.25,42880.87,41992.17,42041.15,28411512
2021-05-23 19:25:47,42041.15,42583.81,40775.61,41419.67,41483021
2021-05-24 19:25:47,41419.67,41805.6,39715.35,40356.21,36638429
2021-05-25 19:25:47,40356.21,41065.26,39360.52,39919.68,15502770
2021-05-26 19:25:47,39919.68,41413.31,39851.89,40760.43,31414443
2021-05-27 19:25:47,40760.43,41296.11,39480.69,39737.24,34922329
2021-05-28 19:25:47,39737.24,40230.3,39627.62,40162.42,32488402
2021-05-29 19:25:47,40162.42,41309.33,39834.45,41024.34,42110080
2021-05-30 19:25:47,41024.34,41274.22,41005.93,41089.28,45821632
2021-05-31 19:25:47,41089.28,42576.67,40907.93,42245.83,7707936
2021-06-01 19:25:47,42245.83,43742.57,41925.31,43102.39,11006702
2021-06-02 19:25:47,43102.39,43506.49,41333.96,41857.12,4372356
2021-06-03 19:25:47,41857.12,43551.77,41231.09,42904.71,22164885
2021-06-04 19:25:47,42904.71,43456.26,42270.23,42856.91,34147860
2021-06-05 19:25:47,42856.91,43904.7,42260.5,43635.55,36470845
2021-06-06 19:25:47,43635.55,44778.04,43312.06,43979.59,27371135
2021-06-07 19:25:47,43979.59,44441.43,43133.75,44338.69,44560061
2021-06-08 19:25:47,44338.69,44783.42,43580.1,43584.39,26339150
2021-06-09 19:25:47,43584.39,44971.84,42963.57,44648.79,6936049
2021-06-10 19:25:47,44648.79,45449.66,43240.61,43464.44,32273502
2021-06-11 19:25:47,43464.44,43758.4,43260.37,43607.19,29714342
2021-06-12 19:25:47,43607.19,44722.45,42947.08,44270.81,31420158
2021-06-13 19:25:47,44270.81,45018.98,42573.31,43142.04,22729610
2021-06-14 19:25:47,43142.04,43941.17,41693.45,42251.33,42017663
2021-06-15 19:25:47,42251.33,43081.35,42062.46,42923.13,46072217
2021-06-16 19:25:47,42923.13,43428.62,42568.19,42978.93,38137664
2021-06-17 19:25:47,42978.93,43699.75,42418.13,43007.01,14436327
2021-06-18 19:25:47,43007.01,43272.29,41650.16,42489.71,24563420
2021-06-19 19:25:47,42489.71,43033.85,41416.91,41685.43,4666562
2021-06-20 19:25:47,41685.43,42517.67,40577.57,40660.77,36541376
2021-06-21 19:25:47,40660.77,41621.3,40525.32,40852.23,1245258
2021-06-22 19:25:47,40852.23,41346.05,40374.24,40419.94,8211640
2021-06-23 19:25:47,40419.94,41210.18,39761.98,40783.49,26928237
2021-06-24 19:25:47,40783.49,41676.6,40577.51,40942.92,25905233
2021-06-25 19:25:47,40942.92,41993.51,40691.67,41956.71,26805957
2021-06-26 19:25:47,41956.71,42927.36,41600.27,42789.44,4059180
2021-06-27 19:25:47,42789.44,44092.63,42124.71,43268.62,47085151
2021-06-28 19:25:47,43268.62,45158.75,43189.16,44287.82,9904449
2021-06-29 19:25:47,44287.82,44757.98,43412.38,43831.19,43568746
2021-06-30 19:25:47,43831.19,44371.72,43166.61,44200.5,36862146
2021-07-01 19:25:47,44200.5,45197.44,44133.19,44599.11,24510130
2021-07-02 19:25:47,44599.11,44989.81,44334.18,44676.71,33385876
2021-07-03 19:25:47,44676.71,45342.4,43826.39,43910.04,38637515
2021-07-04 19:25:47,43910.04,44989.38,43039.39,44777.45,26339193
2021-07-05 19:25:47,44777.45,45408.26,43406.88,43589.9,15435797
2021-07-06 19:25:47,43589.9,45517.65,42785.17,44860.78,49938680
2021-07-07 19:25:47,44860.78,45591.64,44654.32,45590.0,46052798
2021-07-08 19:25:47,45590.0,45778.43,45318.96,45359.42,5169193
2021-07-09 19:25:47,45359.42,45774.99,45071.13,45651.02,22742000
2021-07-10 19:25:47,45651.02,46460.53,45206.73,45981.15,13599717
2021-07-11 19:25:47,45981.15,46332.63,45125.19,45736.21,42661786
2021-07-12 19:25:47,45736.21,46896.14,44984.47,46089.98,22326816
2021-07-13 19:25:47,46089.98,46721.36,44431.49,44950.28,26225007
2021-07-14 19:25:47,44950.28,45096.2,44204.59,44959.33,44211938
2021-07-15 19:25:47,44959.33,45200.35,44903.17,44936.49,17301087
2021-07-16 19:25:47,44936.49,44965.61,43571.32,44156.47,2248839
2021-07-17 19:25:47,44156.47,44609.48,42923.28,43020.53,6713867
2021-07-18 19:25:47,43020.53,45025.85,42972.93,44241.32,32626254
2021-07-19 19:25:47,44241.32,46030.92,43612.89,45200.58,34792145
2021-07-20 19:25:47,45200.58,46314.57,45120.71,46298.46,35753731
2021-07-21 19:25:47,46298.46,47603.43,45444.88,47296.28,5054765
2021-07-22 19:25:47,47296.28,47881.29,46883.33,46887.19,8790812
2021-07-23 19:25:47,46887.19,48069.91,46318.1,48055.21,32670501
2021-07-24 19:25:47,48055.21,48428.34,47689.21,47978.76,18118923
2021-07-25 19:25:47,47978.76,49657.04,47809.13,48724.3,39991081
2021-07-26 19:25:47,48724.3,49090.02,46723.13,47573.16,16094806
2021-07-27 19:25:47,47573.16,48198.18,46474.12,46935.7,41513123
2021-07-28 19:25:47,46935.7,48465.19,46494.29,47906.88,25598959
2021-07-29 19:25:47,47906.88,48384.16,46925.96,47798.12,26034473
2021-07-30 19:25:47,47798.12,48200.85,47119.16,47520.5,47710828
2021-07-31 19:25:47,47520.5,48060.19,46822.83,48035.23,47716045
2021-08-01 19:25:47,48035.23,48404.6,47933.9,48341.84,3749125
2021-08-02 19:25:47,48341.84,50061.86,47723.53,49620.53,1939658
2021-08-03 19:25:47,49620.53,50579.33,48458.04,49446.9,8395295
2021-08-04 19:25:47,49446.9,49890.43,47822.89,48561.03,15050214
2021-08-05 19:25:47,48561.03,49371.71,47596.76,47741.2,3679523
2021-08-06 19:25:47,47741.2,47908.29,47069.31,47119.39,23152247
2021-08-07 19:25:47,47119.39,48633.4,46307.92,47924.79,17866616
2021-08-08 19:25:47,47924.79,49225.44,47154.89,48710.26,12333613
2021-08-09 19:25:47,48710.26,50470.85,48105.41,50121.75,16163233
2021-08-10 19:25:47,50121.75,51300.07,49276.48,51049.1,3464279
2021-08-11 19:25:47,51049.1,52631.64,50323.93,51772.66,13073648
2021-08-12 19:25:47,51772.66,53536.82,51607.39,52768.96,1558767
2021-08-13 19:25:47,52768.96,53402.61,52090.31,52191.94,3998384
2021-08-14 19:25:47,52191.94,52402.06,51880.71,51947.16,12287869
2021-08-15 19:25:47,51947.16,52504.24,51557.4,52372.76,40107688
2021-08-16 19:25:47,52372.76,53578.16,51396.96,52929.86,39763449
2021-08-17 19:25:47,52929.86,53198.73,51636.01,51849.19,34453586
2021-08-18 19:25:47,51849.19,52362.87,50310.54,50581.92,3636306
2021-08-19 19:25:47,50581.92,50908.04,50277.4,50517.11,43378907
2021-08-20 19:25:47,50517.11,51754.94,50327.03,51512.97,21296958
2021-08-21 19:25:47,51512.97,51831.16,51212.03,51384.75,36980549
2021-08-22 19:25:47,51384.75,52010.89,49952.34,50710.26,13862170
2021-08-23 19:25:47,50710.26,50880.13,49599.55,49876.27,35477428
2021-08-24 19:25:47,49876.27,50833.22,49444.32,50428.72,13773591
2021-08-25 19:25:47,50428.72,51399.56,50247.82,50526.74,35828506
2021-08-26 19:25:47,50526.74,50762.8,49564.45,49818.95,35365017
2021-08-27 19:25:47,49818.95,50971.8,49535.16,50917.66,2854597
2021-08-28 19:25:47,50917.66,51365.97,50037.13,50919.79,43115537
2021-08-29 19:25:47,50919.79,51115.03,49310.52,49486.31,48038155
2021-08-30 19:25:47,49486.31,50823.9,48837.27,50655.02,13229128
2021-08-31 19:25:47,50655.02,50842.11,50001.58,50114.28,13494729
2021-09-01 19:25:47,50114.28,51447.14,49864.09,51270.67,18236100
2021-09-02 19:25:47,51270.67,52335.71,50383.54,51472.46,29891090
2021-09-03 19:25:47,51472.46,52184.95,49857.07,50176.66,13957649
2021-09-04 19:25:47,50176.66,51140.0,49992.69,50557.88,15504796
2021-09-05 19:25:47,50557.88,51615.4,49874.84,51387.5,21468871
2021-09-06 19:25:47,51387.5,52411.31,50380.33,51723.45,37254351
2021-09-07 19:25:47,51723.45,52766.18,51696.1,52268.06,46977814
2021-09-08 19:25:47,52268.06,52363.67,50640.31,51603.84,28247091
2021-09-09 19:25:47,51603.84,53049.08,50581.02,52826.47,25517746
2021-09-10 19:25:47,52826.47,53068.75,52672.24,52884.82,29752609
2021-09-11 19:25:47,52884.82,53939.8,52121.68,53244.8,17161394
2021-09-12 19:25:47,53244.8,54330.53,52575.65,54088.94,1786513
2021-09-13 19:25:47,54088.94,54968.42,52019.08,52550.59,27801406
2021-09-14 19:25:47,52550.59,53277.33,50960.94,51878.33,24495856
2021-09-15 19:25:47,51878.33,52679.87,50093.25,51023.7,12760133
2021-09-16 19:25:47,51023.7,51876.24,51011.32,51854.45,3067476
2021-09-17 19:25:47,51854.45,53383.69,51234.85,53284.25,28393036
2021-09-18 19:25:47,53284.25,53666.31,52757.02,53235.89,27663620
2021-09-19 19:25:47,53235.89,54326.39,52252.6,54073.97,1969864
2021-09-20 19:25:47,54073.97,54270.75,52652.25,53525.06,23975412
2021-09-21 19:25:47,53525.06,54300.48,51868.19,52582.23,11341065
2021-09-22 19:25:47,52582.23,54644.56,51691.47,53808.71,47915254
2021-09-23 19:25:47,53808.71,53942.94,53484.11,53897.3,38884333
2021-09-24 19:25:47,53897.3,54970.68,52506.88,52730.28,18336037
2021-09-25 19:25:47,52730.28,54263.08,51974.24,53987.46,33498593
2021-09-26 19:25:47,53987.46,54123.1,52617.78,52903.35,12748758
2021-09-27 19:25:47,52903.35,54217.42,52658.86,54067.35,31044755
2021-09-28 19:25:47,54067.35,54614.03,53849.1,54269.24,32495937
2021-09-29 19:25:47,54269.24,54479.13,52021.29,52801.92,47934035
2021-09-30 19:25:47,52801.92,53576.77,51573.46,52523.91,9458958
2021-10-01 19:25:47,52523.91,54368.55,51885.23,53823.39,17913803
2021-10-02 19:25:47,53823.39,53942.06,52944.74,53042.53,11433476
2021-10-03 19:25:47,53042.53,53693.24,51510.87,51641.6,3896533
2021-10-04 19:25:47,51641.6,52623.05,50697.38,52313.7,34295065
2021-10-05 19:25:47,52313.7,52780.51,51957.91,52446.39,34796287
2021-10-06 19:25:47,52446.39,53743.62,52170.86,52808.32,28683536
2021-10-07 19:25:47,52808.32,53723.75,52479.64,53431.45,32811881
2021-10-08 19:25:47,53431.45,53584.25,53004.72,53269.17,36938170
2021-10-09 19:25:47,53269.17,54286.11,52211.52,52839.95,30454589
2021-10-10 19:25:47,52839.95,53726.64,51071.26,51706.12,23717835
2021-10-11 19:25:47,51706.12,52674.17,50041.72,50363.34,23089206
2021-10-12 19:25:47,50363.34,50921.75,49382.55,50556.02,13550630
2021-10-13 19:25:47,50556.02,50845.99,49101.84,49261.05,19787751
2021-10-14 19:25:47,49261.05,50054.09,49248.33,49363.57,33539302
2021-10-15 19:25:47,49363.57,50301.65,47998.08,48740.67,48854819
2021-10-16 19:25:47,48740.67,49612.96,47818.01,48780.22,47935630
2021-10-17 19:25:47,48780.22,49695.68,48458.71,49505.6,23577125
2021-10-18 19:25:47,49505.6,49544.16,48281.11,48773.31,3120207
2021-10-19 19:25:47,48773.31,49510.86,46894.76,47419.81,41705304
2021-10-20 19:25:47,47419.81,48601.7,47066.57,47954.62,29618216
2021-10-21 19:25:47,47954.62,49509.79,47085.04,48760.06,3389871
2021-10-22 19:25:47,48760.06,49656.58,46983.39,47344.56,43823980
2021-10-23 19:25:47,47344.56,47776.19,46832.41,47389.66,41862432
2021-10-24 19:25:47,47389.66,48245.89,46371.79,46417.09,43962167
2021-10-25 19:25:47,46417.09,47438.6,46399.07,46755.69,32563232
2021-10-26 19:25:47,46755.69,46917.13,45589.89,45755.39,24653224
2021-10-27 19:25:47,45755.39,46797.56,45221.32,46593.19,32882826
2021-10-28 19:25:47,46593.19,47731.71,45743.86,47658.59,38867442
2021-10-29 19:25:47,47658.59,49065.02,46734.66,48950.85,47347011
2021-10-30 19:25:47,48950.85,49941.75,48821.27,49779.68,46184032
2021-10-31 19:25:47,49779.68,50518.68,48812.5,49704.66,19440469
2021-11-01 19:25:47,49704.66,49778.22,49025.85,49254.63,12280363
2021-11-02 19:25:47,49254.63,51103.53,48986.05,50693.08,12662485
2021-11-03 19:25:47,50693.08,52092.96,50070.39,51248.51,36419324
2021-11-04 19:25:47,51248.51,52085.87,51001.21,51064.39,7461177
2021-11-05 19:25:47,51064.39,52405.97,50659.77,51397.84,34480351
2021-11-06 19:25:47,51397.84,51982.6,49432.75,49875.12,5420176
2021-11-07 19:25:47,49875.12,50476.24,49305.73,50414.84,5761337
2021-11-08 19:25:47,50414.84,52521.76,50248.68,51623.67,15590155
2021-11-09 19:25:47,51623.67,52414.42,50818.93,51986.26,13386181
2021-11-10 19:25:47,51986.26,53010.17,51432.84,52836.17,3490345
2021-11-11 19:25:47,52836.17,53176.98,51931.82,52743.6,45392222
2021-11-12 19:25:47,52743.6,53509.77,52124.81,53434.1,3603639
2021-11-13 19:25:47,53434.1,53748.27,52876.69,53102.05,33452880
2021-11-14 19:25:47,53102.05,55173.31,52881.93,54412.93,39622196
2021-11-15 19:25:47,54412.93,55254.23,52693.22,52827.65,26581278
2021-11-16 19:25:47,52827.65,54775.03,51857.84,54108.53,25144028
2021-11-17 19:25:47,54108.53,55239.02,53057.99,54436.49,20081651
2021-11-18 19:25:47,54436.49,55485.46,53953.67,54159.27,37828128
2021-11-19 19:25:47,54159.27,55785.78,53501.75,55011.66,8783815
2021-11-20 19:25:47,55011.66,56022.77,54492.79,55013.17,37134682
2021-11-21 19:25:47,55013.17,55536.61,52807.13,53652.7,37737813
2021-11-22 19:25:47,53652.7,54003.73,52779.06,53016.63,26222233
2021-11-23 19:25:47,53016.63,53665.4,52058.74,52897.06,31986198
2021-11-24 19:25:47,52897.06,54300.66,52800.84,53743.53,45441986
2021-11-25 19:25:47,53743.53,53841.44,53241.98,53841.13,17740582
2021-11-26 19:25:47,53841.13,55404.48,53081.04,54728.71,23157574
2021-11-27 19:25:47,54728.71,55419.37,54293.99,54449.31,34124706
2021-11-28 19:25:47,54449.31,55264.09,53526.86,53915.86,45784610
2021-11-29 19:25:47,53915.86,54029.46,52050.61,52386.02,36362257
2021-11-30 19:25:47,52386.02,52979.39,50678.72,51651.26,9471570
2021-12-01 19:25:47,51651.26,52049.41,51345.87,51857.73,47526341
2021-12-02 19:25:47,51857.73,52300.7,50237.51,50938.5,12085539
2021-12-03 19:25:47,50938.5,51215.64,50184.76,50478.19,36115436
2021-12-04 19:25:47,50478.19,51751.14,50126.93,50894.3,10501067
2021-12-05 19:25:47,50894.3,51893.34,49125.3,49574.01,33836589
2021-12-06 19:25:47,49574.01,50879.47,48900.09,49921.44,30443867
2021-12-07 19:25:47,49921.44,50872.14,48938.26,49068.83,27712359
2021-12-08 19:25:47,49068.83,49912.27,47008.21,47775.67,40899073
2021-12-09 19:25:47,47775.67,49073.14,47390.3,48617.67,18534757
2021-12-10 19:25:47,48617.67,49851.75,48119.7,49728.24,21149596
2021-12-11 19:25:47,49728.24,50420.79,48087.05,48771.66,6931037
2021-12-12 19:25:47,48771.66,49506.89,46533.93,47341.9,28662543
2021-12-13 19:25:47,47341.9,48234.64,46409.66,48159.47,22991048
2021-12-14 19:25:47,48159.47,49330.4,47589.34,48386.72,34700379
2021-12-15 19:25:47,48386.72,49045.96,47234.72,47624.17,37522533
2021-12-16 19:25:47,47624.17,49653.83,47120.24,48946.49,27708027
2021-12-17 19:25:47,48946.49,50636.06,48075.72,50239.97,8619842
2021-12-18 19:25:47,50239.97,51689.8,49617.85,51009.19,24550407
2021-12-19 19:25:47,51009.19,51936.23,49907.87,50599.52,30347071
2021-12-20 19:25:47,50599.52,50942.29,50135.83,50427.35,18919034
2021-12-21 19:25:47,50427.35,51325.84,49689.92,50200.3,34704907
2021-12-22 19:25:47,50200.3,51281.55,49466.02,50388.09,18220895
2021-12-23 19:25:47,50388.09,51607.91,50314.49,51409.14,7545553
2021-12-24 19:25:47,51409.14,52139.76,51090.67,51893.8,46348304
2021-12-25 19:25:47,51893.8,53850.28,51154.37,53108.41,18446669
2021-12-26 19:25:47,53108.41,53783.92,51698.89,52029.19,6174949
2021-12-27 19:25:47,52029.19,53007.08,50468.37,50772.61,33123338
2021-12-28 19:25:47,50772.61,52220.14,50627.24,51911.09,5006061
2021-12-29 19:25:47,51911.09,53385.84,51412.95,52556.87,13829417
2021-12-30 19:25:47,52556.87,52706.22,51381.23,52056.54,11388835
2021-12-31 19:25:47,52056.54,52482.5,51173.42,51911.05,2141803
2022-01-01 19:25:47,51911.05,52592.5,50754.46,51686.36,25005599
2022-01-02 19:25:47,51686.36,52686.87,51567.82,51930.2,2085344
2022-01-03 19:25:47,51930.2,53445.18,51824.18,52867.62,13398099
2022-01-04 19:25:47,52867.62,53885.4,52341.13,52915.14,3419225
2022-01-05 19:25:47,52915.14,54735.88,51910.1,54277.82,21665743
2022-01-06 19:25:47,54277.82,55763.65,53808.35,54819.39,42123504
2022-01-07 19:25:47,54819.39,55081.29,53586.94,54101.5,39780264
2022-01-08 19:25:47,54101.5,54536.96,52566.55,53482.2,36514671
2022-01-09 19:25:47,53482.2,54240.44,52264.93,52288.75,42783997
2022-01-10 19:25:47,52288.75,53177.57,51912.69,53137.38,27375352
2022-01-11 19:25:47,53137.38,54522.35,52655.67,54122.18,23110991
2022-01-12 19:25:47,54122.18,54377.51,52474.58,53278.67,37897876
2022-01-13 19:25:47,53278.67,54168.97,51656.69,51809.11,32631378
2022-01-14 19:25:47,51809.11,52258.3,51013.37,51352.01,23280674
2022-01-15 19:25:47,51352.01,52498.62,50845.07,51523.65,4243122
2022-01-16 19:25:47,51523.65,52054.54,50529.36,51588.97,6758268
2022-01-17 19:25:47,51588.97,51913.81,50075.59,50260.24,48239558
2022-01-18 19:25:47,50260.24,50542.68,49729.9,50139.6,38272232
2022-01-19 19:25:47,50139.6,50769.3,49976.42,50650.46,49443932
2022-01-20 19:25:47,50650.46,51992.89,49708.87,51140.62,12947131
2022-01-21 19:25:47,51140.62,51623.26,50559.58,50770.2,11845086
2022-01-22 19:25:47,50770.2,52010.73,50263.33,51190.01,41612904
2022-01-23 19:25:47,51190.01,51466.92,49372.72,49980.32,30058551
2022-01-24 19:25:47,49980.32,50835.77,47956.66,48828.83,8486855
2022-01-25 19:25:47,48828.83,49160.49,47039.2,47781.61,38243673
2022-01-26 19:25:47,47781.61,48330.47,46060.82,46686.54,26974368
2022-01-27 19:25:47,46686.54,47270.91,45889.68,46536.9,47333786
2022-01-28 19:25:47,46536.9,46599.32,44294.4,45191.39,45878264
2022-01-29 19:25:47,45191.39,46515.23,44772.23,46053.11,11263516
2022-01-30 19:25:47,46053.11,46835.89,45451.83,46800.0,37131396
2022-01-31 19:25:47,46800.0,47106.33,45835.67,46281.31,13809359
2022-02-01 19:25:47,46281.31,46604.48,44368.74,45084.51,29286138
2022-02-02 19:25:47,45084.51,46307.33,44845.26,46105.44,21148907
2022-02-03 19:25:47,46105.44,46496.5,45427.04,46110.75,26622804
2022-02-04 19:25:47,46110.75,46225.72,45485.76,45528.37,14559757
2022-02-05 19:25:47,45528.37,46802.14,44965.97,46078.21,34260203
2022-02-06 19:25:47,46078.21,46611.75,45462.19,46358.85,10217064
2022-02-07 19:25:47,46358.85,46485.94,45258.26,46137.86,2923150
2022-02-08 19:25:47,46137.86,47009.3,44192.99,45039.55,43771389
2022-02-09 19:25:47,45039.55,45571.12,43279.09,44139.97,7127432
2022-02-10 19:25:47,44139.97,44876.95,43757.22,44317.19,29731014
2022-02-11 19:25:47,44317.19,45571.86,44249.46,44815.42,21360973
2022-02-12 19:25:47,44815.42,45491.56,44296.51,44491.11,30969416
2022-02-13 19:25:47,44491.11,45212.08,43857.79,44375.71,3591481
2022-02-14 19:25:47,44375.71,44412.55,43815.33,44041.72,46789620
2022-02-15 19:25:47,44041.72,44703.32,42303.29,42728.2,24097919
2022-02-16 19:25:47,42728.2,43305.06,41211.22,42036.22,12224796
2022-02-17 19:25:47,42036.22,42807.47,41941.99,42672.07,3827409
2022-02-18 19:25:47,42672.07,42800.53,41039.47,41814.92,32707609
2022-02-19 19:25:47,41814.92,42427.75,41293.76,41390.3,34427793
2022-02-20 19:25:47,41390.3,42322.98,41114.97,41756.28,9423105
2022-02-21 19:25:47,41756.28,43015.83,41604.73,42674.94,1817958
2022-02-22 19:25:47,42674.94,42859.27,42134.63,42150.92,26699124
2022-02-23 19:25:47,42150.92,42752.38,41440.61,42738.6,20349887
2022-02-24 19:25:47,42738.6,42990.94,41307.59,41539.65,14218186
2022-02-25 19:25:47,41539.65,42203.38,40494.45,41003.57,8685122
2022-02-26 19:25:47,41003.57,41157.01,39727.6,40275.82,20690192
2022-02-27 19:25:47,40275.82,40535.53,39736.04,40475.36,29770578
2022-02-28 19:25:47,40475.36,41466.45,39792.49,41017.92,38643359
2022-03-01 19:25:47,41017.92,41756.53,40749.67,40758.24,2062380
2022-03-02 19:25:47,40758.24,41538.6,39989.8,40953.45,12010351
2022-03-03 19:25:47,40953.45,41803.31,40604.42,41462.61,39805334
2022-03-04 19:25:47,41462.61,41833.26,41258.43,41822.22,4213904
2022-03-05 19:25:47,41822.22,42458.11,41516.57,42212.43,48094817
2022-03-06 19:25:47,42212.43,42228.98,41181.87,41210.89,47678122
2022-03-07 19:25:47,41210.89,41448.22,40204.05,40637.94,9307141
2022-03-08 19:25:47,40637.94,42292.12,40504.3,41684.8,48760548
2022-03-09 19:25:47,41684.8,41936.69,40325.29,40779.05,30169774
2022-03-10 19:25:47,40779.05,41431.36,40174.43,40594.87,32992195
2022-03-11 19:25:47,40594.87,40966.0,39577.63,40130.66,36943039
2022-03-12 19:25:47,40130.66,40521.86,39866.99,40055.33,36956870
2022-03-13 19:25:47,40055.33,40564.87,38392.58,38886.22,6011725
2022-03-14 19:25:47,38886.22,39185.74,38322.61,38906.68,48109692
2022-03-15 19:25:47,38906.68,40293.06,38484.01,39687.0,39298559
2022-03-16 19:25:47,39687.0,40508.99,39589.18,40504.88,26296410
2022-03-17 19:25:47,40504.88,42093.17,40453.23,41464.2,17148321
2022-03-18 19:25:47,41464.2,41979.64,40805.53,41791.59,44786673
2022-03-19 19:25:47,41791.59,42404.48,40271.99,40786.85,14563090
2022-03-20 19:25:47,40786.85,41497.31,40405.83,40504.25,22157316
2022-03-21 19:25:47,40504.25,42168.62,40035.43,41680.41,12700240
2022-03-22 19:25:47,41680.41,42968.31,40907.59,42919.84,15314027
2022-03-23 19:25:47,42919.84,43813.38,42276.65,43512.13,16536310
2022-03-24 19:25:47,43512.13,43707.69,43413.1,43444.87,30825120
2022-03-25 19:25:47,43444.87,43909.91,43086.62,43099.19,2447143
2022-03-26 19:25:47,43099.19,43465.01,41851.24,41996.89,25834712
2022-03-27 19:25:47,41996.89,42211.64,40348.43,41084.67,25921347
2022-03-28 19:25:47,41084.67,42249.02,41044.25,42207.5,48137056
2022-03-29 19:25:47,42207.5,42433.62,41798.03,42060.42,23314074
2022-03-30 19:25:47,42060.42,42288.85,40827.55,41451.73,2862039
2022-03-31 19:25:47,41451.73,41708.19,40248.19,40847.42,5704512
2022-04-01 19:25:47,40847.42,41012.32,39198.55,39905.38,14211257
2022-04-02 19:25:47,39905.38,40653.64,39307.57,39835.91,14521780
2022-04-03 19:25:47,39835.91,40398.96,39311.88,39614.02,35185709
2022-04-04 19:25:47,39614.02,39821.3,38533.37,38859.67,39761148
2022-04-05 19:25:47,38859.67,39006.7,38338.09,38849.73,18096538
2022-04-06 19:25:47,38849.73,40514.02,38810.4,39765.34,31650982
2022-04-07 19:25:47,39765.34,40767.14,38995.98,40416.69,34294018
2022-04-08 19:25:47,40416.69,41511.12,40269.1,40707.11,22465163
2022-04-09 19:25:47,40707.11,41391.15,39867.14,40374.94,25113378
2022-04-10 19:25:47,40374.94,40943.88,38858.17,39455.82,39584916
2022-04-11 19:25:47,39455.82,40133.68,38040.04,38795.05,49241097
2022-04-12 19:25:47,38795.05,39960.58,38229.11,39321.53,25742487
2022-04-13 19:25:47,39321.53,40553.2,38704.78,40230.34,13678535
2022-04-14 19:25:47,40230.34,40474.58,39720.59,40240.23,6087192
2022-04-15 19:25:47,40240.23,40669.43,40213.52,40245.46,4839258
2022-04-16 19:25:47,40245.46,41715.13,40232.08,41121.4,3188557
2022-04-17 19:25:47,41121.4,41482.61,41116.74,41240.39,1360592
2022-04-18 19:25:47,41240.39,41662.88,39426.87,40095.11,46106357
2022-04-19 19:25:47,40095.11,40507.14,39716.86,40059.66,9557391
2022-04-20 19:25:47,40059.66,40943.28,39296.13,40777.91,41186480
2022-04-21 19:25:47,40777.91,41011.56,39029.61,39766.91,9152972
2022-04-22 19:25:47,39766.91,39877.81,38656.25,39275.82,20179107
2022-04-23 19:25:47,39275.82,40047.34,38015.67,38286.95,23307398
2022-04-24 19:25:47,38286.95,39401.8,38196.7,39244.13,39637849
2022-04-25 19:25:47,39244.13,40776.48,38734.4,40065.11,26638794
2022-04-26 19:25:47,40065.11,41253.43,39937.4,41050.95,26993145
2022-04-27 19:25:47,41050.95,41118.48,39269.94,40038.98,37736280
2022-04-28 19:25:47,40038.98,40832.67,39595.6,40755.09,11334331
2022-04-29 19:25:47,40755.09,41015.2,40028.02,40422.84,25414032
2022-04-30 19:25:47,40422.84,41315.32,40411.4,41137.19,37674295
2022-05-01 19:25:47,41137.19,41954.11,40373.82,40707.36,44636426
2022-05-02 19:25:47,40707.36,41390.19,39819.58,40600.9,35361198
2022-05-03 19:25:47,40600.9,40969.64,39169.98,39662.84,46005581
2022-05-04 19:25:47,39662.84,39997.82,39484.06,39936.37,21221530
2022-05-05 19:25:47,39936.37,41142.5,39141.44,40423.47,35202182
2022-05-06 19:25:47,40423.47,40984.39,39884.48,40065.3,36313129
2022-05-07 19:25:47,40065.3,40662.68,40020.61,40374.01,10142285
2022-05-08 19:25:47,40374.01,42014.41,39701.7,41501.61,48686376
2022-05-09 19:25:47,41501.61,42820.46,40977.84,42085.21,46261887
2022-05-10 19:25:47,42085.21,42456.11,41663.47,42429.25,21418071
2022-05-11 19:25:47,42429.25,43514.07,41636.48,43146.03,6788774
2022-05-12 19:25:47,43146.03,43598.15,41812.67,42058.28,43144630
2022-05-13 19:25:47,42058.28,42874.98,41482.7,42441.84,6027731
2022-05-14 19:25:47,42441.84,43220.01,41446.15,41448.11,14958741
2022-05-15 19:25:47,41448.11,42679.4,41306.79,42366.11,24661897
2022-05-16 19:25:47,42366.11,42567.19,41552.8,42276.0,1748782
2022-05-17 19:25:47,42276.0,43072.33,41820.98,42680.41,3280064
2022-05-18 19:25:47,42680.41,42856.0,42025.71,42797.64,47081047
2022-05-19 19:25:47,42797.64,43012.65,41331.18,42131.84,36500217
2022-05-20 19:25:47,42131.84,42455.75,40519.8,41008.83,35277073
2022-05-21 19:25:47,41008.83,41471.17,39669.51,39870.52,18588411
2022-05-22 19:25:47,39870.52,40692.98,39315.27,40458.39,21286966
2022-05-23 19:25:47,40458.39,41907.26,40086.39,41594.9,7739180
2022-05-24 19:25:47,41594.9,43644.69,41546.95,42823.88,26449074
2022-05-25 19:25:47,42823.88,43178.32,42032.47,42412.1,5963199
2022-05-26 19:25:47,42412.1,42993.12,41743.29,42732.74,8379436
2022-05-27 19:25:47,42732.74,43552.42,42039.74,42247.94,48408056
2022-05-28 19:25:47,42247.94,42782.84,40332.19,40997.15,10868935
2022-05-29 19:25:47,40997.15,41284.43,39304.38,39893.28,1980540
2022-05-30 19:25:47,39893.28,40631.97,39107.91,40104.25,27158876
2022-05-31 19:25:47,40104.25,41338.09,39406.29,40560.27,4873941
2022-06-01 19:25:47,40560.27,41301.62,39442.35,40003.08,1067452
2022-06-02 19:25:47,40003.08,40534.1,38297.16,39015.28,5648651
2022-06-03 19:25:47,39015.28,40346.1,38693.73,39599.77,42676332
2022-06-04 19:25:47,39599.77,40414.09,38836.73,40126.7,17019135
2022-06-05 19:25:47,40126.7,40351.45,39160.74,39601.2,48274784
2022-06-06 19:25:47,39601.2,40301.91,38115.01,38821.14,23575872
2022-06-07 19:25:47,38821.14,39734.34,38546.92,39155.69,9896079
2022-06-08 19:25:47,39155.69,39409.19,37766.75,38350.49,7381248
2022-06-09 19:25:47,38350.49,38906.16,38025.67,38538.57,9860302
2022-06-10 19:25:47,38538.57,38831.23,37946.39,38664.35,19664327
2022-06-11 19:25:47,38664.35,39285.98,37908.73,38973.52,46268572
2022-06-12 19:25:47,38973.52,40255.37,38590.72,39487.19,34049220
2022-06-13 19:25:47,39487.19,40584.46,38835.64,40537.42,12069743
2022-06-14 19:25:47,40537.42,41717.95,40081.67,41450.41,36460468
2022-06-15 19:25:47,41450.41,41538.22,40707.26,41416.92,27185157
2022-06-16 19:25:47,41416.92,42695.43,41371.75,42195.56,17340104
2022-06-17 19:25:47,42195.56,42686.92,40760.67,40932.12,1597101
2022-06-18 19:25:47,40932.12,41007.03,40134.61,40412.14,27556710
2022-06-19 19:25:47,40412.14,40809.28,39682.62,40244.58,42570082
2022-06-20 19:25:47,40244.58,40560.46,39095.44,39200.36,4898205
2022-06-21 19:25:47,39200.36,39901.46,38522.97,39860.58,48956507
2022-06-22 19:25:47,39860.58,40001.25,38974.18,39536.78,3255946
2022-06-23 19:25:47,39536.78,39575.23,38721.33,38811.61,18156803
2022-06-24 19:25:47,38811.61,38980.67,37544.89,37775.09,2908461
2022-06-25 19:25:47,37775.09,39048.12,37456.61,38692.6,44008641
2022-06-26 19:25:47,38692.6,39553.61,38156.14,39296.93,10774167
2022-06-27 19:25:47,39296.93,39719.14,38269.28,38482.06,46355122
2022-06-28 19:25:47,38482.06,38758.35,37958.2,38746.59,5396217
2022-06-29 19:25:47,38746.59,40083.11,38593.59,39489.38,1766415
2022-06-30 19:25:47,39489.38,40231.84,38563.69,39344.2,46805035
2022-07-01 19:25:47,39344.2,39741.03,38598.8,39090.7,28299107
2022-07-02 19:25:47,39090.7,40031.23,38736.87,39735.43,1756249
2022-07-03 19:25:47,39735.43,39961.39,38775.86,38863.34,7887128
2022-07-04 19:25:47,38863.34,39632.82,38409.45,38805.46,22754717
2022-07-05 19:25:47,38805.46,39006.54,38193.18,38393.97,4441100
2022-07-06 19:25:47,38393.97,39795.35,38055.34,39247.79,46645021
2022-07-07 19:25:47,39247.79,40981.23,39113.4,40296.26,19767882
2022-07-08 19:25:47,40296.26,40715.8,39536.88,40605.7,26106420
2022-07-09 19:25:47,40605.7,41080.42,39584.12,40170.69,40283461
2022-07-10 19:25:47,40170.69,40966.5,39782.16,40500.02,7183414
2022-07-11 19:25:47,40500.02,40565.86,39403.55,39499.68,7927909
2022-07-12 19:25:47,39499.68,39669.8,39039.09,39536.23,14188643
2022-07-13 19:25:47,39536.23,40053.38,38192.58,38862.49,25439142
2022-07-14 19:25:47,38862.49,39341.13,37593.87,38141.96,45552063
2022-07-15 19:25:47,38141.96,38843.41,37923.98,37954.97,7583621
2022-07-16 19:25:47,37954.97,38922.15,37831.28,38435.51,26997850
2022-07-17 19:25:47,38435.51,39018.79,38369.16,38980.52,19037527
2022-07-18 19:25:47,38980.52,39549.54,38228.81,38994.37,5211467
2022-07-19 19:25:47,38994.37,39089.36,38965.57,39045.63,11990264
2022-07-20 19:25:47,39045.63,39531.06,38056.49,38169.07,7805552
2022-07-21 19:25:47,38169.07,38525.0,36520.64,37237.96,22049663
2022-07-22 19:25:47,37237.96,37306.61,36771.71,37064.66,20058511
2022-07-23 19:25:47,37064.66,37726.66,36117.12,36624.05,4659286
2022-07-24 19:25:47,36624.05,36877.93,35212.78,35647.62,31313222
2022-07-25 19:25:47,35647.62,37403.04,34992.21,36682.91,46925460
2022-07-26 19:25:47,36682.91,37267.72,35980.56,36160.55,20957223
2022-07-27 19:25:47,36160.55,36245.79,35612.31,35749.17,32874757
2022-07-28 19:25:47,35749.17,35924.56,35735.87,35829.01,17738216
2022-07-29 19:25:47,35829.01,37249.03,35348.66,36749.99,25097190
2022-07-30 19:25:47,36749.99,36930.12,34975.81,35652.53,32572659
2022-07-31 19:25:47,35652.53,35870.36,34671.95,34818.3,46041620
2022-08-01 19:25:47,34818.3,35905.4,34330.74,35436.11,8850802
2022-08-02 19:25:47,35436.11,35975.01,34217.05,34608.01,37446701
2022-08-03 19:25:47,34608.01,34854.29,34011.07,34642.9,35081430
2022-08-04 19:25:47,34642.9,34848.05,34115.71,34166.82,48333441
2022-08-05 19:25:47,34166.82,34529.26,32939.25,33169.19,6259364
2022-08-06 19:25:47,33169.19,33747.67,32965.08,33446.85,48733872
2022-08-07 19:25:47,33446.85,34320.95,33444.34,34267.3,34990908
2022-08-08 19:25:47,34267.3,35052.48,33801.93,34923.86,44316251
2022-08-09 19:25:47,34923.86,35150.15,34682.76,34829.25,18194335
2022-08-10 19:25:47,34829.25,35489.36,34352.29,35079.24,38974787
2022-08-11 19:25:47,35079.24,35817.98,34734.69,35678.06,37418109
2022-08-12 19:25:47,35678.06,36235.34,35476.03,35702.43,42983387
2022-08-13 19:25:47,35702.43,36325.28,34822.46,35397.35,39258025
2022-08-14 19:25:47,35397.35,37098.44,34990.72,36373.02,17703773
2022-08-15 19:25:47,36373.02,37833.22,35785.21,37249.69,5808099
2022-08-16 19:25:47,37249.69,37339.63,35514.47,36135.95,22860740
2022-08-17 19:25:47,36135.95,36969.69,35937.6,36765.5,12797847
2022-08-18 19:25:47,36765.5,37127.81,35987.67,36503.07,6866595
2022-08-19 19:25:47,36503.07,37262.2,35858.89,36738.1,26398581
2022-08-20 19:25:47,36738.1,37951.69,36031.16,37350.01,6362386
2022-08-21 19:25:47,37350.01,37827.9,36943.0,36946.06,9618252
2022-08-22 19:25:47,36946.06,37374.33,35574.64,36209.89,3674150
2022-08-23 19:25:47,36209.89,36442.12,35793.25,35946.11,7575202
2022-08-24 19:25:47,35946.11,36202.59,35585.87,35766.92,44752694
2022-08-25 19:25:47,35766.92,36422.13,35186.36,35568.16,19077653
2022-08-26 19:25:47,35568.16,36096.95,34583.08,34760.0,12941472
2022-08-27 19:25:47,34760.0,35246.35,33401.81,33869.31,10243794
2022-08-28 19:25:47,33869.31,34903.45,33650.86,34222.58,12727501
2022-08-29 19:25:47,34222.58,34858.96,33538.49,34239.54,28892635
2022-08-30 19:25:47,34239.54,34616.94,33467.97,33780.0,48387381
2022-08-31 19:25:47,33780.0,34043.24,33579.16,34032.65,7643447
2022-09-01 19:25:47,34032.65,34104.6,32731.03,33019.89,40943605
2022-09-02 19:25:47,33019.89,34047.39,32530.71,33586.67,1461926
2022-09-03 19:25:47,33586.67,34240.74,33052.43,33812.71,11776265
2022-09-04 19:25:47,33812.71,34278.68,32461.0,32937.82,20724652
2022-09-05 19:25:47,32937.82,33267.52,32897.88,33245.97,28566863
2022-09-06 19:25:47,33245.97,33635.94,32649.95,32765.56,31890317
2022-09-07 19:25:47,32765.56,33797.25,32209.19,33331.37,4688897
2022-09-08 19:25:47,33331.37,34845.99,33271.6,34331.31,43327418
2022-09-09 19:25:47,34331.31,34835.29,34118.55,34363.33,40966503
2022-09-10 19:25:47,34363.33,34646.85,34288.3,34324.02,19583469
2022-09-11 19:25:47,34324.02,34616.64,33380.24,33724.46,2654063
2022-09-12 19:25:47,33724.46,34680.21,33087.42,34126.53,39240366
2022-09-13 19:25:47,34126.53,34720.7,33201.46,33772.15,2411740
2022-09-14 19:25:47,33772.15,34261.08,32615.41,33152.69,25180392
2022-09-15 19:25:47,33152.69,34185.49,32513.19,33548.36,38413016
2022-09-16 19:25:47,33548.36,33643.26,32849.02,33029.31,47734232
2022-09-17 19:25:47,33029.31,33550.06,32791.68,32979.72,19364715
2022-09-18 19:25:47,32979.72,33018.03,32109.03,32733.04,41951736
2022-09-19 19:25:47,32733.04,33178.47,32181.34,32461.02,22149005
2022-09-20 19:25:47,32461.02,32732.55,31648.16,31899.17,37188356
2022-09-21 19:25:47,31899.17,32136.2,31546.25,31564.13,15423234
2022-09-22 19:25:47,31564.13,32642.83,31313.19,32217.74,26518058
2022-09-23 19:25:47,32217.74,33628.73,32150.66,33021.38,18299531
2022-09-24 19:25:47,33021.38,34069.4,33016.79,33623.1,11219037
2022-09-25 19:25:47,33623.1,34185.99,32569.71,33234.27,30797970
2022-09-26 19:25:47,33234.27,33539.25,32949.82,33275.3,22870628
2022-09-27 19:25:47,33275.3,33780.01,33005.35,33270.11,8732627
2022-09-28 19:25:47,33270.11,33925.76,33193.56,33469.49,2965751
2022-09-29 19:25:47,33469.49,34130.14,33135.8,33428.53,39809126
2022-09-30 19:25:47,33428.53,33688.43,32714.57,33076.51,23061855
2022-10-01 19:25:47,33076.51,33532.31,32502.88,32950.43,26237606
2022-10-02 19:25:47,32950.43,34130.88,32840.13,33905.29,16507059
2022-10-03 19:25:47,33905.29,35064.55,33635.65,34410.88,8926345
2022-10-04 19:25:47,34410.88,34896.65,33343.81,33891.38,33335438
2022-10-05 19:25:47,33891.38,34682.13,33671.24,34471.47,29483346
2022-10-06 19:25:47,34471.47,34872.16,33892.36,34297.86,37186953
2022-10-07 19:25:47,34297.86,34943.01,34168.68,34706.17,32661078
2022-10-08 19:25:47,34706.17,35192.37,33539.37,34094.0,33503168
2022-10-09 19:25:47,34094.0,35213.66,33963.97,34716.71,12642668
2022-10-10 19:25:47,34716.71,36091.85,34526.81,35540.24,46878655
2022-10-11 19:25:47,35540.24,36088.41,35287.04,36002.77,30135296
2022-10-12 19:25:47,36002.77,36163.57,34461.86,35113.59,8760850
2022-10-13 19:25:47,35113.59,35724.52,34171.57,34545.99,24063087
2022-10-14 19:25:47,34545.99,34847.81,34154.05,34761.34,11842486
2022-10-15 19:25:47,34761.34,34766.88,34103.67,34634.69,18859292
2022-10-16 19:25:47,34634.69,35113.75,34094.13,34579.98,45644425
2022-10-17 19:25:47,34579.98,35111.43,34152.65,34597.84,16661471
2022-10-18 19:25:47,34597.84,35782.57,34149.13,35173.18,41934847
2022-10-19 19:25:47,35173.18,35985.73,34860.71,35619.64,1325616
2022-10-20 19:25:47,35619.64,35896.12,35424.36,35817.08,14809529
2022-10-21 19:25:47,35817.08,36425.55,34268.45,34836.84,1177638
2022-10-22 19:25:47,34836.84,35215.74,33614.21,34272.82,20760393
2022-10-23 19:25:47,34272.82,34871.27,33800.04,33810.27,15665375
2022-10-24 19:25:47,33810.27,34557.16,33478.18,34361.85,43489357
2022-10-25 19:25:47,34361.85,35427.48,34253.52,35192.75,23939914
2022-10-26 19:25:47,35192.75,36173.63,34738.26,35512.08,38544869
2022-10-27 19:25:47,35512.08,35920.46,34446.49,34658.17,32653977
2022-10-28 19:25:47,34658.17,35844.97,34384.87,35264.71,5765273
2022-10-29 19:25:47,35264.71,36220.73,34807.08,36117.51,34782705
2022-10-30 19:25:47,36117.51,37079.94,35802.77,36977.66,17994776
2022-10-31 19:25:47,36977.66,37687.26,36307.52,37162.22,17145913
2022-11-01 19:25:47,37162.22,38736.66,36617.01,38202.37,41110896
2022-11-02 19:25:47,38202.37,39848.92,37759.9,39284.44,5768333
2022-11-03 19:25:47,39284.44,39581.02,38817.64,39535.67,36269563
2022-11-04 19:25:47,39535.67,39709.09,39375.79,39579.64,18608107
2022-11-05 19:25:47,39579.64,40785.89,39056.42,40567.83,28497045
2022-11-06 19:25:47,40567.83,41056.34,40202.61,40284.52,34869046
2022-11-07 19:25:47,40284.52,40892.58,39579.37,40802.16,16984008
2022-11-08 19:25:47,40802.16,41810.53,40045.66,41770.01,31085889
2022-11-09 19:25:47,41770.01,41853.67,40915.98,41457.71,35934494
2022-11-10 19:25:47,41457.71,42877.61,40889.02,42310.43,19881754
2022-11-11 19:25:47,42310.43,42358.63,41749.75,41817.66,31655300
2022-11-12 19:25:47,41817.66,42219.3,40055.52,40788.15,42805559
2022-11-13 19:25:47,40788.15,41572.48,39909.35,40083.99,25293507
2022-11-14 19:25:47,40083.99,40643.09,39080.39,39866.94,15906851
2022-11-15 19:25:47,39866.94,40302.56,38544.23,39200.67,34763542
2022-11-16 19:25:47,39200.67,40311.06,38836.13,40243.62,22701757
2022-11-17 19:25:47,40243.62,40298.59,39322.89,39608.94,48058895
2022-11-18 19:25:47,39608.94,40551.89,39387.23,40230.05,11102174
2022-11-19 19:25:47,40230.05,40456.34,39039.96,39096.43,19257500
2022-11-20 19:25:47,39096.43,40068.87,38552.47,39477.21,49605439
2022-11-21 19:25:47,39477.21,40992.88,38943.41,40557.93,48919184
2022-11-22 19:25:47,40557.93,41299.56,39835.8,39943.29,34497695
2022-11-23 19:25:47,39943.29,40379.08,39551.61,39623.27,23464289
2022-11-24 19:25:47,39623.27,40328.92,38424.01,38760.58,9730850
2022-11-25 19:25:47,38760.58,39251.96,38546.49,39122.98,12342467
2022-11-26 19:25:47,39122.98,39714.32,38631.65,39350.05,34067241
2022-11-27 19:25:47,39350.05,40648.95,39117.71,40286.54,15167623
2022-11-28 19:25:47,40286.54,40396.59,38943.82,39125.56,49788708
2022-11-29 19:25:47,39125.56,39436.96,37884.78,38354.96,6261180
2022-11-30 19:25:47,38354.96,38510.85,37487.29,37775.95,26496006
2022-12-01 19:25:47,37775.95,39164.46,37655.7,38637.02,46440852
2022-12-02 19:25:47,38637.02,40181.48,38613.15,39504.39,44884372
2022-12-03 19:25:47,39504.39,40272.2,38638.65,39241.5,9376796
2022-12-04 19:25:47,39241.5,39952.65,38014.02,38782.13,9247861
2022-12-05 19:25:47,38782.13,38925.52,38366.95,38507.04,3675275
2022-12-06 19:25:47,38507.04,39223.73,36847.15,37367.92,28786382
2022-12-07 19:25:47,37367.92,38396.37,36968.59,38313.61,5036355
2022-12-08 19:25:47,38313.61,38524.01,37820.02,37981.48,20259299
2022-12-09 19:25:47,37981.48,38687.43,36794.89,37111.02,48198957
2022-12-10 19:25:47,37111.02,37305.78,36371.64,36833.0,10785810
2022-12-11 19:25:47,36833.0,36995.5,35499.59,35806.28,49289382
2022-12-12 19:25:47,35806.28,37535.25,35392.11,36862.38,3138617
2022-12-13 19:25:47,36862.38,37831.35,36562.68,37578.28,33824027
2022-12-14 19:25:47,37578.28,37770.69,36344.26,36543.45,27929888
2022-12-15 19:25:47,36543.45,36772.88,36072.82,36084.14,13436384
2022-12-16 19:25:47,36084.14,37135.45,35564.16,36876.86,19849293
2022-12-17 19:25:47,36876.86,38427.08,36268.44,37864.08,47383277
2022-12-18 19:25:47,37864.08,37915.66,36959.64,36970.64,21016079
2022-12-19 19:25:47,36970.64,38159.16,36547.86,38042.29,29189702
2022-12-20 19:25:47,38042.29,38398.82,37609.05,37921.49,27930195
2022-12-21 19:25:47,37921.49,39230.3,37706.29,38819.73,12135127
2022-12-22 19:25:47,38819.73,39589.88,38021.81,38307.43,15261578
2022-12-23 19:25:47,38307.43,39152.76,37564.4,38815.48,41046642
2022-12-24 19:25:47,38815.48,39209.98,38341.44,38598.08,2496278
2022-12-25 19:25:47,38598.08,39622.94,37895.65,39422.96,32789918
2022-12-26 19:25:47,39422.96,40198.73,38639.88,39116.69,4271559
2022-12-27 19:25:47,39116.69,39511.03,38031.83,38475.88,7834909
2022-12-28 19:25:47,38475.88,38537.1,38023.02,38235.03,17436773
2022-12-29 19:25:47,38235.03,38913.16,37528.9,37765.62,22512488
2022-12-30 19:25:47,37765.62,38399.16,37248.8,38151.26,48474047
2022-12-31 19:25:47,38151.26,38981.64,37538.72,38896.19,32430030
2023-01-01 19:25:47,38896.19,38962.88,38024.37,38413.33,31399655
2023-01-02 19:25:47,38413.33,38541.71,37201.93,37375.46,5792754
2023-01-03 19:25:47,37375.46,37814.8,36954.96,37538.68,43969667
2023-01-04 19:25:47,37538.68,38824.52,37386.4,38579.2,6382960
2023-01-05 19:25:47,38579.2,39458.3,38156.97,39389.71,26052951
2023-01-06 19:25:47,39389.71,39516.8,38155.44,38908.74,19253521
2023-01-07 19:25:47,38908.74,38913.04,38274.04,38651.85,25929502
2023-01-08 19:25:47,38651.85,39510.97,38560.79,39083.41,44946308
2023-01-09 19:25:47,39083.41,39446.33,38814.32,39412.21,9950338
2023-01-10 19:25:47,39412.21,40234.68,38700.01,39839.97,13858789
2023-01-11 19:25:47,39839.97,40691.22,39632.25,39935.51,28101360
2023-01-12 19:25:47,39935.51,40312.26,38344.64,38900.99,36924992
2023-01-13 19:25:47,38900.99,40342.79,38804.79,40063.76,45937742
2023-01-14 19:25:47,40063.76,41017.31,39845.91,40491.97,13002493
2023-01-15 19:25:47,40491.97,40989.78,39663.79,40219.69,14032440
2023-01-16 19:25:47,40219.69,40416.25,38724.67,39250.49,17896202
2023-01-17 19:25:47,39250.49,39639.23,38865.7,38971.96,39394984
2023-01-18 19:25:47,38971.96,40083.53,38848.7,39874.06,27084378
2023-01-19 19:25:47,39874.06,40369.36,39116.55,39306.02,16003535
2023-01-20 19:25:47,39306.02,40446.39,39083.63,39707.94,5173750
2023-01-21 19:25:47,39707.94,40158.65,39689.67,40147.88,49094286
2023-01-22 19:25:47,40147.88,40180.14,39640.81,39916.49,23159951
2023-01-23 19:25:47,39916.49,40613.87,38753.97,38881.41,38677234
2023-01-24 19:25:47,38881.41,40129.42,38206.41,39943.3,47893993
2023-01-25 19:25:47,39943.3,40465.96,38577.05,38911.92,11886621
2023-01-26 19:25:47,38911.92,39543.57,38230.0,39176.77,18818207
2023-01-27 19:25:47,39176.77,40042.07,38709.45,39300.29,4806010
2023-01-28 19:25:47,39300.29,39340.47,38133.45,38564.52,28624206
2023-01-29 19:25:47,38564.52,39988.22,37884.7,39632.96,16139269
2023-01-30 19:25:47,39632.96,39973.78,39150.03,39290.89,40793382
2023-01-31 19:25:47,39290.89,40000.71,38287.96,38802.23,3818949
2023-02-01 19:25:47,38802.23,39101.93,37792.61,38109.94,17524581
2023-02-02 19:25:47,38109.94,38486.09,37341.96,37613.43,12125629
2023-02-03 19:25:47,37613.43,38306.77,36448.07,36495.57,45077891
2023-02-04 19:25:47,36495.57,37660.85,36244.43,37445.51,42864898
2023-02-05 19:25:47,37445.51,37534.38,35890.48,36516.09,29307106
2023-02-06 19:25:47,36516.09,36846.66,35640.89,35794.0,42038024
2023-02-07 19:25:47,35794.0,36247.07,35202.92,36056.08,16278887
2023-02-08 19:25:47,36056.08,36547.53,35830.72,36258.91,37915400
2023-02-09 19:25:47,36258.91,36415.06,35737.76,36377.25,13929381
2023-02-10 19:25:47,36377.25,36592.56,34958.01,35559.13,33501439
2023-02-11 19:25:47,35559.13,37039.97,35463.42,36413.77,30610581
2023-02-12 19:25:47,36413.77,37868.83,36356.6,37234.42,17111422
2023-02-13 19:25:47,37234.42,37973.42,35696.24,36382.7,46652234
2023-02-14 19:25:47,36382.7,37977.59,36234.25,37382.62,18416203
2023-02-15 19:25:47,37382.62,37924.65,36468.27,37187.58,21031688
2023-02-16 19:25:47,37187.58,37378.83,35465.39,36172.69,12618527
2023-02-17 19:25:47,36172.69,36860.87,35694.17,36613.25,33843682
2023-02-18 19:25:47,36613.25,37085.83,35435.04,35716.27,44709089
2023-02-19 19:25:47,35716.27,36532.52,35395.61,36289.55,32301943
2023-02-20 19:25:47,36289.55,36370.96,35468.61,35680.88,17474273
2023-02-21 19:25:47,35680.88,36126.07,34306.65,34690.45,37089762
2023-02-22 19:25:47,34690.45,34770.12,33170.14,33807.59,34803247
2023-02-23 19:25:47,33807.59,34910.09,33477.02,34634.51,7882102
2023-02-24 19:25:47,34634.51,35650.61,34593.16,35016.96,41808284
2023-02-25 19:25:47,35016.96,35036.39,33850.81,34345.86,7805470
2023-02-26 19:25:47,34345.86,35300.0,34219.39,34874.97,46958490
2023-02-27 19:25:47,34874.97,35105.58,33431.01,33975.06,39062618
2023-02-28 19:25:47,33975.06,34455.32,33363.47,33489.65,26875439
2023-03-01 19:25:47,33489.65,33587.74,32123.56,32496.64,10035778
2023-03-02 19:25:47,32496.64,33328.19,32447.76,32898.68,45426349
2023-03-03 19:25:47,32898.68,33123.93,31576.95,32049.25,34560274
2023-03-04 19:25:47,32049.25,32262.13,31161.81,31663.9,10355034
2023-03-05 19:25:47,31663.9,32130.44,31654.11,31764.54,17337904
2023-03-06 19:25:47,31764.54,31849.88,30978.48,31282.61,38433538
2023-03-07 19:25:47,31282.61,32534.3,31221.31,31927.81,7525889
2023-03-08 19:25:47,31927.81,32346.73,31655.68,31936.39,14301288
2023-03-09 19:25:47,31936.39,32499.11,31016.8,31274.11,44895211
2023-03-10 19:25:47,31274.11,31908.22,31128.08,31435.14,46893508
2023-03-11 19:25:47,31435.14,32017.24,31338.15,31393.32,4205731
2023-03-12 19:25:47,31393.32,31686.57,30554.79,30845.43,7124476
2023-03-13 19:25:47,30845.43,32143.79,30827.67,31521.91,15278278
2023-03-14 19:25:47,31521.91,32718.04,30924.56,32275.59,10335546
2023-03-15 19:25:47,32275.59,32703.01,31357.22,31360.61,46375923
2023-03-16 19:25:47,31360.61,32010.67,31045.29,31994.85,19342669
2023-03-17 19:25:47,31994.85,32163.76,31482.75,31957.34,16239005
2023-03-18 19:25:47,31957.34,32370.21,31435.8,31760.22,36702628
2023-03-19 19:25:47,31760.22,32322.57,31693.92,31797.86,40620549
2023-03-20 19:25:47,31797.86,32742.25,31478.51,32255.53,36162247
2023-03-21 19:25:47,32255.53,33236.51,31958.88,33140.3,24698044
2023-03-22 19:25:47,33140.3,33727.4,32680.74,33261.8,40819414
2023-03-23 19:25:47,33261.8,33546.79,32638.8,32726.11,49559343
2023-03-24 19:25:47,32726.11,32946.91,31908.9,31968.87,5197773
2023-03-25 19:25:47,31968.87,32553.57,31634.97,32170.96,30132278
2023-03-26 19:25:47,32170.96,32340.83,31060.91,31633.9,47814956
2023-03-27 19:25:47,31633.9,32048.91,31086.15,31337.9,14178363
2023-03-28 19:25:47,31337.9,32070.9,31131.1,31699.71,36904911
2023-03-29 19:25:47,31699.71,32537.56,31136.84,32379.71,2874945
2023-03-30 19:25:47,32379.71,32912.33,32248.66,32899.48,44402012
2023-03-31 19:25:47,32899.48,33294.49,31914.52,32055.51,21505559
2023-04-01 19:25:47,32055.51,32568.17,31593.66,32271.51,20156051
2023-04-02 19:25:47,32271.51,33382.94,32182.42,32845.0,37952113
2023-04-03 19:25:47,32845.0,34277.44,32592.53,33806.32,35884119
2023-04-04 19:25:47,33806.32,33937.93,33515.11,33611.0,9943976
2023-04-05 19:25:47,33611.0,33692.12,32835.14,33033.83,48130695
2023-04-06 19:25:47,33033.83,33447.04,32488.84,33161.82,48108538
2023-04-07 19:25:47,33161.82,34028.1,32727.51,33822.84,3311484
2023-04-08 19:25:47,33822.84,34712.85,33471.63,34390.07,5123481
2023-04-09 19:25:47,34390.07,34883.67,33487.11,33587.94,48050077
2023-04-10 19:25:47,33587.94,34036.69,33426.49,33653.82,10029838
2023-04-11 19:25:47,33653.82,34689.31,33472.18,34378.14,33892131
2023-04-12 19:25:47,34378.14,34901.32,33468.92,34001.72,24642451
2023-04-13 19:25:47,34001.72,35141.97,33914.08,34773.67,13468644
2023-04-14 19:25:47,34773.67,35467.79,33930.56,34451.47,21098223
2023-04-15 19:25:47,34451.47,35190.58,33914.96,35053.2,14596418
2023-04-16 19:25:47,35053.2,35335.3,34433.35,34663.57,27584114
2023-04-17 19:25:47,34663.57,34747.86,33982.91,34005.59,4297458
2023-04-18 19:25:47,34005.59,34837.69,33807.5,34635.36,6734596
2023-04-19 19:25:47,34635.36,35246.35,33884.87,34483.14,35343794
2023-04-20 19:25:47,34483.14,35008.61,33351.42,33804.0,3940678
2023-04-21 19:25:47,33804.0,34034.72,32552.47,32951.53,43598393
2023-04-22 19:25:47,32951.53,33315.26,32188.83,32435.7,12497407
2023-04-23 19:25:47,32435.7,32898.87,31453.1,31734.05,12818643
2023-04-24 19:25:47,31734.05,32008.59,30389.97,30851.32,30797210
2023-04-25 19:25:47,30851.32,31296.37,30552.97,30877.03,49817518
2023-04-26 19:25:47,30877.03,30968.89,30383.85,30870.66,49131727
2023-04-27 19:25:47,30870.66,31308.68,30321.63,30379.66,24146664
2023-04-28 19:25:47,30379.66,30803.12,29183.8,29646.22,14050854
2023-04-29 19:25:47,29646.22,29946.88,28473.14,28927.63,19880751
2023-04-30 19:25:47,28927.63,29200.5,28193.12,28407.81,31384782
2023-05-01 19:25:47,28407.81,29520.77,28229.83,29127.84,26557483
2023-05-02 19:25:47,29127.84,29365.17,28639.52,29326.81,3230023
2023-05-03 19:25:47,29326.81,29760.35,28897.12,29361.26,31655154
2023-05-04 19:25:47,29361.26,29546.44,28986.54,29033.9,4537676
2023-05-05 19:25:47,29033.9,29428.27,28775.46,29154.23,2395754
2023-05-06 19:25:47,29154.23,29293.71,28881.04,28956.83,43429102
2023-05-07 19:25:47,28956.83,29654.46,28921.68,29331.98,24237433
2023-05-08 19:25:47,29331.98,30436.37,28899.58,29930.29,47078991
2023-05-09 19:25:47,29930.29,30622.08,29398.56,30499.14,24656452
2023-05-10 19:25:47,30499.14,30547.08,30166.27,30354.43,24215277
2023-05-11 19:25:47,30354.43,30892.66,29876.51,30396.25,8496130
2023-05-12 19:25:47,30396.25,30766.99,29860.21,30350.45,39509305
2023-05-13 19:25:47,30350.45,30854.63,29485.25,29781.22,45323720
2023-05-14 19:25:47,29781.22,29963.38,29410.76,29493.89,2026208
2023-05-15 19:25:47,29493.89,30046.98,28646.9,29039.64,2732570
2023-05-16 19:25:47,29039.64,30176.64,28644.92,29710.62,25372572
2023-05-17 19:25:47,29710.62,30901.17,29331.51,30515.3,40350993
2023-05-18 19:25:47,30515.3,31240.52,30389.65,31171.81,13895855
2023-05-19 19:25:47,31171.81,31312.37,30575.09,30794.42,46966435
2023-05-20 19:25:47,30794.42,31444.89,30646.35,31013.93,5190037
2023-05-21 19:25:47,31013.93,31490.36,30122.08,30563.97,14080428
2023-05-22 19:25:47,30563.97,30870.32,30175.9,30309.53,40371889
2023-05-23 19:25:47,30309.53,30608.33,30270.63,30578.99,5222984
2023-05-24 19:25:47,30578.99,31039.26,30160.74,31030.77,22036901
2023-05-25 19:25:47,31030.77,32001.18,30653.76,31515.08,42415049
2023-05-26 19:25:47,31515.08,31776.78,31351.49,31427.95,25965227
2023-05-27 19:25:47,31427.95,31952.32,31159.09,31873.58,22690317
2023-05-28 19:25:47,31873.58,32378.98,31241.85,31670.06,32172651
2023-05-29 19:25:47,31670.06,32600.86,31623.2,32108.24,12355648
2023-05-30 19:25:47,32108.24,33269.38,31617.74,32757.73,6655323
2023-05-31 19:25:47,32757.73,34158.02,32607.83,33723.14,3715551
2023-06-01 19:25:47,33723.14,34216.56,32714.17,33297.57,14596179
2023-06-02 19:25:47,33297.57,33437.31,32517.07,32746.28,26713705
2023-06-03 19:25:47,32746.28,33172.97,31465.05,31768.14,36234928
2023-06-04 19:25:47,31768.14,32353.0,30649.8,30856.9,42872240
2023-06-05 19:25:47,30856.9,31729.01,30684.41,31423.62,30104937
2023-06-06 19:25:47,31423.62,32576.34,31236.27,32177.72,45071147
2023-06-07 19:25:47,32177.72,32948.22,31741.29,32390.36,3660781
2023-06-08 19:25:47,32390.36,33000.61,32041.42,32695.19,46919504
2023-06-09 19:25:47,32695.19,33127.29,32293.77,32555.37,18604923
2023-06-10 19:25:47,32555.37,32683.98,32065.32,32460.42,4472581
2023-06-11 19:25:47,32460.42,33037.35,32030.02,32450.79,11406066
2023-06-12 19:25:47,32450.79,33302.67,32050.5,32844.94,7053074
2023-06-13 19:25:47,32844.94,34025.87,32385.44,33708.81,35574351
2023-06-14 19:25:47,33708.81,34817.86,33249.06,34634.03,46685228
2023-06-15 19:25:47,34634.03,35086.96,34538.65,34887.4,15508050
2023-06-16 19:25:47,34887.4,35023.38,34184.85,34613.99,27070342
2023-06-17 19:25:47,34613.99,34994.14,33532.94,34000.17,1050059
2023-06-18 19:25:47,34000.17,35201.55,33415.36,34704.12,6950644
2023-06-19 19:25:47,34704.12,35067.92,34264.16,34760.68,21589910
2023-06-20 19:25:47,34760.68,35076.58,34646.62,34720.79,46272738
2023-06-21 19:25:47,34720.79,35139.83,33618.16,33975.61,31892109
2023-06-22 19:25:47,33975.61,34023.48,32931.29,33574.07,40439368
2023-06-23 19:25:47,33574.07,34660.82,33044.37,34563.57,40567192
2023-06-24 19:25:47,34563.57,35794.97,34111.7,35313.28,47922175
2023-06-25 19:25:47,35313.28,35603.79,34960.55,35108.86,12849563
2023-06-26 19:25:47,35108.86,35675.85,34647.45,35502.4,32726556
2023-06-27 19:25:47,35502.4,35977.95,34058.32,34714.23,9023965
2023-06-28 19:25:47,34714.23,34971.81,34333.93,34719.94,21059897
2023-06-29 19:25:47,34719.94,34983.84,33534.72,34218.83,48054328
2023-06-30 19:25:47,34218.83,34508.96,34005.79,34149.43,37601794
2023-07-01 19:25:47,34149.43,34496.92,33431.54,33534.99,45472858
2023-07-02 19:25:47,33534.99,34085.57,32370.73,32761.29,26667605
2023-07-03 19:25:47,32761.29,33154.87,31783.32,32334.12,26676118
2023-07-04 19:25:47,32334.12,32948.25,31328.81,31851.03,11839619
2023-07-05 19:25:47,31851.03,32138.7,31530.87,31765.83,5842174
2023-07-06 19:25:47,31765.83,31783.05,31084.59,31713.03,38398825
2023-07-07 19:25:47,31713.03,31860.22,30897.32,31515.03,42809820
2023-07-08 19:25:47,31515.03,31925.62,31260.99,31667.96,11292470
2023-07-09 19:25:47,31667.96,32018.66,31214.74,31592.58,34739635
2023-07-10 19:25:47,31592.58,32812.03,31147.99,32336.5,20298242
2023-07-11 19:25:47,32336.5,33612.85,31901.33,33135.49,4229175
2023-07-12 19:25:47,33135.49,33706.03,32239.18,32611.51,26511575
2023-07-13 19:25:47,32611.51,32921.67,32148.81,32333.98,22320739
2023-07-14 19:25:47,32333.98,33085.51,31866.84,32999.01,9670080
2023-07-15 19:25:47,32999.01,33056.82,32547.61,32840.94,8972186
2023-07-16 19:25:47,32840.94,33920.87,32614.07,33331.41,17944055
2023-07-17 19:25:47,33331.41,33948.55,32798.63,32809.96,1138239
2023-07-18 19:25:47,32809.96,33207.21,32466.59,32804.45,46404512
2023-07-19 19:25:47,32804.45,33770.96,32494.07,33605.53,11429411
2023-07-20 19:25:47,33605.53,34658.51,32956.2,34006.31,23580281
2023-07-21 19:25:47,34006.31,34391.26,33665.04,34283.83,3849021
2023-07-22 19:25:47,34283.83,35428.75,33664.27,34861.26,37684671
2023-07-23 19:25:47,34861.26,34939.47,34405.6,34451.65,2631286
2023-07-24 19:25:47,34451.65,35268.02,34346.21,35031.36,42193106
2023-07-25 19:25:47,35031.36,36175.36,34722.94,35790.44,19251821
2023-07-26 19:25:47,35790.44,36348.52,35354.65,35366.25,23182057
2023-07-27 19:25:47,35366.25,35427.0,33886.61,34440.37,26598775
2023-07-28 19:25:47,34440.37,34701.1,33456.82,33672.11,18479142
2023-07-29 19:25:47,33672.11,34655.47,33499.56,34227.75,20748587
2023-07-30 19:25:47,34227.75,35295.45,34055.93,34760.73,29757318
2023-07-31 19:25:47,34760.73,36329.83,34148.74,35687.68,35816810
2023-08-01 19:25:47,35687.68,35872.12,34773.99,35318.47,1672676
2023-08-02 19:25:47,35318.47,35728.18,33997.37,34543.95,40999596
2023-08-03 19:25:47,34543.95,35190.25,33557.15,34191.01,48335443
2023-08-04 19:25:47,34191.01,34398.74,33609.0,33983.46,34483123
2023-08-05 19:25:47,33983.46,34367.87,33304.59,33736.41,40533518
2023-08-06 19:25:47,33736.41,33863.5,32746.51,33366.12,35166751
2023-08-07 19:25:47,33366.12,33521.25,32879.56,32884.74,25217484
2023-08-08 19:25:47,32884.74,33940.08,32435.3,33596.83,29897838
2023-08-09 19:25:47,33596.83,33755.98,33081.14,33674.01,31205789
2023-08-10 19:25:47,33674.01,33750.77,33299.86,33379.11,10243782
2023-08-11 19:25:47,33379.11,33783.81,32431.97,32761.28,2077572
2023-08-12 19:25:47,32761.28,33279.8,32644.79,32729.44,45592205
2023-08-13 19:25:47,32729.44,33077.05,32616.3,32906.1,46398920
2023-08-14 19:25:47,32906.1,33876.99,32675.38,33682.18,13830138
2023-08-15 19:25:47,33682.18,33842.42,32609.37,32902.35,15535375
2023-08-16 19:25:47,32902.35,32974.26,31874.43,32042.32,41808346
2023-08-17 19:25:47,32042.32,32492.48,31473.46,31831.68,30969384
2023-08-18 19:25:47,31831.68,32033.36,30526.78,30945.89,22741970
2023-08-19 19:25:47,30945.89,31077.58,30555.44,30614.24,3482708
2023-08-20 19:25:47,30614.24,31653.92,30290.54,31089.44,45567795
2023-08-21 19:25:47,31089.44,31401.26,30656.66,31145.27,41502707
2023-08-22 19:25:47,31145.27,31847.17,30992.41,31232.66,49831838
2023-08-23 19:25:47,31232.66,31573.51,30131.57,30730.25,3210435
2023-08-24 19:25:47,30730.25,31072.66,30371.69,30500.39,20692884
2023-08-25 19:25:47,30500.39,30915.57,30412.4,30805.89,37503747
2023-08-26 19:25:47,30805.89,31351.3,30248.27,30965.71,23784441
2023-08-27 19:25:47,30965.71,31227.94,30083.83,30343.15,4596675
2023-08-28 19:25:47,30343.15,31192.76,30176.61,30956.43,4255761
2023-08-29 19:25:47,30956.43,31275.85,30346.81,30947.38,31940242
2023-08-30 19:25:47,30947.38,30999.39,29725.78,30275.42,44281122
2023-08-31 19:25:47,30275.42,30557.15,29472.7,29574.24,36246938
2023-09-01 19:25:47,29574.24,29978.69,28262.91,28732.6,16651019
2023-09-02 19:25:47,28732.6,28841.66,27948.3,28335.62,13480243
2023-09-03 19:25:47,28335.62,28593.09,27502.75,27891.99,40055108
2023-09-04 19:25:47,27891.99,28026.2,27766.12,27912.32,39429210
2023-09-05 19:25:47,27912.32,28906.5,27462.91,28630.96,22438779
2023-09-06 19:25:47,28630.96,29027.32,28165.16,28520.53,25212814
2023-09-07 19:25:47,28520.53,29908.65,28011.23,29347.47,17783307
2023-09-08 19:25:47,29347.47,29493.01,28582.59,28788.64,18786110
2023-09-09 19:25:47,28788.64,29580.66,28284.49,29217.39,39318504
2023-09-10 19:25:47,29217.39,30463.55,28668.53,29985.14,24119590
2023-09-11 19:25:47,29985.14,30872.06,29479.66,30774.57,10323460
2023-09-12 19:25:47,30774.57,31306.3,29641.3,30160.09,22585433
2023-09-13 19:25:47,30160.09,30767.91,30143.55,30311.54,7411441
2023-09-14 19:25:47,30311.54,31518.93,30251.36,30921.14,5788309
2023-09-15 19:25:47,30921.14,30944.63,29530.36,30085.36,31089754
2023-09-16 19:25:47,30085.36,30243.94,28891.72,29354.76,23094522
2023-09-17 19:25:47,29354.76,29836.74,28877.86,29297.41,47115903
2023-09-18 19:25:47,29297.41,29464.02,28725.49,28896.89,12177687
2023-09-19 19:25:47,28896.89,29656.5,28709.24,29168.65,25948121
2023-09-20 19:25:47,29168.65,30209.72,29101.03,29654.79,10313164
2023-09-21 19:25:47,29654.79,30503.51,29159.59,30348.66,44371336
2023-09-22 19:25:47,30348.66,30875.34,29365.66,29813.42,37977996
2023-09-23 19:25:47,29813.42,30968.86,29414.07,30369.23,36598565
2023-09-24 19:25:47,30369.23,30413.25,29432.37,29616.67,1634404
2023-09-25 19:25:47,29616.67,30497.99,29577.05,30471.19,6977450
2023-09-26 19:25:47,30471.19,30738.22,29576.14,30124.16,11821889
2023-09-27 19:25:47,30124.16,30924.41,29632.01,30553.56,2178992
2023-09-28 19:25:47,30553.56,30963.69,29268.21,29794.12,20596672
2023-09-29 19:25:47,29794.12,30563.28,29653.65,30100.44,20674340
2023-09-30 19:25:47,30100.44,30558.77,29138.9,29242.49,30657584
2023-10-01 19:25:47,29242.49,30415.47,29166.35,30094.27,19045831
2023-10-02 19:25:47,30094.27,31018.2,29861.17,30936.78,14402607
2023-10-03 19:25:47,30936.78,31427.41,29551.46,30116.85,27043921
2023-10-04 19:25:47,30116.85,30794.06,30063.92,30622.72,7124589
2023-10-05 19:25:47,30622.72,30983.01,30490.34,30583.68,27577231
2023-10-06 19:25:47,30583.68,30865.58,29635.32,29814.16,32398860
2023-10-07 19:25:47,29814.16,30656.91,29505.8,30332.53,42078695
2023-10-08 19:25:47,30332.53,31166.47,30161.81,30959.87,10547687
2023-10-09 19:25:47,30959.87,31532.24,30243.23,30736.21,2709636
2023-10-10 19:25:47,30736.21,31135.81,30700.98,30922.61,21404858
2023-10-11 19:25:47,30922.61,31428.48,30488.79,31334.63,1798710
2023-10-12 19:25:47,31334.63,32291.71,31234.12,32033.09,4722147
2023-10-13 19:25:47,32033.09,33199.94,31525.54,32786.57,14485964
2023-10-14 19:25:47,32786.57,33455.4,32153.32,33331.13,27736990
2023-10-15 19:25:47,33331.13,33332.75,33026.49,33198.37,24298469
2023-10-16 19:25:47,33198.37,33241.83,32133.7,32637.77,23607287
2023-10-17 19:25:47,32637.77,33321.39,32625.75,33192.15,1284922
2023-10-18 19:25:47,33192.15,34351.46,32811.3,34078.5,10650829
2023-10-19 19:25:47,34078.5,34222.48,33347.89,33812.61,46907586
2023-10-20 19:25:47,33812.61,34126.74,32695.06,32840.29,13170164
2023-10-21 19:25:47,32840.29,33147.92,32207.24,32820.3,12144757
2023-10-22 19:25:47,32820.3,33316.67,32741.77,32956.02,32308017
2023-10-23 19:25:47,32956.02,33192.43,32354.28,32684.82,41980735
2023-10-24 19:25:47,32684.82,33065.41,31969.6,32536.65,16487139
2023-10-25 19:25:47,32536.65,33032.28,31534.1,31676.19,4895823
2023-10-26 19:25:47,31676.19,31692.57,30382.76,30757.09,16327832
2023-10-27 19:25:47,30757.09,31523.06,30434.97,31429.26,12306507
2023-10-28 19:25:47,31429.26,31914.15,30896.16,31348.44,47185281
2023-10-29 19:25:47,31348.44,31925.99,31254.33,31577.69,38235134
2023-10-30 19:25:47,31577.69,32881.0,31345.94,32327.21,14435141
2023-10-31 19:25:47,32327.21,32681.48,32001.88,32472.59,48043754
2023-11-01 19:25:47,32472.59,32488.72,31762.91,32168.6,22784904
2023-11-02 19:25:47,32168.6,32675.05,31596.0,32219.47,8563769
2023-11-03 19:25:47,32219.47,32812.9,31663.35,32375.13,48455892
2023-11-04 19:25:47,32375.13,33214.27,32023.32,33134.9,46733083
2023-11-05 19:25:47,33134.9,34402.66,32975.27,33915.37,31417819
2023-11-06 19:25:47,33915.37,34810.22,33488.8,34234.22,29653661
2023-11-07 19:25:47,34234.22,34447.52,33475.39,33787.24,29995040
2023-11-08 19:25:47,33787.24,35084.01,33403.62,34462.92,36526773
2023-11-09 19:25:47,34462.92,35658.05,34349.54,34991.54,2910295
2023-11-10 19:25:47,34991.54,35646.16,33917.22,34103.48,42147266
2023-11-11 19:25:47,34103.48,34264.46,32980.79,33110.74,42318362
2023-11-12 19:25:47,33110.74,33365.17,32257.04,32598.48,14152999
2023-11-13 19:25:47,32598.48,32817.14,32079.74,32122.11,39754703
2023-11-14 19:25:47,32122.11,32269.86,31063.95,31386.71,36268532
2023-11-15 19:25:47,31386.71,31870.05,30721.36,30932.26,47257023
2023-11-16 19:25:47,30932.26,31815.26,30891.76,31711.95,24207383
2023-11-17 19:25:47,31711.95,31974.16,30456.31,30768.61,11512742
2023-11-18 19:25:47,30768.61,31289.25,29828.59,30271.01,3753822
2023-11-19 19:25:47,30271.01,30441.5,29767.82,30081.07,46382249
2023-11-20 19:25:47,30081.07,30891.93,29841.5,30557.38,27784926
2023-11-21 19:25:47,30557.38,31555.67,30162.41,31294.85,35964165
2023-11-22 19:25:47,31294.85,31473.51,31108.02,31300.88,43603001
2023-11-23 19:25:47,31300.88,31601.7,30999.29,31161.05,47021324
2023-11-24 19:25:47,31161.05,31395.59,30382.72,30492.8,20475987
2023-11-25 19:25:47,30492.8,31162.21,30259.69,30783.45,46304143
2023-11-26 19:25:47,30783.45,31201.39,29871.48,30292.66,7148084
2023-11-27 19:25:47,30292.66,30770.63,29311.09,29825.7,21821773
2023-11-28 19:25:47,29825.7,30307.94,28805.7,29047.38,8559621
2023-11-29 19:25:47,29047.38,29248.43,28436.4,28697.01,34885057
2023-11-30 19:25:47,28697.01,28801.83,27509.19,27980.24,11636417
2023-12-01 19:25:47,27980.24,28392.01,26979.57,27507.81,41201444
2023-12-02 19:25:47,27507.81,28127.99,27030.37,27607.24,11568470
2023-12-03 19:25:47,27607.24,27725.83,27188.12,27270.05,31989998
2023-12-04 19:25:47,27270.05,28149.09,27130.62,27646.38,11359973
2023-12-05 19:25:47,27646.38,27688.54,27336.54,27554.99,35973918
2023-12-06 19:25:47,27554.99,28746.25,27422.21,28344.74,26875321
2023-12-07 19:25:47,28344.74,28453.86,27379.13,27653.12,11967150
2023-12-08 19:25:47,27653.12,27999.67,27036.05,27054.2,17295477
2023-12-09 19:25:47,27054.2,27778.62,26696.31,27391.26,5011727
2023-12-10 19:25:47,27391.26,27489.23,26894.46,26965.76,21192157
2023-12-11 19:25:47,26965.76,27100.88,26746.9,26940.74,35953351
2023-12-12 19:25:47,26940.74,27548.48,26475.12,27371.8,11149162
2023-12-13 19:25:47,27371.8,28110.04,27355.19,28010.55,35475050
2023-12-14 19:25:47,28010.55,28411.63,27492.76,27674.12,19427189
2023-12-15 19:25:47,27674.12,28035.71,26499.01,26973.14,28759646
2023-12-16 19:25:47,26973.14,27743.49,26899.97,27483.27,30555702
2023-12-17 19:25:47,27483.27,28632.34,27082.29,28080.64,17072315
2023-12-18 19:25:47,28080.64,28209.63,27885.21,28046.48,28917363
2023-12-19 19:25:47,28046.48,28694.4,27839.08,28167.79,4890830
2023-12-20 19:25:47,28167.79,28475.07,27779.74,28365.36,4911441
2023-12-21 19:25:47,28365.36,29200.3,27851.45,29157.2,15076875
2023-12-22 19:25:47,29157.2,29445.65,28662.24,29390.96,2173733
2023-12-23 19:25:47,29390.96,30141.96,28864.21,29632.54,16764158
2023-12-24 19:25:47,29632.54,29695.26,29221.88,29262.0,12538652
2023-12-25 19:25:47,29262.0,29528.95,28291.36,28739.5,27963277
2023-12-26 19:25:47,28739.5,29275.0,27844.87,28074.6,31916547
2023-12-27 19:25:47,28074.6,28141.81,27522.92,27985.23,42463945
2023-12-28 19:25:47,27985.23,28386.95,27560.39,27782.39,44331376
2023-12-29 19:25:47,27782.39,28421.02,27476.85,27969.74,29229970
2023-12-30 19:25:47,27969.74,27976.34,27851.64,27971.39,8250646
2023-12-31 19:25:47,27971.39,28589.14,27482.72,28326.26,19342024
2024-01-01 19:25:47,28326.26,29115.76,27772.08,28560.44,21426644
2024-01-02 19:25:47,28560.44,29189.8,28209.31,28911.84,29101230
2024-01-03 19:25:47,28911.84,29374.57,27644.79,28119.54,24591493
2024-01-04 19:25:47,28119.54,28193.14,27207.53,27282.18,4205470
2024-01-05 19:25:47,27282.18,28247.6,27137.22,28067.78,27859868
2024-01-06 19:25:47,28067.78,28314.23,27523.39,28173.74,41174594
2024-01-07 19:25:47,28173.74,29493.84,27843.0,28992.03,46994425
2024-01-08 19:25:47,28992.03,29647.86,28577.29,29306.22,10447990
2024-01-09 19:25:47,29306.22,30045.08,28939.38,29685.79,34476734
2024-01-10 19:25:47,29685.79,30631.0,29293.22,30283.13,37711150
2024-01-11 19:25:47,30283.13,30379.71,28884.34,29436.06,30411464
2024-01-12 19:25:47,29436.06,29770.03,28623.37,29200.61,14883361
2024-01-13 19:25:47,29200.61,29637.3,28627.68,28908.9,9140703
2024-01-14 19:25:47,28908.9,29375.14,28031.48,28146.09,12264868
2024-01-15 19:25:47,28146.09,28283.75,27355.22,27741.06,14944648
2024-01-16 19:25:47,27741.06,28017.2,27602.27,27642.91,29265947
2024-01-17 19:25:47,27642.91,27937.38,26539.73,27071.53,4580555
2024-01-18 19:25:47,27071.53,28043.85,26855.4,27524.91,46714293
2024-01-19 19:25:47,27524.91,27934.16,27288.06,27748.73,28720819
2024-01-20 19:25:47,27748.73,28083.34,27539.18,27564.56,4995800
2024-01-21 19:25:47,27564.56,27883.11,26828.12,27338.23,10208231
2024-01-22 19:25:47,27338.23,28214.74,27086.39,27761.6,8422493
2024-01-23 19:25:47,27761.6,28192.55,27598.33,28060.42,16475833
2024-01-24 19:25:47,28060.42,28761.39,27887.09,28715.5,9693743
2024-01-25 19:25:47,28715.5,28728.09,28057.24,28090.87,42443662
2024-01-26 19:25:47,28090.87,28619.62,27960.88,28041.91,17828824
2024-01-27 19:25:47,28041.91,28424.02,27513.63,27600.1,25026872
2024-01-28 19:25:47,27600.1,27810.18,27580.64,27588.72,31843332
2024-01-29 19:25:47,27588.72,28248.55,27314.26,28191.79,43837269
2024-01-30 19:25:47,28191.79,28639.8,27974.22,28283.54,22126573
2024-01-31 19:25:47,28283.54,28929.45,28004.62,28418.78,9077457
2024-02-01 19:25:47,28418.78,29532.26,28318.83,29024.49,2929286
2024-02-02 19:25:47,29024.49,29637.56,28789.58,29297.93,35930789
2024-02-03 19:25:47,29297.93,29974.41,28940.66,29503.97,5187294
2024-02-04 19:25:47,29503.97,29679.2,28833.78,29359.61,23928789
2024-02-05 19:25:47,29359.61,30026.84,29190.58,29595.98,17872863
2024-02-06 19:25:47,29595.98,30672.77,29517.11,30313.03,22123661
2024-02-07 19:25:47,30313.03,30752.86,29808.42,30380.24,41093503
2024-02-08 19:25:47,30380.24,31817.55,30179.66,31208.8,38035590
2024-02-09 19:25:47,31208.8,31517.24,30674.78,31339.47,46184792
2024-02-10 19:25:47,31339.47,31523.19,30970.97,31158.82,24419699
2024-02-11 19:25:47,31158.82,31693.81,30794.78,31273.33,5381689
2024-02-12 19:25:47,31273.33,32287.84,30936.47,31721.68,31422504
2024-02-13 19:25:47,31721.68,32195.84,30746.67,31199.43,10428693
2024-02-14 19:25:47,31199.43,32101.3,30833.01,31638.98,23789895
2024-02-15 19:25:47,31638.98,31822.93,30727.04,31201.92,27787600
2024-02-16 19:25:47,31201.92,32238.41,30884.53,31920.75,43513823
2024-02-17 19:25:47,31920.75,33430.45,31315.07,32851.65,21989099
2024-02-18 19:25:47,32851.65,32890.61,31486.78,31999.12,16081442
2024-02-19 19:25:47,31999.12,33355.66,31616.65,32714.24,45284481
2024-02-20 19:25:47,32714.24,33405.99,32071.64,32784.6,49576539
2024-02-21 19:25:47,32784.6,32904.27,31975.06,32412.76,26989787
2024-02-22 19:25:47,32412.76,33272.42,32356.04,32783.81,43789732
2024-02-23 19:25:47,32783.81,33076.47,32253.47,32652.99,30345245
2024-02-24 19:25:47,32652.99,32705.4,31658.83,32121.15,25430769
2024-02-25 19:25:47,32121.15,32211.52,31137.94,31264.97,25213746
2024-02-26 19:25:47,31264.97,31602.05,30487.46,30624.95,49831589
2024-02-27 19:25:47,30624.95,31153.5,29937.78,29962.52,15595374
2024-02-28 19:25:47,29962.52,30260.18,29569.32,29732.96,10198760
2024-02-29 19:25:47,29732.96,30676.73,29651.67,30528.33,18153154
2024-03-01 19:25:47,30528.33,31020.38,29657.28,30009.22,19177593
2024-03-02 19:25:47,30009.22,31013.08,29478.96,30520.66,8767295
2024-03-03 19:25:47,30520.66,31134.18,30110.94,30811.98,16897588
2024-03-04 19:25:47,30811.98,31515.09,30558.83,31083.28,30912674
2024-03-05 19:25:47,31083.28,31476.1,30802.93,31099.57,16478201
2024-03-06 19:25:47,31099.57,32229.56,30863.24,31703.39,32917258
2024-03-07 19:25:47,31703.39,32027.58,30917.14,31195.5,4899311
2024-03-08 19:25:47,31195.5,31317.3,30856.48,31185.39,19233551
2024-03-09 19:25:47,31185.39,31788.54,30443.91,31023.63,48802209
2024-03-10 19:25:47,31023.63,31523.17,30568.51,31329.28,10966945
2024-03-11 19:25:47,31329.28,31526.25,30413.41,30825.06,37597052
2024-03-12 19:25:47,30825.06,31597.81,30776.65,31311.42,49108403
2024-03-13 19:25:47,31311.42,31659.31,31208.26,31487.48,47062659
2024-03-14 19:25:47,31487.48,31778.25,30643.23,31116.95,34909936
2024-03-15 19:25:47,31116.95,31169.83,30662.92,30680.04,17738755
2024-03-16 19:25:47,30680.04,31201.8,30145.89,30208.55,35720282
2024-03-17 19:25:47,30208.55,30375.67,29535.88,29966.31,13605564
2024-03-18 19:25:47,29966.31,30074.71,29153.32,29432.48,20230267
2024-03-19 19:25:47,29432.48,30694.56,29186.37,30194.93,19830229
2024-03-20 19:25:47,30194.93,30652.07,29943.4,29975.06,28309756
2024-03-21 19:25:47,29975.06,30443.35,29075.17,29583.88,38586912
2024-03-22 19:25:47,29583.88,29869.22,29358.78,29606.62,11190765
2024-03-23 19:25:47,29606.62,29917.3,29133.81,29390.33,12929464
2024-03-24 19:25:47,29390.33,30267.08,29264.97,30085.53,31018516
2024-03-25 19:25:47,30085.53,30628.83,29587.74,29810.92,10073259
2024-03-26 19:25:47,29810.92,30213.87,29314.24,29778.28,29445964
2024-03-27 19:25:47,29778.28,30608.82,29392.46,30151.69,10794177
2024-03-28 19:25:47,30151.69,30640.56,29307.68,29324.55,14776400
2024-03-29 19:25:47,29324.55,29974.03,29199.69,29890.65,44234354
2024-03-30 19:25:47,29890.65,31236.79,29628.19,30677.07,16961832
2024-03-31 19:25:47,30677.07,30773.63,30272.25,30407.87,33237311
2024-04-01 19:25:47,30407.87,31037.59,29860.15,30744.13,48829906
2024-04-02 19:25:47,30744.13,31015.02,29718.37,30275.4,21067628
2024-04-03 19:25:47,30275.4,31285.57,30188.91,31067.77,29193116
2024-04-04 19:25:47,31067.77,32140.32,30683.85,31620.18,6023896
2024-04-05 19:25:47,31620.18,31735.77,31209.7,31440.82,1984141
2024-04-06 19:25:47,31440.82,32020.55,30842.35,31375.88,45582860
2024-04-07 19:25:47,31375.88,31893.12,30155.25,30565.16,8845210
2024-04-08 19:25:47,30565.16,30661.73,29760.38,29987.8,46688097
2024-04-09 19:25:47,29987.8,30569.13,29193.76,29249.99,41210722
2024-04-10 19:25:47,29249.99,29258.77,28444.03,28692.87,23211417
2024-04-11 19:25:47,28692.87,28987.43,28164.05,28630.46,36007593
2024-04-12 19:25:47,28630.46,29353.59,28184.09,29010.01,8583319
2024-04-13 19:25:47,29010.01,29801.29,29008.15,29399.54,34016868
2024-04-14 19:25:47,29399.54,29776.08,28295.74,28763.74,40127650
2024-04-15 19:25:47,28763.74,29200.97,27783.85,27955.97,7133157
2024-04-16 19:25:47,27955.97,28268.07,27779.86,27795.7,40058814
2024-04-17 19:25:47,27795.7,29004.44,27757.76,28557.76,20193670
2024-04-18 19:25:47,28557.76,29235.62,28007.85,28985.85,37121801
2024-04-19 19:25:47,28985.85,29699.82,28505.91,29131.5,43508822
2024-04-20 19:25:47,29131.5,29942.37,29111.02,29453.6,28189297
2024-04-21 19:25:47,29453.6,29585.55,28852.32,28955.2,30119339
2024-04-22 19:25:47,28955.2,29271.67,28521.92,29137.61,43426310
2024-04-23 19:25:47,29137.61,29474.72,28122.4,28369.51,30649668
2024-04-24 19:25:47,28369.51,28622.97,27874.9,28337.27,18565564
2024-04-25 19:25:47,28337.27,28907.93,27858.32,28672.8,26638766
2024-04-26 19:25:47,28672.8,28724.23,27774.76,27907.58,18990573
2024-04-27 19:25:47,27907.58,28154.22,27802.81,27935.03,16578676
2024-04-28 19:25:47,27935.03,28391.01,27859.91,28016.73,5688757
2024-04-29 19:25:47,28016.73,28897.09,27821.74,28509.87,2129638
2024-04-30 19:25:47,28509.87,29421.72,28137.79,29364.41,15944915
2024-05-01 19:25:47,29364.41,29388.14,28614.96,28657.44,10616836
2024-05-02 19:25:47,28657.44,29682.81,28470.37,29243.41,24143986
2024-05-03 19:25:47,29243.41,29882.08,29164.31,29704.12,43195001
2024-05-04 19:25:47,29704.12,30225.08,29648.23,29758.23,43687927
2024-05-05 19:25:47,29758.23,29988.55,29135.19,29431.34,35693412
2024-05-06 19:25:47,29431.34,29941.46,29017.69,29875.99,44193203
2024-05-07 19:25:47,29875.99,30401.07,28994.5,29377.45,26410103
2024-05-08 19:25:47,29377.45,29723.3,28434.47,28891.96,44689844
2024-05-09 19:25:47,28891.96,29305.67,28737.42,28748.85,7390310
2024-05-10 19:25:47,28748.85,29507.12,28356.85,29477.68,1139995
2024-05-11 19:25:47,29477.68,29927.07,29360.87,29633.51,32323157
2024-05-12 19:25:47,29633.51,30211.23,28606.65,28942.06,17610801
2024-05-13 19:25:47,28942.06,29089.73,28726.16,28856.32,12138334
2024-05-14 19:25:47,28856.32,29417.98,28475.62,28767.98,17488861
2024-05-15 19:25:47,28767.98,29104.39,27784.75,28182.64,2528748
2024-05-16 19:25:47,28182.64,28219.81,27762.43,27813.23,25046945
2024-05-17 19:25:47,27813.23,28253.46,27138.34,27219.55,33256916
2024-05-18 19:25:47,27219.55,27428.08,26458.84,26864.05,31150545
2024-05-19 19:25:47,26864.05,27556.03,26340.5,27252.7,24708462
2024-05-20 19:25:47,27252.7,27635.92,27084.78,27546.43,47164442
2024-05-21 19:25:47,27546.43,27823.51,27388.42,27651.52,42048378
2024-05-22 19:25:47,27651.52,28188.46,26753.21,26838.58,1826925
2024-05-23 19:25:47,26838.58,27547.25,26540.27,27221.28,24834093
2024-05-24 19:25:47,27221.28,27637.49,26503.93,26932.31,15708685
2024-05-25 19:25:47,26932.31,27279.48,26030.43,26135.48,4593655
2024-05-26 19:25:47,26135.48,26316.7,25686.89,25877.58,8223551
2024-05-27 19:25:47,25877.58,26523.21,25601.02,26462.98,3687992
2024-05-28 19:25:47,26462.98,27042.8,26292.68,26678.59,20611718
2024-05-29 19:25:47,26678.59,27306.11,26199.72,26850.23,9150497
2024-05-30 19:25:47,26850.23,27244.97,26520.44,26932.19,43883628
2024-05-31 19:25:47,26932.19,27073.88,26632.92,26988.9,3503974
2024-06-01 19:25:47,26988.9,27001.08,26727.78,26908.36,23301747
2024-06-02 19:25:47,26908.36,27105.2,26257.37,26335.99,25013616
2024-06-03 19:25:47,26335.99,26466.98,26010.87,26282.65,3559697
2024-06-04 19:25:47,26282.65,27183.19,26156.74,26866.27,22562627
2024-06-05 19:25:47,26866.27,27380.1,26464.82,27009.22,12230097
2024-06-06 19:25:47,27009.22,27619.13,26903.3,27613.01,7645599
2024-06-07 19:25:47,27613.01,28305.55,27425.48,28137.08,18584683
2024-06-08 19:25:47,28137.08,28380.51,27893.41,28041.34,3967072
2024-06-09 19:25:47,28041.34,28200.58,27733.14,28014.7,45939678
2024-06-10 19:25:47,28014.7,28767.43,27518.92,28219.21,29823796
2024-06-11 19:25:47,28219.21,28499.29,27012.44,27411.88,46073994
2024-06-12 19:25:47,27411.88,27906.19,26746.8,27068.15,8890663
2024-06-13 19:25:47,27068.15,27815.37,26742.46,27544.14,24296174
2024-06-14 19:25:47,27544.14,27709.64,26983.4,27287.01,1234439
2024-06-15 19:25:47,27287.01,27982.54,26905.19,27817.51,11645311
2024-06-16 19:25:47,27817.51,27895.77,27175.59,27614.15,19438786
2024-06-17 19:25:47,27614.15,28822.87,27548.17,28358.91,12073740
2024-06-18 19:25:47,28358.91,29403.89,27911.66,29205.75,27871571
2024-06-19 19:25:47,29205.75,30341.27,29122.71,29859.67,33968411
2024-06-20 19:25:47,29859.67,30022.22,29548.26,29839.45,6240634
2024-06-21 19:25:47,29839.45,29924.88,29186.99,29447.72,18585474
2024-06-22 19:25:47,29447.72,29849.04,29184.53,29692.32,31112625
2024-06-23 19:25:47,29692.32,30028.58,29253.96,29330.24,47511539
2024-06-24 19:25:47,29330.24,29971.63,28934.45,29657.66,33783130
2024-06-25 19:25:47,29657.66,30726.13,29590.59,30352.11,49663940
2024-06-26 19:25:47,30352.11,31150.64,29818.05,31049.47,26438024
2024-06-27 19:25:47,31049.47,32380.6,30813.69,31872.56,33456957
2024-06-28 19:25:47,31872.56,32416.38,31835.58,32242.46,44684055
2024-06-29 19:25:47,32242.46,32263.68,31272.83,31296.9,22645387
2024-06-30 19:25:47,31296.9,32332.6,30784.68,32221.3,22771689
2024-07-01 19:25:47,32221.3,33815.22,31929.68,33152.23,2859203
2024-07-02 19:25:47,33152.23,34126.18,33050.93,34058.11,18718024
2024-07-03 19:25:47,34058.11,34906.58,33587.35,34481.99,3329365
2024-07-04 19:25:47,34481.99,34843.76,33293.78,33883.44,8364311
2024-07-05 19:25:47,33883.44,35013.37,33310.52,34623.22,17155556
2024-07-06 19:25:47,34623.22,35696.22,34542.69,35517.08,7764073
2024-07-07 19:25:47,35517.08,35865.53,35014.78,35779.79,16380417
2024-07-08 19:25:47,35779.79,35887.04,35421.29,35605.3,35314099
2024-07-09 19:25:47,35605.3,36045.77,35181.34,35755.38,22515764
2024-07-10 19:25:47,35755.38,36325.57,35612.26,35849.07,44067165
2024-07-11 19:25:47,35849.07,36233.08,35162.93,35283.16,6891079
2024-07-12 19:25:47,35283.16,35939.42,34953.18,35535.54,35730937
2024-07-13 19:25:47,35535.54,35679.31,35138.46,35214.83,12845441
2024-07-14 19:25:47,35214.83,35800.35,34371.67,34732.74,8692720
2024-07-15 19:25:47,34732.74,35103.26,34167.35,34915.68,35480555
2024-07-16 19:25:47,34915.68,34963.06,34259.36,34619.9,18137017
2024-07-17 19:25:47,34619.9,34877.69,34083.72,34713.28,46173509
2024-07-18 19:25:47,34713.28,35247.79,33673.9,34310.35,24545820
2024-07-19 19:25:47,34310.35,35874.35,34128.51,35298.63,38541862
2024-07-20 19:25:47,35298.63,35928.07,35160.69,35340.14,37287297
2024-07-21 19:25:47,35340.14,36122.16,35309.61,35887.16,20566380
2024-07-22 19:25:47,35887.16,36855.38,35529.41,36469.79,4226630
2024-07-23 19:25:47,36469.79,36632.83,35311.3,35556.88,19046222
2024-07-24 19:25:47,35556.88,35601.13,34164.66,34515.99,30030081
2024-07-25 19:25:47,34515.99,34746.86,33985.37,34133.69,42160533
2024-07-26 19:25:47,34133.69,34668.28,33602.01,34049.28,41995263
2024-07-27 19:25:47,34049.28,34303.69,32985.5,33513.52,6788307
2024-07-28 19:25:47,33513.52,33725.73,32495.68,32936.54,43552689
2024-07-29 19:25:47,32936.54,33435.29,32786.33,33210.4,41207762
2024-07-30 19:25:47,33210.4,33885.36,32717.73,33497.53,48194412
2024-07-31 19:25:47,33497.53,34226.62,32988.35,33860.45,13949886
2024-08-01 19:25:47,33860.45,34161.51,33586.31,34132.32,47777424
2024-08-02 19:25:47,34132.32,35184.34,33564.15,35060.63,27579056
2024-08-03 19:25:47,35060.63,35742.96,34327.14,34403.95,27134422
2024-08-04 19:25:47,34403.95,34848.43,33351.04,33426.55,12240930
2024-08-05 19:25:47,33426.55,33802.99,33034.41,33562.99,35263410
2024-08-06 19:25:47,33562.99,34228.04,33521.83,33672.08,22726964
2024-08-07 19:25:47,33672.08,34724.68,33057.32,34323.96,39769956
2024-08-08 19:25:47,34323.96,35714.19,34148.86,35326.96,38037418
2024-08-09 19:25:47,35326.96,35583.74,34740.26,34927.38,9508937
2024-08-10 19:25:47,34927.38,35580.69,33891.79,34428.32,43574337
2024-08-11 19:25:47,34428.32,35349.05,33826.41,35323.25,31000442
2024-08-12 19:25:47,35323.25,36529.18,35125.5,35907.02,36854273
2024-08-13 19:25:47,35907.02,36439.78,35248.62,36114.19,6619052
2024-08-14 19:25:47,36114.19,36205.55,34976.44,35493.08,8491528
2024-08-15 19:25:47,35493.08,35641.1,34715.24,35347.86,6069530
2024-08-16 19:25:47,35347.86,35457.44,34499.81,35028.75,39194786
2024-08-17 19:25:47,35028.75,36276.16,34593.61,36030.24,12078648
2024-08-18 19:25:47,36030.24,36100.98,34473.68,35028.72,46405745
2024-08-19 19:25:47,35028.72,35388.38,34306.81,34386.12,44791153
2024-08-20 19:25:47,34386.12,35569.07,34171.05,35066.41,11816924
2024-08-21 19:25:47,35066.41,35650.09,34586.74,34759.32,41824634
2024-08-22 19:25:47,34759.32,35518.34,34145.73,34940.74,18228117
2024-08-23 19:25:47,34940.74,35073.4,34270.08,34535.47,17722614
2024-08-24 19:25:47,34535.47,34771.74,34466.42,34563.73,11736298
2024-08-25 19:25:47,34563.73,35316.9,34315.27,34638.77,43609006
2024-08-26 19:25:47,34638.77,34971.49,33693.29,34357.87,36224601
2024-08-27 19:25:47,34357.87,35000.94,33544.98,33547.34,3770192
2024-08-28 19:25:47,33547.34,34029.87,32662.22,32736.21,47796128
2024-08-29 19:25:47,32736.21,33680.75,32348.43,33156.6,23347432
2024-08-30 19:25:47,33156.6,34250.51,33153.08,33702.16,3111307
2024-08-31 19:25:47,33702.16,34083.06,32828.33,33118.0,16164676
2024-09-01 19:25:47,33118.0,33300.99,32198.51,32493.78,41110266
2024-09-02 19:25:47,32493.78,33421.64,32269.5,32783.07,6989329
2024-09-03 19:25:47,32783.07,33661.69,32660.15,33363.76,46090695
2024-09-04 19:25:47,33363.76,33417.64,31973.23,32512.33,46353392
2024-09-05 19:25:47,32512.33,33019.3,32276.14,32598.06,27190403
2024-09-06 19:25:47,32598.06,33125.85,32480.78,33093.25,11295772
2024-09-07 19:25:47,33093.25,33148.09,31672.21,32269.82,47498320
2024-09-08 19:25:47,32269.82,32691.93,31824.59,32681.15,8748172
2024-09-09 19:25:47,32681.15,33582.47,32183.52,33568.38,33249293
2024-09-10 19:25:47,33568.38,33677.4,32960.71,33577.28,38423086
2024-09-11 19:25:47,33577.28,33600.98,33275.57,33305.82,33833993
2024-09-12 19:25:47,33305.82,33480.88,32110.28,32529.87,44081663
2024-09-13 19:25:47,32529.87,33110.32,31266.46,31738.88,38170464
2024-09-14 19:25:47,31738.88,32876.39,31524.28,32581.19,4186661
2024-09-15 19:25:47,32581.19,33329.27,32330.81,32756.15,48369103
2024-09-16 19:25:47,32756.15,34270.7,32491.46,33729.75,27126855
2024-09-17 19:25:47,33729.75,34207.45,33455.23,33659.69,48669210
2024-09-18 19:25:47,33659.69,34164.74,33362.55,33974.42,34010458
2024-09-19 19:25:47,33974.42,34165.5,33731.79,33853.92,27992568
2024-09-20 19:25:47,33853.92,34402.48,33446.24,34334.2,40319667
2024-09-21 19:25:47,34334.2,35183.13,33841.74,34573.71,12312372
2024-09-22 19:25:47,34573.71,35151.88,34295.78,34707.55,22059288
2024-09-23 19:25:47,34707.55,35301.48,34512.38,35015.05,21338357
2024-09-24 19:25:47,35015.05,35650.53,34853.38,35586.63,44478963
2024-09-25 19:25:47,35586.63,36303.3,35563.71,36303.0,15192791
2024-09-26 19:25:47,36303.0,36334.8,35276.9,35771.92,27667063
2024-09-27 19:25:47,35771.92,35882.23,35204.59,35881.13,17991359
2024-09-28 19:25:47,35881.13,36007.11,34543.96,35075.25,11969517
2024-09-29 19:25:47,35075.25,35873.49,34382.61,35415.31,47662845
2024-09-30 19:25:47,35415.31,36818.98,34736.57,36118.06,31265608
2024-10-01 19:25:47,36118.06,37116.95,35637.54,36921.22,16029481
2024-10-02 19:25:47,36921.22,37295.88,36198.87,36457.51,16690593
2024-10-03 19:25:47,36457.51,36912.56,35697.93,36153.83,9195414
2024-10-04 19:25:47,36153.83,36865.88,35854.78,36028.51,2767901
2024-10-05 19:25:47,36028.51,36506.54,35323.88,35519.04,37273724
2024-10-06 19:25:47,35519.04,35634.69,34631.35,34713.73,5104945
2024-10-07 19:25:47,34713.73,34882.9,34427.0,34811.18,18458740
2024-10-08 19:25:47,34811.18,35373.35,33677.52,34338.22,38996925
2024-10-09 19:25:47,34338.22,34634.56,33572.26,34066.55,18810975
2024-10-10 19:25:47,34066.55,34641.15,32930.25,33367.27,46957823
2024-10-11 19:25:47,33367.27,34366.11,33351.51,33953.34,10431106
2024-10-12 19:25:47,33953.34,34786.66,33446.11,34581.58,6336791
2024-10-13 19:25:47,34581.58,35482.3,34344.07,35071.09,27044210
2024-10-14 19:25:47,35071.09,35621.2,33895.8,34239.2,4183375
2024-10-15 19:25:47,34239.2,34404.94,33848.26,34055.89,47577856
2024-10-16 19:25:47,34055.89,34715.03,33382.16,34591.6,23890591
2024-10-17 19:25:47,34591.6,35970.44,34561.81,35269.41,12235726
2024-10-18 19:25:47,35269.41,35805.12,34715.76,35608.95,39816817
2024-10-19 19:25:47,35608.95,36508.69,35009.88,36250.42,38119137
2024-10-20 19:25:47,36250.42,36488.93,35911.25,36224.12,35429620
2024-10-21 19:25:47,36224.12,36628.33,34953.21,35331.13,12250032
2024-10-22 19:25:47,35331.13,36329.92,34654.54,35815.17,34452372
2024-10-23 19:25:47,35815.17,36140.09,34221.16,34844.33,34066009
2024-10-24 19:25:47,34844.33,35757.5,34729.45,35217.68,47891477
2024-10-25 19:25:47,35217.68,35893.01,34980.73,35611.73,47258257
2024-10-26 19:25:47,35611.73,36275.55,35267.9,36059.25,34329980
2024-10-27 19:25:47,36059.25,36612.59,35854.65,36433.48,33430477
2024-10-28 19:25:47,36433.48,36840.34,35395.18,35450.89,16159627
2024-10-29 19:25:47,35450.89,36322.68,34806.88,35930.33,11242464
2024-10-30 19:25:47,35930.33,36991.26,35651.99,36894.03,44835814
2024-10-31 19:25:47,36894.03,37872.95,36439.61,37627.03,20690317
2024-11-01 19:25:47,37627.03,38231.28,37396.25,37761.01,32562372
2024-11-02 19:25:47,37761.01,38206.59,36458.42,36921.68,48443867
2024-11-03 19:25:47,36921.68,36970.93,36317.32,36604.65,25890815
2024-11-04 19:25:47,36604.65,36931.79,36159.52,36181.02,27371624
2024-11-05 19:25:47,36181.02,36418.24,35301.12,35834.87,22156031
2024-11-06 19:25:47,35834.87,36302.09,34896.46,34955.04,5167940
2024-11-07 19:25:47,34955.04,35160.0,34567.62,34897.53,16274993
2024-11-08 19:25:47,34897.53,35376.62,33780.83,34270.94,15881109
2024-11-09 19:25:47,34270.94,35286.2,33964.08,35254.15,13841054
2024-11-10 19:25:47,35254.15,36588.85,34641.15,35986.58,8324460
2024-11-11 19:25:47,35986.58,36309.79,35148.47,35315.76,4720494
2024-11-12 19:25:47,35315.76,35476.1,34139.72,34800.32,3379140
2024-11-13 19:25:47,34800.32,36209.78,34300.8,35793.02,46934079
2024-11-14 19:25:47,35793.02,36924.06,35217.43,36840.98,43933287
2024-11-15 19:25:47,36840.98,38041.44,36631.71,37296.78,14731291
2024-11-16 19:25:47,37296.78,37491.17,35859.21,36350.15,8533664
2024-11-17 19:25:47,36350.15,37242.69,36312.67,36784.62,25811819
2024-11-18 19:25:47,36784.62,37327.22,36221.83,37293.63,15394738
2024-11-19 19:25:47,37293.63,37771.81,36035.23,36479.86,15863609
2024-11-20 19:25:47,36479.86,36686.87,36250.12,36570.78,1969560
2024-11-21 19:25:47,36570.78,38184.13,35921.86,37498.7,48146983
2024-11-22 19:25:47,37498.7,38336.18,36830.45,38017.14,19095196
2024-11-23 19:25:47,38017.14,38435.97,36752.89,37118.34,27741359
2024-11-24 19:25:47,37118.34,38439.35,36807.96,37860.42,7094549
2024-11-25 19:25:47,37860.42,38862.92,37579.94,38466.02,48902995
2024-11-26 19:25:47,38466.02,39218.09,38123.81,39153.26,3359525
2024-11-27 19:25:47,39153.26,40042.01,38627.1,39811.48,31567881
2024-11-28 19:25:47,39811.48,40977.28,39401.5,40537.31,1133230
2024-11-29 19:25:47,40537.31,40702.64,39093.61,39659.4,8524898
2024-11-30 19:25:47,39659.4,40599.81,39239.8,39975.83,33208377
2024-12-01 19:25:47,39975.83,41504.42,39242.57,40996.61,9151022
2024-12-02 19:25:47,40996.61,41197.31,40502.05,40744.89,34869676
2024-12-03 19:25:47,40744.89,41478.1,39786.65,39964.9,34444538
2024-12-04 19:25:47,39964.9,40805.77,39924.88,40330.5,47790231
2024-12-05 19:25:47,40330.5,41643.02,39823.64,41312.64,44734466
2024-12-06 19:25:47,41312.64,41538.98,41307.42,41467.07,14039317
2024-12-07 19:25:47,41467.07,41526.22,40539.95,40636.6,27591121
2024-12-08 19:25:47,40636.6,41071.41,39216.76,39569.1,7783449
2024-12-09 19:25:47,39569.1,39839.49,38936.23,39498.73,8971723
2024-12-10 19:25:47,39498.73,39714.14,38235.68,38644.38,34360399
2024-12-11 19:25:47,38644.38,39136.46,37821.27,38113.19,14149173
2024-12-12 19:25:47,38113.19,38379.29,37526.78,37709.08,37615476
2024-12-13 19:25:47,37709.08,38587.99,37537.91,38230.31,16605063
2024-12-14 19:25:47,38230.31,39277.9,38139.49,38703.61,9718171
2024-12-15 19:25:47,38703.61,38961.07,37602.77,38359.16,18815850
2024-12-16 19:25:47,38359.16,39193.47,37975.84,38719.71,49813437
2024-12-17 19:25:47,38719.71,39373.58,38017.65,38455.77,32775885
2024-12-18 19:25:47,38455.77,38489.24,37418.68,38128.67,31019467
2024-12-19 19:25:47,38128.67,38659.52,36876.46,37511.98,23109339
2024-12-20 19:25:47,37511.98,37961.68,36957.79,37787.98,42923868
2024-12-21 19:25:47,37787.98,37864.18,36569.09,37191.36,21489214
2024-12-22 19:25:47,37191.36,37699.93,36670.1,37268.77,39237599
2024-12-23 19:25:47,37268.77,37644.32,36806.33,36846.9,49447848
2024-12-24 19:25:47,36846.9,37393.2,35320.33,36026.24,9524421
2024-12-25 19:25:47,36026.24,36119.74,34596.21,35236.06,38828023
2024-12-26 19:25:47,35236.06,35719.24,34987.96,35189.95,12419016
2024-12-27 19:25:47,35189.95,35606.07,34512.96,35207.89,12034973
2024-12-28 19:25:47,35207.89,35537.81,34318.53,34386.86,38877582
2024-12-29 19:25:47,34386.86,34775.84,33876.2,34672.26,6763983
2024-12-30 19:25:47,34672.26,35622.48,34064.64,35581.08,36829868
2024-12-31 19:25:47,35581.08,36087.79,35456.59,35545.28,5523440
2025-01-01 19:25:47,35545.28,35924.47,34552.95,35125.41,9650717
2025-01-02 19:25:47,35125.41,36217.87,34797.68,35668.12,39745651
2025-01-03 19:25:47,35668.12,35894.12,34528.7,34645.86,41303014
2025-01-04 19:25:47,34645.86,35315.15,33865.13,34388.97,37829291
2025-01-05 19:25:47,34388.97,34410.59,33079.6,33514.99,36724987
2025-01-06 19:25:47,33514.99,34153.11,32981.04,33929.85,31987753
2025-01-07 19:25:47,33929.85,34093.26,33264.07,33624.88,4148777
2025-01-08 19:25:47,33624.88,33829.62,33563.72,33820.46,5069837
2025-01-09 19:25:47,33820.46,34016.67,33146.83,33711.95,12070636
2025-01-10 19:25:47,33711.95,35034.8,33088.43,34566.25,37401785
2025-01-11 19:25:47,34566.25,34818.25,33214.7,33681.42,10835248
2025-01-12 19:25:47,33681.42,34033.38,32851.92,32996.22,9548282
2025-01-13 19:25:47,32996.22,33465.98,31926.29,32220.78,44956103
2025-01-14 19:25:47,32220.78,32715.85,31967.36,32575.52,42336820
2025-01-15 19:25:47,32575.52,32865.6,31466.56,32016.93,1257954
2025-01-16 19:25:47,32016.93,32159.9,31631.75,31894.66,24137897
2025-01-17 19:25:47,31894.66,32765.64,31565.49,32254.47,22101010
2025-01-18 19:25:47,32254.47,33128.84,32004.61,32722.79,47300111
2025-01-19 19:25:47,32722.79,33098.69,32717.96,32803.74,12250472
2025-01-20 19:25:47,32803.74,33014.92,31853.78,32212.27,13282660
2025-01-21 19:25:47,32212.27,32446.2,31723.66,32414.87,1120196
2025-01-22 19:25:47,32414.87,32769.01,32331.0,32504.1,17397812
2025-01-23 19:25:47,32504.1,33019.19,31268.78,31540.83,22155271
2025-01-24 19:25:47,31540.83,32672.89,31047.36,32366.91,26425796
2025-01-25 19:25:47,32366.91,32496.74,32031.28,32131.49,19125946
2025-01-26 19:25:47,32131.49,33228.7,32012.82,32630.34,10201466
2025-01-27 19:25:47,32630.34,33764.07,32491.99,33129.22,30546049
2025-01-28 19:25:47,33129.22,33950.13,32683.1,33535.85,3276684
2025-01-29 19:25:47,33535.85,33888.18,33313.0,33694.51,20241444
2025-01-30 19:25:47,33694.51,33981.46,32857.33,33360.97,1625443
2025-01-31 19:25:47,33360.97,34255.96,32899.61,33705.6,44595962
2025-02-01 19:25:47,33705.6,34857.54,33239.01,34232.39,19493808
2025-02-02 19:25:47,34232.39,34766.17,33963.77,34300.0,8525454
2025-02-03 19:25:47,34300.0,34605.25,33706.02,34281.77,41996828
2025-02-04 19:25:47,34281.77,35704.61,33728.46,35265.8,41451580
2025-02-05 19:25:47,35265.8,35642.14,34785.25,35454.9,22443434
2025-02-06 19:25:47,35454.9,36230.32,34794.42,36098.94,25340262
2025-02-07 19:25:47,36098.94,36455.9,34800.56,35186.34,32004704
2025-02-08 19:25:47,35186.34,35602.75,33668.04,34272.21,28959638
2025-02-09 19:25:47,34272.21,34663.94,34083.93,34471.88,26257015
2025-02-10 19:25:47,34471.88,35117.04,34148.66,34230.93,32461421
2025-02-11 19:25:47,34230.93,34506.22,33468.42,33606.64,16669728
2025-02-12 19:25:47,33606.64,34060.62,32588.81,32850.57,15585557
2025-02-13 19:25:47,32850.57,33926.86,32592.17,33513.7,10249828
2025-02-14 19:25:47,33513.7,34084.59,32580.12,33084.09,30312994
2025-02-15 19:25:47,33084.09,33493.28,31983.32,32172.64,6558918
2025-02-16 19:25:47,32172.64,32687.29,31737.27,32049.78,25399627
2025-02-17 19:25:47,32049.78,33120.39,31483.89,32832.25,33164452
2025-02-18 19:25:47,32832.25,32878.2,31697.48,32249.65,7302135
2025-02-19 19:25:47,32249.65,32674.84,31933.2,32384.16,5226065
2025-02-20 19:25:47,32384.16,32762.39,31182.63,31773.78,20600005
2025-02-21 19:25:47,31773.78,32119.01,30465.04,31069.98,4131991
2025-02-22 19:25:47,31069.98,31336.54,30213.13,30645.32,45103041
2025-02-23 19:25:47,30645.32,31453.96,30369.6,31182.39,44579723
2025-02-24 19:25:47,31182.39,31653.02,30435.22,30885.53,42814452
2025-02-25 19:25:47,30885.53,31682.05,30375.72,31216.85,10981923
2025-02-26 19:25:47,31216.85,31662.85,30657.14,30762.5,13918755
2025-02-27 19:25:47,30762.5,31255.74,29984.89,30302.39,23715321
2025-02-28 19:25:47,30302.39,31698.35,30018.45,31191.68,45333332
2025-03-01 19:25:47,31191.68,32096.44,30683.43,31881.26,13021086
2025-03-02 19:25:47,31881.26,33183.8,31834.01,32560.98,16691418
2025-03-03 19:25:47,32560.98,32908.2,31481.24,31679.92,26957453
2025-03-04 19:25:47,31679.92,32864.82,31091.7,32547.36,29600470
2025-03-05 19:25:47,32547.36,34031.89,32411.22,33440.2,32424556
2025-03-06 19:25:47,33440.2,33826.97,32940.17,33110.53,15707757
2025-03-07 19:25:47,33110.53,33862.94,32645.25,33453.72,41590943
2025-03-08 19:25:47,33453.72,33553.0,31967.42,32507.65,31951665
2025-03-09 19:25:47,32507.65,33857.33,32254.04,33342.57,28681093
2025-03-10 19:25:47,33342.57,33770.37,32389.51,32421.54,10897152
2025-03-11 19:25:47,32421.54,32989.55,31783.73,32685.74,28302555
2025-03-12 19:25:47,32685.74,32937.54,32561.49,32682.38,24255012
2025-03-13 19:25:47,32682.38,32949.26,32356.95,32632.56,15560337
2025-03-14 19:25:47,32632.56,33279.62,31986.76,32696.88,27843141
2025-03-15 19:25:47,32696.88,33134.08,31213.7,31755.89,14932686
2025-03-16 19:25:47,31755.89,32277.03,31068.95,31686.59,1370559
2025-03-17 19:25:47,31686.59,31788.53,30611.2,30998.36,1308420
2025-03-18 19:25:47,30998.36,32142.47,30640.74,31874.42,42674262
2025-03-19 19:25:47,31874.42,32532.75,31312.33,32354.25,44226016
2025-03-20 19:25:47,32354.25,32902.93,31830.03,32060.57,36654028
2025-03-21 19:25:47,32060.57,32752.01,31891.07,32284.44,25644161
2025-03-22 19:25:47,32284.44,33619.34,31650.67,33058.76,7601713
2025-03-23 19:25:47,33058.76,33420.23,32754.47,32940.16,29778298
2025-03-24 19:25:47,32940.16,33182.62,32411.0,32913.03,9280464
2025-03-25 19:25:47,32913.03,33019.36,31615.28,31940.47,31437317
2025-03-26 19:25:47,31940.47,32050.37,31735.68,31872.38,43753437
2025-03-27 19:25:47,31872.38,32193.51,30923.49,31163.57,46681757
2025-03-28 19:25:47,31163.57,31553.24,30660.22,31255.32,47583930
2025-03-29 19:25:47,31255.32,31426.58,30127.27,30590.77,10141391
2025-03-30 19:25:47,30590.77,31348.75,30535.21,31079.03,26928124
2025-03-31 19:25:47,31079.03,32300.12,30623.24,31679.74,10702938
2025-04-01 19:25:47,31679.74,31782.39,31057.33,31230.33,23511893
2025-04-02 19:25:47,31230.33,31458.82,30167.03,30399.25,20522041
2025-04-03 19:25:47,30399.25,30566.11,29025.02,29575.95,48339289
2025-04-04 19:25:47,29575.95,30112.45,28913.47,29380.67,36100449
2025-04-05 19:25:47,29380.67,30356.31,28956.78,30043.4,14524365
2025-04-06 19:25:47,30043.4,30100.42,29432.46,29971.8,38849792
2025-04-07 19:25:47,29971.8,30017.53,29195.7,29239.64,48976154
2025-04-08 19:25:47,29239.64,29282.21,28204.46,28753.5,30643309
2025-04-09 19:25:47,28753.5,28774.17,28147.18,28364.68,25503590
2025-04-10 19:25:47,28364.68,28641.99,28053.26,28158.98,18324166
2025-04-11 19:25:47,28158.98,28304.83,27690.89,27892.9,8006409
2025-04-12 19:25:47,27892.9,27938.01,26909.07,27363.43,30002872
2025-04-13 19:25:47,27363.43,27995.32,27159.12,27991.98,8079500
2025-04-14 19:25:47,27991.98,28325.75,27495.53,27805.04,3587900
2025-04-15 19:25:47,27805.04,28796.32,27480.02,28284.23,19092477
2025-04-16 19:25:47,28284.23,28384.73,27463.18,27490.58,20113724
2025-04-17 19:25:47,27490.58,27797.84,26759.99,26877.68,2336207
2025-04-18 19:25:47,26877.68,27551.25,26715.05,27121.02,38496323
2025-04-19 19:25:47,27121.02,27588.65,26456.4,26560.24,41717354
2025-04-20 19:25:47,26560.24,26794.75,25767.99,25994.26,23938122
2025-04-21 19:25:47,25994.26,26826.91,25606.64,26388.57,10250832
2025-04-22 19:25:47,26388.57,26794.54,26008.48,26050.69,10359440
2025-04-23 19:25:47,26050.69,26609.66,25567.65,26195.02,34321907
2025-04-24 19:25:47,26195.02,26609.62,26046.49,26219.23,1488180
2025-04-25 19:25:47,26219.23,26347.59,25770.08,25986.12,49733250
2025-04-26 19:25:47,25986.12,26134.1,25163.52,25382.66,11052805
2025-04-27 19:25:47,25382.66,25417.21,24332.61,24740.02,7158789
2025-04-28 19:25:47,24740.02,25716.19,24539.17,25275.29,41534296
2025-04-29 19:25:47,25275.29,25746.14,24600.27,24905.78,6460911
2025-04-30 19:25:47,24905.78,25542.17,24648.6,25067.11,39229079
2025-05-01 19:25:47,25067.11,25642.31,24730.01,25347.05,43405135
2025-05-02 19:25:47,25347.05,25707.43,24961.08,25053.82,45624082
2025-05-03 19:25:47,25053.82,25365.44,24187.35,24635.38,38164427
2025-05-04 19:25:47,24635.38,24923.87,24208.3,24553.53,26904421
2025-05-05 19:25:47,24553.53,24875.33,23971.58,24010.03,44503897
2025-05-06 19:25:47,24010.03,24321.18,23230.02,23331.27,15232703
2025-05-07 19:25:47,23331.27,23699.27,22612.28,22709.85,44815928
2025-05-08 19:25:47,22709.85,23187.98,22534.95,22878.95,7948899
2025-05-09 19:25:47,22878.95,23264.78,22376.37,22723.61,23255167
2025-05-10 19:25:47,22723.61,22986.04,22405.11,22610.1,11141734
2025-05-11 19:25:47,22610.1,22968.41,22298.22,22818.59,29312527
2025-05-12 19:25:47,22818.59,22958.9,21916.69,22299.49,37509961
2025-05-13 19:25:47,22299.49,22386.76,21961.95,22063.07,41800001
2025-05-14 19:25:47,22063.07,22126.58,21816.14,22057.67,13566530
2025-05-15 19:25:47,22057.67,22517.52,21694.56,22263.85,26041715
2025-05-16 19:25:47,22263.85,22384.71,21897.84,22244.36,19688203
2025-05-17 19:25:47,22244.36,22556.27,22155.65,22432.85,40364059
2025-05-18 19:25:47,22432.85,22452.64,21653.1,21852.25,28583815
2025-05-19 19:25:47,21852.25,22549.56,21573.53,22382.34,10180317
2025-05-20 19:25:47,22382.34,22687.41,22257.8,22258.79,18596134
2025-05-21 19:25:47,22258.79,22976.08,21854.31,22721.75,8726624
2025-05-22 19:25:47,22721.75,23036.57,22295.84,22865.34,47516453
2025-05-23 19:25:47,22865.34,23221.35,21871.77,22309.93,24991571
2025-05-24 19:25:47,22309.93,22352.84,21696.18,21903.6,21210016
2025-05-25 19:25:47,21903.6,22597.06,21874.42,22451.72,15343725
2025-05-26 19:25:47,22451.72,22836.4,21583.37,21935.82,20158373
2025-05-27 19:25:47,21935.82,22272.03,21375.38,21550.45,16102938
2025-05-28 19:25:47,21550.45,21987.57,21541.24,21687.59,34129523
2025-05-29 19:25:47,21687.59,21773.43,20915.23,21041.12,9887151
2025-05-30 19:25:47,21041.12,21198.96,20340.33,20636.0,39222122
2025-05-31 19:25:47,20636.0,20938.16,19909.35,20242.52,20692968
2025-06-01 19:25:47,20242.52,20592.2,19754.55,20114.41,10329891
2025-06-02 19:25:47,20114.41,20373.34,19884.63,20051.72,34823906
2025-06-03 19:25:47,20051.72,20228.85,20042.75,20220.22,47416501
2025-06-04 19:25:47,20220.22,20621.32,19536.12,19783.09,17463763
2025-06-05 19:25:47,19783.09,19990.39,19230.62,19435.31,17088906
2025-06-06 19:25:47,19435.31,19485.55,18970.37,19285.24,23678060
2025-06-07 19:25:47,19285.24,19777.3,18912.92,19399.36,16458958
2025-06-08 19:25:47,19399.36,19657.59,19225.31,19587.15,1343248
2025-06-09 19:25:47,19587.15,19752.59,19155.82,19318.62,42068422
2025-06-10 19:25:47,19318.62,20021.56,19294.4,19832.53,16469463
2025-06-11 19:25:47,19832.53,20088.76,19219.72,19264.4,24843557
2025-06-12 19:25:47,19264.4,19274.08,18629.05,18955.51,39278959
2025-06-13 19:25:47,18955.51,19152.4,18685.18,19024.56,28827406
2025-06-14 19:25:47,19024.56,19592.03,18904.98,19244.01,6558149
2025-06-15 19:25:47,19244.01,19711.97,19128.06,19472.73,8585833
2025-06-16 19:25:47,19472.73,20063.31,19273.31,20051.62,10911103
2025-06-17 19:25:47,20051.62,20653.31,19761.97,20533.55,16045008
2025-06-18 19:25:47,20533.55,20947.28,20471.65,20754.76,43007904
2025-06-19 19:25:47,20754.76,21312.13,20471.11,21103.3,30718948
2025-06-20 19:25:47,21103.3,21503.65,21026.97,21115.63,6938028
2025-06-21 19:25:47,21115.63,21903.32,20853.39,21633.58,27096853
2025-06-22 19:25:47,21633.58,21837.01,21589.24,21612.91,47509187
2025-06-23 19:25:47,21612.91,21828.75,21523.11,21559.84,12494367
2025-06-24 19:25:47,21559.84,21802.57,21331.88,21554.51,42328189
2025-06-25 19:25:47,21554.51,21848.39,21383.63,21435.6,5417881
2025-06-26 19:25:47,21435.6,21693.66,21083.36,21551.39,36849198
2025-06-27 19:25:47,21551.39,21658.99,21060.17,21309.83,16394387
2025-06-28 19:25:47,21309.83,21862.29,21239.39,21636.66,6309916
2025-06-29 19:25:47,21636.66,22078.78,21463.61,21783.02,24611516
2025-06-30 19:25:47,21783.02,22736.38,21501.66,22318.23,29048615
2025-07-01 19:25:47,22318.23,22537.64,21646.21,21970.85,41433761
2025-07-02 19:25:47,21970.85,22223.51,21528.98,21655.88,1199572
2025-07-03 19:25:47,21655.88,21686.19,21157.87,21514.59,12412242
2025-07-04 19:25:47,21514.59,21812.53,20762.64,20975.07,19712442
2025-07-05 19:25:47,20975.07,21916.21,20852.21,21511.17,11552840
2025-07-06 19:25:47,21511.17,22072.32,21510.48,21886.99,34915546
2025-07-07 19:25:47,21886.99,22556.03,21698.1,22391.46,37965627
2025-07-08 19:25:47,22391.46,22525.56,22010.52,22436.38,14617632
2025-07-09 19:25:47,22436.38,22744.28,21823.85,21917.78,14154637
2025-07-10 19:25:47,21917.78,22611.01,21537.43,22395.26,26729351
2025-07-11 19:25:47,22395.26,23113.7,22005.07,22661.18,33501950
2025-07-12 19:25:47,22661.18,22844.27,22310.0,22381.64,4805507
2025-07-13 19:25:47,22381.64,22700.46,21537.86,21717.37,19254854
2025-07-14 19:25:47,21717.37,22128.15,21314.97,22064.14,15083208
2025-07-15 19:25:47,22064.14,22374.13,21446.7,21556.77,6780964
2025-07-16 19:25:47,21556.77,22633.4,21336.37,22193.09,18967350
2025-07-17 19:25:47,22193.09,22207.02,21339.02,21589.77,2832454
2025-07-18 19:25:47,21589.77,21977.91,21430.21,21874.05,39736576
2025-07-19 19:25:47,21874.05,22089.59,21488.52,21762.95,18472580
2025-07-20 19:25:47,21762.95,22092.92,21471.03,21769.9,30249242
2025-07-21 19:25:47,21769.9,21821.45,21348.77,21369.47,49216595
2025-07-22 19:25:47,21369.47,21688.56,21213.34,21255.15,7070951
2025-07-23 19:25:47,21255.15,21416.66,20771.91,20898.44,48929558
2025-07-24 19:25:47,20898.44,21144.87,20196.62,20608.12,36656030
2025-07-25 19:25:47,20608.12,20805.26,20430.18,20787.68,32507416
2025-07-26 19:25:47,20787.68,21081.02,20350.47,20533.4,27112125
2025-07-27 19:25:47,20533.4,20809.57,19818.07,20095.1,28128224
2025-07-28 19:25:47,20095.1,20895.68,19882.04,20664.11,49220446
2025-07-29 19:25:47,20664.11,20842.91,20341.94,20424.31,31804439
2025-07-30 19:25:47,20424.31,21269.37,20146.67,21005.09,28830430
2025-07-31 19:25:47,21005.09,21406.14,20622.43,21178.19,9277055
2025-08-01 19:25:47,21178.19,21825.41,21150.55,21735.2,23246878
2025-08-02 19:25:47,21735.2,22156.95,21443.37,21803.63,5429202
2025-08-03 19:25:47,21803.63,22500.75,21482.28,22112.14,23633357
2025-08-04 19:25:47,22112.14,22412.06,21966.35,22110.25,28215273
2025-08-05 19:25:47,22110.25,22632.67,21877.31,22256.16,22660224
2025-08-06 19:25:47,22256.16,22306.34,21692.32,21739.54,35480345
2025-08-07 19:25:47,21739.54,21866.2,21242.55,21325.92,12265613
2025-08-08 19:25:47,21325.92,21718.33,20972.6,21229.3,42704225
2025-08-09 19:25:47,21229.3,22016.71,20906.77,21753.79,43750021
2025-08-10 19:25:47,21753.79,21850.31,20975.33,21348.74,45571395
2025-08-11 19:25:47,21348.74,21683.44,21223.76,21600.67,36054891
2025-08-12 19:25:47,21600.67,21956.18,21414.17,21769.34,13084661
2025-08-13 19:25:47,21769.34,21907.71,21363.01,21490.06,18094798
2025-08-14 19:25:47,21490.06,21728.63,20884.25,21066.99,36830319
2025-08-15 19:25:47,21066.99,21551.44,20840.28,21195.12,49934216
2025-08-16 19:25:47,21195.12,21598.17,20698.85,20727.67,1503661
2025-08-17 19:25:47,20727.67,20950.48,19946.64,20190.75,7920211
2025-08-18 19:25:47,20190.75,20445.47,20052.56,20083.1,17465641
2025-08-19 19:25:47,20083.1,20435.94,19304.34,19649.02,10675460
2025-08-20 19:25:47,19649.02,19700.64,19512.23,19694.47,27166668
2025-08-21 19:25:47,19694.47,19928.78,19137.36,19503.97,42657932
2025-08-22 19:25:47,19503.97,19654.7,19274.51,19514.84,9788107
2025-08-23 19:25:47,19514.84,19906.88,19420.17,19704.43,11472736
2025-08-24 19:25:47,19704.43,20095.21,19492.68,20069.67,25335302
2025-08-25 19:25:47,20069.67,20132.55,19339.11,19676.05,17413213
2025-08-26 19:25:47,19676.05,19944.22,19404.47,19863.02,11220469
2025-08-27 19:25:47,19863.02,20147.86,19266.41,19405.98,14969418
2025-08-28 19:25:47,19405.98,19482.66,18625.56,18918.71,47443879
2025-08-29 19:25:47,18918.71,19343.62,18717.4,19270.21,20057124
2025-08-30 19:25:47,19270.21,20015.72,19077.09,19633.52,34450186
2025-08-31 19:25:47,19633.52,19752.81,19127.19,19193.07,32329055
2025-09-01 19:25:47,19193.07,19409.28,18941.49,19108.25,15080949
2025-09-02 19:25:47,19108.25,19442.94,18750.28,19412.47,44914495
2025-09-03 19:25:47,19412.47,20134.66,19254.93,19781.89,25723237
2025-09-04 19:25:47,19781.89,20206.84,19674.28,20116.49,17440892
2025-09-05 19:25:47,20116.49,20411.77,19275.71,19611.21,5243442
2025-09-06 19:25:47,19611.21,20354.74,19406.2,20052.44,31369313
2025-09-07 19:25:47,20052.44,20775.12,19675.6,20622.73,25464569
2025-09-08 19:25:47,20622.73,20770.56,20121.3,20159.51,47186299
2025-09-09 19:25:47,20159.51,20401.66,19924.72,20376.83,33840751
2025-09-10 19:25:47,20376.83,20813.74,20079.92,20617.86,41382925
2025-09-11 19:25:47,20617.86,21035.71,20514.92,20664.76,1040336
2025-09-12 19:25:47,20664.76,20697.39,20178.26,20555.77,7788035
2025-09-13 19:25:47,20555.77,21245.83,20204.17,20937.34,18271398
2025-09-14 19:25:47,20937.34,21464.88,20720.08,21412.83,12194174
2025-09-15 19:25:47,21412.83,21750.49,21115.46,21746.66,7341295
2025-09-16 19:25:47,21746.66,21772.43,21155.53,21564.98,33983141
2025-09-17 19:25:47,21564.98,21826.3,20603.62,21015.71,48153572
2025-09-18 19:25:47,21015.71,21579.15,20869.8,21225.25,8863398
2025-09-19 19:25:47,21225.25,21607.12,20866.47,21493.09,2761551
2025-09-20 19:25:47,21493.09,21910.4,21203.77,21501.7,26187729
2025-09-21 19:25:47,21501.7,22024.98,21452.17,21884.04,14208047
2025-09-22 19:25:47,21884.04,22150.73,21873.57,22028.13,43620153
2025-09-23 19:25:47,22028.13,22757.13,21657.35,22620.63,18102261
2025-09-24 19:25:47,22620.63,22643.9,22499.47,22538.71,16404305
2025-09-25 19:25:47,22538.71,22619.95,22097.2,22496.02,49628643
2025-09-26 19:25:47,22496.02,23005.52,22223.48,22949.07,19627614
2025-09-27 19:25:47,22949.07,23786.73,22760.43,23377.85,9991765
2025-09-28 19:25:47,23377.85,24464.37,22988.91,24077.14,39387995
2025-09-29 19:25:47,24077.14,24821.64,23672.97,24794.75,2382421
2025-09-30 19:25:47,24794.75,24906.07,23942.82,24352.92,19068082
2025-10-01 19:25:47,24352.92,24696.27,23953.54,24662.15,32523705
2025-10-02 19:25:47,24662.15,25077.53,24430.87,24698.44,44000478
2025-10-03 19:25:47,24698.44,25466.15,24326.34,25164.91,16441112
2025-10-04 19:25:47,25164.91,25761.88,25074.67,25620.96,33190876
2025-10-05 19:25:47,25620.96,26022.17,25016.05,25317.73,34597222
2025-10-06 19:25:47,25317.73,25580.23,24732.58,24928.69,26486806
2025-10-07 19:25:47,24928.69,25040.16,24493.06,24560.79,47523632
2025-10-08 19:25:47,24560.79,24911.8,24524.51,24553.52,49880360
2025-10-09 19:25:47,24553.52,24692.64,24209.21,24555.91,45355141
2025-10-10 19:25:47,24555.91,24665.28,23733.05,24099.48,40143880
2025-10-11 19:25:47,24099.48,24639.68,23924.63,24609.56,31080471
2025-10-12 19:25:47,24609.56,25030.83,24519.71,24612.92,12687665
2025-10-13 19:25:47,24612.92,24615.24,24399.11,24602.74,18582767
2025-10-14 19:25:47,24602.74,25298.75,24138.77,25121.53,26837206
2025-10-15 19:25:47,25121.53,25485.12,24118.28,24551.71,16591151
2025-10-16 19:25:47,24551.71,24795.49,24192.11,24562.96,16392640
2025-10-17 19:25:47,24562.96,24596.98,23802.97,24063.44,23628801
2025-10-18 19:25:47,24063.44,24200.0,23363.28,23835.18,7167880
2025-10-19 19:25:47,23835.18,23861.17,23822.88,23835.53,10788183
2025-10-20 19:25:47,23835.53,24263.0,23605.62,23829.25,30330917
2025-10-21 19:25:47,23829.25,24571.48,23439.63,24312.98,25620318
2025-10-22 19:25:47,24312.98,24585.18,23870.86,23894.13,42675074
2025-10-23 19:25:47,23894.13,24267.8,23680.55,23818.19,15284645
2025-10-24 19:25:47,23818.19,24268.53,23651.98,23686.67,6416195
2025-10-25 19:25:47,23686.67,23983.91,23268.23,23677.82,3270877
2025-10-26 19:25:47,23677.82,24356.12,23339.05,24081.75,13322984
2025-10-27 19:25:47,24081.75,24435.62,23113.68,23417.09,39507324
2025-10-28 19:25:47,23417.09,23498.5,23311.56,23488.27,41067935
2025-10-29 19:25:47,23488.27,23793.66,23038.82,23762.89,32100985
2025-10-30 19:25:47,23762.89,24466.7,23549.26,24384.21,26824088
2025-10-31 19:25:47,24384.21,24731.7,23781.35,23864.75,30711905
2025-11-01 19:25:47,23864.75,24590.97,23855.75,24224.71,4992571
2025-11-02 19:25:47,24224.71,24619.29,23316.14,23569.14,4904311
2025-11-03 19:25:47,23569.14,23598.74,23247.62,23324.2,12816793
2025-11-04 19:25:47,23324.2,23695.47,22272.99,22699.26,25593200
2025-11-05 19:25:47,22699.26,22910.6,22305.32,22343.28,46176252
2025-11-06 19:25:47,22343.28,22464.76,21458.02,21863.79,48781697
2025-11-07 19:25:47,21863.79,22636.75,21715.35,22291.12,37156199
2025-11-08 19:25:47,22291.12,22666.89,22147.75,22443.92,39039018
2025-11-09 19:25:47,22443.92,22852.7,21487.63,21820.36,33237876
2025-11-10 19:25:47,21820.36,22119.57,21471.1,22034.79,31955361
2025-11-11 19:25:47,22034.79,22099.66,21347.55,21765.41,35872685
2025-11-12 19:25:47,21765.41,22116.24,21149.51,21430.07,6003217
2025-11-13 19:25:47,21430.07,21501.81,21113.68,21149.18,8136773
2025-11-14 19:25:47,21149.18,21481.79,20843.35,21170.56,39915266
2025-11-15 19:25:47,21170.56,21408.03,20724.82,21069.6,34483662
2025-11-16 19:25:47,21069.6,21250.34,20423.65,20711.56,17193605
2025-11-17 19:25:47,20711.56,21090.71,20342.67,20459.37,48490058
2025-11-18 19:25:47,20459.37,20656.38,20014.78,20152.09,41473539
2025-11-19 19:25:47,20152.09,20898.76,19864.56,20605.84,29703748
2025-11-20 19:25:47,20605.84,20686.59,20195.96,20593.66,30355400
2025-11-21 19:25:47,20593.66,21012.64,20401.26,20600.86,32026620
2025-11-22 19:25:47,20600.86,20947.13,20285.79,20308.17,46458351
2025-11-23 19:25:47,20308.17,20659.06,19591.6,19731.04,45978093
2025-11-24 19:25:47,19731.04,20564.68,19418.1,20188.09,30847255
2025-11-25 19:25:47,20188.09,20346.26,19954.65,20338.06,25206881
2025-11-26 19:25:47,20338.06,20873.8,20181.99,20736.81,18857995
2025-11-27 19:25:47,20736.81,20908.68,20675.51,20750.58,28498849
2025-11-28 19:25:47,20750.58,21045.67,20257.29,20490.86,33446232
2025-11-29 19:25:47,20490.86,20948.36,20240.64,20572.56,39601682
2025-11-30 19:25:47,20572.56,21015.8,20195.12,20800.12,42640500
2025-12-01 19:25:47,20800.12,21230.17,20754.26,20876.87,18088065
2025-12-02 19:25:47,20876.87,21483.04,20587.58,21344.49,14543286
2025-12-03 19:25:47,21344.49,21742.06,20822.1,20900.16,1982931
2025-12-04 19:25:47,20900.16,21295.42,20045.58,20412.53,5659257
2025-12-05 19:25:47,20412.53,20535.82,20184.89,20341.39,24700100
2025-12-06 19:25:47,20341.39,20519.09,20122.99,20466.24,49824916
2025-12-07 19:25:47,20466.24,21173.34,20155.17,20938.64,21365106
2025-12-08 19:25:47,20938.64,20944.01,20744.0,20868.96,18287061
2025-12-09 19:25:47,20868.96,21563.24,20536.72,21209.02,27431685
2025-12-10 19:25:47,21209.02,21621.39,20629.54,21012.06,25770927
2025-12-11 19:25:47,21012.06,21046.15,20892.07,20893.94,49037525
2025-12-12 19:25:47,20893.94,21927.93,20807.91,21520.31,1909053
2025-12-13 19:25:47,21520.31,21805.18,20776.68,20930.42,32090498
2025-12-14 19:25:47,20930.42,21057.32,20599.52,20664.14,49753492
2025-12-15 19:25:47,20664.14,21293.24,20306.3,21135.57,32044698
2025-12-16 19:25:47,21135.57,21172.51,20217.1,20557.86,9520173
2025-12-17 19:25:47,20557.86,20629.44,19741.66,20060.07,40097295
2025-12-18 19:25:47,20060.07,20086.51,19699.79,19771.82,3576069
2025-12-19 19:25:47,19771.82,19808.65,19595.79,19770.69,26811270
2025-12-20 19:25:47,19770.69,19832.65,19639.5,19814.13,21276886
2025-12-21 19:25:47,19814.13,20110.27,19678.03,20092.68,15933810
2025-12-22 19:25:47,20092.68,20468.67,19597.34,19813.33,9858087
2025-12-23 19:25:47,19813.33,20133.0,19811.02,20026.35,25033994
2025-12-24 19:25:47,20026.35,20198.97,19558.72,19700.71,46963153
2025-12-25 19:25:47,19700.71,19742.07,19543.78,19622.79,41636425
2025-12-26 19:25:47,19622.79,19936.79,19427.88,19894.83,14736195
2025-12-27 19:25:47,19894.83,20019.41,19313.0,19575.48,12705250
2025-12-28 19:25:47,19575.48,19616.52,18943.9,19050.45,18555093
2025-12-29 19:25:47,19050.45,19229.45,18492.81,18795.34,8677628
2025-12-30 19:25:47,18795.34,19530.99,18765.84,19178.17,10862989
2025-12-31 19:25:47,19178.17,19224.13,18862.48,19098.85,1018336
2026-01-01 19:25:47,19098.85,19436.95,18263.92,18627.26,13432865
2026-01-02 19:25:47,18627.26,18956.29,18448.12,18915.4,14278985
2026-01-03 19:25:47,18915.4,19122.34,18291.19,18629.44,3325081
2026-01-04 19:25:47,18629.44,18761.58,18207.92,18432.74,39915429
2026-01-05 19:25:47,18432.74,18868.15,18357.73,18852.23,23515710
2026-01-06 19:25:47,18852.23,19093.51,18390.22,18495.05,16386980
2026-01-07 19:25:47,18495.05,18855.63,18220.43,18441.71,5832193
2026-01-08 19:25:47,18441.71,18578.78,17826.2,18174.95,13317733
2026-01-09 19:25:47,18174.95,18525.11,17766.13,18022.94,47342231
2026-01-10 19:25:47,18022.94,18223.05,17623.34,17842.75,44430836
2026-01-11 19:25:47,17842.75,17962.12,17120.85,17328.28,31918291
2026-01-12 19:25:47,17328.28,17895.44,17156.93,17722.62,43476619
2026-01-13 19:25:47,17722.62,18030.29,17646.76,17725.38,28017881
2026-01-14 19:25:47,17725.38,17995.94,17471.53,17916.55,25301521
2026-01-15 19:25:47,17916.55,18193.56,17561.53,18035.8,32233595
2026-01-16 19:25:47,18035.8,18874.1,17748.89,18544.66,1749012
2026-01-17 19:25:47,18544.66,18829.13,18181.81,18439.35,34257766
2026-01-18 19:25:47,18439.35,18905.06,18183.08,18601.77,31478044
2026-01-19 19:25:47,18601.77,18603.46,18151.62,18378.59,17053945
2026-01-20 19:25:47,18378.59,18712.97,17866.55,18203.81,34286780
2026-01-21 19:25:47,18203.81,18437.28,17694.06,17849.66,44412122
2026-01-22 19:25:47,17849.66,17960.21,17041.06,17337.56,31189460
2026-01-23 19:25:47,17337.56,17360.71,16780.78,17117.25,46617041
2026-01-24 19:25:47,17117.25,17274.67,16856.05,17158.38,8916833
2026-01-25 19:25:47,17158.38,17426.95,17020.15,17287.37,25347140
2026-01-26 19:25:47,17287.37,17659.56,17258.29,17649.82,40760388
2026-01-27 19:25:47,17649.82,17742.41,17417.66,17636.81,7866508
2026-01-28 19:25:47,17636.81,17780.57,17141.13,17379.72,31923085
2026-01-29 19:25:47,17379.72,17657.64,16948.79,17225.0,1261115
2026-01-30 19:25:47,17225.0,17638.1,17156.13,17293.05,27399368
2026-01-31 19:25:47,17293.05,17887.75,17076.81,17547.13,43513633
2026-02-01 19:25:47,17547.13,17793.27,16992.76,17046.61,10802466
2026-02-02 19:25:47,17046.61,17310.2,16613.17,16762.88,21950471
2026-02-03 19:25:47,16762.88,16980.18,16422.39,16726.06,3291853
2026-02-04 19:25:47,16726.06,17070.14,16564.64,16858.39,24973096
2026-02-05 19:25:47,16858.39,17085.74,16343.26,16440.55,39834679
2026-02-06 19:25:47,16440.55,16922.14,16401.19,16816.2,49207701
2026-02-07 19:25:47,16816.2,17397.0,16647.53,17302.73,28397969
2026-02-08 19:25:47,17302.73,17590.11,17093.87,17228.07,5737168
2026-02-09 19:25:47,17228.07,17463.58,16836.86,16988.06,36540905
2026-02-10 19:25:47,16988.06,17214.46,16576.55,16639.82,6495575
2026-02-11 19:25:47,16639.82,17085.07,16564.4,16978.7,45328420
2026-02-12 19:25:47,16978.7,17180.0,16447.25,16644.02,22835734
2026-02-13 19:25:47,16644.02,17227.08,16406.05,17001.68,17747895
2026-02-14 19:25:47,17001.68,17224.92,16482.59,16504.45,26708256
2026-02-15 19:25:47,16504.45,16599.59,15763.96,16021.54,40443771
2026-02-16 19:25:47,16021.54,16228.36,15728.63,15745.14,5808092
2026-02-17 19:25:47,15745.14,16181.66,15690.22,16098.94,43568857
2026-02-18 19:25:47,16098.94,16556.89,15860.98,16323.35,42061647
2026-02-19 19:25:47,16323.35,16458.87,16102.48,16362.07,49232570
2026-02-20 19:25:47,16362.07,16729.59,16309.2,16605.1,19748578
2026-02-21 19:25:47,16605.1,17173.22,16383.76,16989.15,16552472
2026-02-22 19:25:47,16989.15,17252.01,16745.88,16906.84,3682235
2026-02-23 19:25:47,16906.84,17152.74,16357.72,16444.62,17016762
2026-02-24 19:25:47,16444.62,17116.07,16289.29,16805.91,41824684
2026-02-25 19:25:47,16805.91,17052.17,16147.42,16468.51,25341102
2026-02-26 19:25:47,16468.51,16868.21,16305.25,16688.11,48887882
2026-02-27 19:25:47,16688.11,16704.45,16433.96,16483.45,43118221
2026-02-28 19:25:47,16483.45,16710.18,16039.13,16187.82,15913448
2026-03-01 19:25:47,16187.82,16356.04,15401.99,15704.61,42742748
2026-03-02 19:25:47,15704.61,16319.91,15398.44,16024.84,25831715
2026-03-03 19:25:47,16024.84,16675.51,15779.32,16487.85,47843627
2026-03-04 19:25:47,16487.85,16612.35,16190.99,16346.66,49410066
2026-03-05 19:25:47,16346.66,16916.07,16291.22,16786.91,9719459
2026-03-06 19:25:47,16786.91,17454.99,16757.85,17252.29,6808140
2026-03-07 19:25:47,17252.29,17271.83,16709.68,16800.08,22790731
2026-03-08 19:25:47,16800.08,17060.11,16566.98,16924.3,48704104
2026-03-09 19:25:47,16924.3,17334.11,16856.31,17076.26,37025962
2026-03-10 19:25:47,17076.26,17876.34,16819.18,17531.09,42780620
2026-03-11 19:25:47,17531.09,17625.36,17141.39,17288.8,43956894
2026-03-12 19:25:47,17288.8,17551.84,17275.47,17483.31,18472651
2026-03-13 19:25:47,17483.31,17881.91,17197.01,17840.73,16555016
2026-03-14 19:25:47,17840.73,18483.12,17585.8,18349.12,25098218
2026-03-15 19:25:47,18349.12,18621.64,17940.47,18044.03,49500736
2026-03-16 19:25:47,18044.03,18124.33,17683.84,17758.67,12729461
2026-03-17 19:25:47,17758.67,18011.72,17695.7,17929.35,35049911
2026-03-18 19:25:47,17929.35,17939.63,17536.17,17540.52,22086404
2026-03-19 19:25:47,17540.52,17793.74,17172.74,17335.45,37520625
2026-03-20 19:25:47,17335.45,17376.45,16998.3,17008.32,37010549
2026-03-21 19:25:47,17008.32,17212.31,16870.39,16999.65,41786264
2026-03-22 19:25:47,16999.65,17424.87,16837.5,17110.7,37866771
2026-03-23 19:25:47,17110.7,17359.37,16926.32,17187.61,24008634
2026-03-24 19:25:47,17187.61,17611.5,17015.7,17371.89,38412438
2026-03-25 19:25:47,17371.89,17669.88,17199.23,17546.41,15106318
2026-03-26 19:25:47,17546.41,18119.29,17286.38,17932.92,23643624
2026-03-27 19:25:47,17932.92,18318.17,17830.67,18000.82,41324566
2026-03-28 19:25:47,18000.82,18840.04,17717.51,18475.33,40155183
2026-03-29 19:25:47,18475.33,18564.82,17879.49,18224.21,43921867
2026-03-30 19:25:47,18224.21,18969.51,17974.98,18620.82,28248044
2026-03-31 19:25:47,18620.82,18928.52,18600.88,18761.47,17925014
2026-04-01 19:25:47,18761.47,19113.48,18758.95,18913.78,8147995
2026-04-02 19:25:47,18913.78,18937.14,18352.6,18404.73,15857991
2026-04-03 19:25:47,18404.73,18753.38,18183.26,18568.15,28542666
2026-04-04 19:25:47,18568.15,18754.39,17924.21,18103.84,1141334
2026-04-05 19:25:47,18103.84,18358.16,17806.29,18314.27,27548992
2026-04-06 19:25:47,18314.27,18673.83,18261.66,18348.6,4779125
2026-04-07 19:25:47,18348.6,18498.03,17595.11,17898.66,16655140
2026-04-08 19:25:47,17898.66,17911.33,17640.38,17881.15,10256976
2026-04-09 19:25:47,17881.15,17971.78,17532.41,17837.8,8613089
2026-04-10 19:25:47,17837.8,18452.55,17543.32,18214.28,47929274
2026-04-11 19:25:47,18214.28,18488.58,17940.45,18125.96,34754043
2026-04-12 19:25:47,18125.96,18730.5,17877.72,18589.21,21263015
2026-04-13 19:25:47,18589.21,18818.35,18446.11,18491.91,46217359
2026-04-14 19:25:47,18491.91,19106.53,18359.44,18834.01,1355929
2026-04-15 19:25:47,18834.01,18893.92,18557.2,18789.61,49212208
2026-04-16 19:25:47,18789.61,19055.92,18091.85,18320.11,11481370
2026-04-17 19:25:47,18320.11,18648.85,18087.09,18187.12,16374178
2026-04-18 19:25:47,18187.12,18788.78,18137.05,18562.23,32662232
2026-04-19 19:25:47,18562.23,18625.27,17788.84,18064.7,14301538
2026-04-20 19:25:47,18064.7,18325.64,17697.86,17827.23,19798678
2026-04-21 19:25:47,17827.23,18009.97,17369.9,17518.02,12713095
2026-04-22 19:25:47,17518.02,17853.67,16838.13,17039.05,43113928
2026-04-23 19:25:47,17039.05,17755.7,16947.64,17539.72,13970154
2026-04-24 19:25:47,17539.72,17671.01,17269.83,17384.72,4968215
2026-04-25 19:25:47,17384.72,17589.05,17205.49,17458.97,47207872
2026-04-26 19:25:47,17458.97,17650.57,17011.01,17052.55,21823338
2026-04-27 19:25:47,17052.55,17202.36,16817.85,17085.47,7770574
2026-04-28 19:25:47,17085.47,17436.34,16760.01,17360.49,18667381
2026-04-29 19:25:47,17360.49,17657.74,17052.76,17256.56,45168996
2026-04-30 19:25:47,17256.56,17493.45,17043.07,17083.01,2871810
2026-05-01 19:25:47,17083.01,17170.94,16788.67,17002.47,46782721
2026-05-02 19:25:47,17002.47,17315.27,16955.83,17236.89,19030006
2026-05-03 19:25:47,17236.89,17711.04,16947.44,17678.34,36417523
2026-05-04 19:25:47,17678.34,17747.41,17107.14,17166.03,14874579
2026-05-05 19:25:47,17166.03,17613.25,16974.71,17542.3,15223912
2026-05-06 19:25:47,17542.3,18126.94,17274.56,18017.46,37509110
2026-05-07 19:25:47,18017.46,18279.97,17691.51,18043.46,13342020
2026-05-08 19:25:47,18043.46,18274.74,17413.72,17520.23,31126168
2026-05-09 19:25:47,17520.23,17762.74,16869.76,17011.43,11214955
2026-05-10 19:25:47,17011.43,17450.58,16863.67,17178.54,35777188
2026-05-11 19:25:47,17178.54,17456.6,16692.18,16884.76,45881098
2026-05-12 19:25:47,16884.76,17570.57,16651.71,17309.01,29778582
2026-05-13 19:25:47,17309.01,17459.69,16680.3,16885.18,38570560
2026-05-14 19:25:47,16885.18,17377.83,16695.6,17120.23,14320349
2026-05-15 19:25:47,17120.23,17247.03,16545.19,16834.36,31306396
2026-05-16 19:25:47,16834.36,17503.61,16609.33,17188.88,31876810
2026-05-17 19:25:47,17188.88,17658.72,17081.5,17396.07,28007427
2026-05-18 19:25:47,17396.07,17487.68,16961.26,16966.85,4071227
2026-05-19 19:25:47,16966.85,17357.34,16966.35,17188.88,4171321
2026-05-20 19:25:47,17188.88,17669.46,17146.52,17381.53,24184490
2026-05-21 19:25:47,17381.53,17978.29,17283.1,17704.38,27494280
2026-05-22 19:25:47,17704.38,18020.55,17462.95,17545.97,34454473
2026-05-23 19:25:47,17545.97,17822.52,17519.84,17722.65,44219011
2026-05-24 19:25:47,17722.65,17956.6,17445.03,17482.86,43691842
2026-05-25 19:25:47,17482.86,17517.32,17205.2,17440.87,15709989
2026-05-26 19:25:47,17440.87,17731.04,17189.46,17280.38,40092005
2026-05-27 19:25:47,17280.38,17837.45,17274.83,17673.97,15123559
2026-05-28 19:25:47,17673.97,18318.54,17426.49,18008.96,31748020
2026-05-29 19:25:47,18008.96,18010.62,17710.64,17984.45,41762451
2026-05-30 19:25:47,17984.45,18073.27,17191.73,17463.24,34378122
2026-05-31 19:25:47,17463.24,17981.28,17386.09,17890.33,48335197
2026-06-01 19:25:47,17890.33,18378.59,17636.72,18041.04,46204655
2026-06-02 19:25:47,18041.04,18685.01,17882.09,18552.67,1281876
2026-06-03 19:25:47,18552.67,19012.39,18197.35,18918.93,22666161
2026-06-04 19:25:47,18918.93,19534.26,18667.55,19222.03,8869901
2026-06-05 19:25:47,19222.03,19320.7,18590.75,18942.64,7416873
2026-06-06 19:25:47,18942.64,19028.34,18742.63,19013.38,47452005
2026-06-07 19:25:47,19013.38,19411.67,18745.83,19283.07,24208251
2026-06-08 19:25:47,19283.07,19444.05,18983.22,19336.77,2245082
2026-06-09 19:25:47,19336.77,19607.55,18679.96,18860.65,7926403
2026-06-10 19:25:47,18860.65,19165.24,18487.12,19083.78,10051338
2026-06-11 19:25:47,19083.78,19514.04,18807.82,19378.14,18940654
2026-06-12 19:25:47,19378.14,19920.44,19011.8,19636.53,20419947
2026-06-13 19:25:47,19636.53,19767.19,18859.51,19173.32,44110623
2026-06-14 19:25:47,19173.32,19508.21,18781.97,19155.98,17696082
2026-06-15 19:25:47,19155.98,19179.66,18689.58,18748.18,29460162
2026-06-16 19:25:47,18748.18,19291.08,18551.04,19063.56,1789359
2026-06-17 19:25:47,19063.56,19352.53,18570.12,18750.73,20715874
2026-06-18 19:25:47,18750.73,18991.09,18730.86,18970.36,21378330
2026-06-19 19:25:47,18970.36,19189.56,18852.21,19016.4,37380959
2026-06-20 19:25:47,19016.4,19546.45,18942.06,19267.47,2848763
2026-06-21 19:25:47,19267.47,19649.99,18855.22,19011.44,26867969
2026-06-22 19:25:47,19011.44,19823.28,18645.89,19544.06,34834374
2026-06-23 19:25:47,19544.06,19908.44,18867.37,19166.56,14637445
2026-06-24 19:25:47,19166.56,19505.17,18791.89,19483.43,18345299
2026-06-25 19:25:47,19483.43,19652.71,18930.27,19118.47,22832231
2026-06-26 19:25:47,19118.47,19580.59,18984.86,19260.28,47526885
2026-06-27 19:25:47,19260.28,19494.39,19172.54,19444.13,24453457
2026-06-28 19:25:47,19444.13,19638.18,19146.01,19203.7,19922796
2026-06-29 19:25:47,19203.7,19563.36,18956.93,19007.94,28022045
2026-06-30 19:25:47,19007.94,19364.0,18770.9,19315.34,19953007
2026-07-01 19:25:47,19315.34,19633.8,18654.35,18762.2,47599389
2026-07-02 19:25:47,18762.2,19004.28,18382.07,18447.97,10237416
2026-07-03 19:25:47,18447.97,18473.04,17645.96,17918.18,10830819
2026-07-04 19:25:47,17918.18,18316.27,17754.5,18218.56,3353907
2026-07-05 19:25:47,18218.56,18463.37,17940.63,17960.17,45791035
2026-07-06 19:25:47,17960.17,18117.28,17763.5,17925.0,28457741
2026-07-07 19:25:47,17925.0,18072.39,17487.09,17658.74,33391078
2026-07-08 19:25:47,17658.74,17922.11,17179.67,17526.67,32361084
2026-07-09 19:25:47,17526.67,17960.08,17219.5,17934.82,40087059
2026-07-10 19:25:47,17934.82,18060.79,17425.17,17458.53,49832891
2026-07-11 19:25:47,17458.53,17803.67,16994.74,17110.37,42329230
2026-07-12 19:25:47,17110.37,17283.76,16609.68,16784.6,34559976
2026-07-13 19:25:47,16784.6,17479.36,16453.16,17191.05,18171384
2026-07-14 19:25:47,17191.05,17979.54,16991.31,17653.35,44438516
2026-07-15 19:25:47,17653.35,17743.06,17192.51,17419.47,13861303
2026-07-16 19:25:47,17419.47,17763.58,17205.24,17297.05,19607635
2026-07-17 19:25:47,17297.05,17774.33,16986.36,17517.55,16301379
2026-07-18 19:25:47,17517.55,17960.91,17485.54,17804.96,5028879
2026-07-19 19:25:47,17804.96,17915.24,17098.15,17387.07,39927804
2026-07-20 19:25:47,17387.07,17502.11,17031.09,17066.17,18741057
2026-07-21 19:25:47,17066.17,17270.45,16676.67,16688.75,30794274
2026-07-22 19:25:47,16688.75,16985.59,16160.02,16423.37,24646385
2026-07-23 19:25:47,16423.37,16751.67,15951.45,16254.62,39285766
2026-07-24 19:25:47,16254.62,16694.73,16158.15,16538.54,10932182
2026-07-25 19:25:47,16538.54,16666.11,16366.44,16646.61,9585387
2026-07-26 19:25:47,16646.61,17006.3,16454.57,16746.94,9796010
2026-07-27 19:25:47,16746.94,16998.69,16466.64,16844.89,37486720
2026-07-28 19:25:47,16844.89,17138.71,16323.17,16642.46,48054209
2026-07-29 19:25:47,16642.46,16971.41,16176.06,16298.45,30382443
2026-07-30 19:25:47,16298.45,16423.74,15596.45,15888.74,24164278
2026-07-31 19:25:47,15888.74,16115.62,15819.3,16002.84,38701825
2026-08-01 19:25:47,16002.84,16150.96,15753.68,15906.98,21118786
2026-08-02 19:25:47,15906.98,15941.36,15316.16,15603.72,43448974
2026-08-03 19:25:47,15603.72,16165.19,15489.29,16027.07,32183493
2026-08-04 19:25:47,16027.07,16600.99,15928.35,16422.67,10947101
2026-08-05 19:25:47,16422.67,16616.7,16135.63,16140.7,14403868
2026-08-06 19:25:47,16140.7,16479.24,16021.05,16466.25,43910229
2026-08-07 19:25:47,16466.25,16507.37,15872.78,16114.05,13160733
2026-08-08 19:25:47,16114.05,16481.55,16009.0,16221.48,21780066
2026-08-09 19:25:47,16221.48,16996.42,16108.06,16668.05,38041639
2026-08-10 19:25:47,16668.05,17078.29,16614.28,16956.56,15156242
2026-08-11 19:25:47,16956.56,17273.51,16688.27,16925.05,3605686
2026-08-12 19:25:47,16925.05,16980.94,16712.94,16810.6,15027057
2026-08-13 19:25:47,16810.6,17620.1,16578.07,17282.53,18037226
2026-08-14 19:25:47,17282.53,17968.31,17030.56,17762.73,36662275
2026-08-15 19:25:47,17762.73,17859.04,17398.05,17740.6,1045340
2026-08-16 19:25:47,17740.6,18175.48,17576.72,18084.74,13796961
2026-08-17 19:25:47,18084.74,18398.36,17630.47,17908.27,7117835
2026-08-18 19:25:47,17908.27,18399.92,17624.53,18347.03,19988289
2026-08-19 19:25:47,18347.03,18557.75,18075.54,18143.98,1965194
2026-08-20 19:25:47,18143.98,18664.47,18105.03,18362.65,41227960
2026-08-21 19:25:47,18362.65,18499.1,18213.68,18465.54,15236552
2026-08-22 19:25:47,18465.54,18612.06,18318.27,18601.57,30899575
2026-08-23 19:25:47,18601.57,18659.18,17841.17,18128.96,8619511
2026-08-24 19:25:47,18128.96,18407.09,18066.36,18074.22,41326124
2026-08-25 19:25:47,18074.22,18168.89,17842.61,18035.38,49491606
2026-08-26 19:25:47,18035.38,18277.6,17751.71,18009.62,1474497
2026-08-27 19:25:47,18009.62,18488.62,17830.65,18457.9,18124911
2026-08-28 19:25:47,18457.9,18630.83,18303.89,18570.46,35159438
2026-08-29 19:25:47,18570.46,18887.21,17824.56,18135.41,31452230
2026-08-30 19:25:47,18135.41,18458.01,17302.84,17636.92,9628819
