time,open,high,low,close,volume
2016-09-02 19:25:47,2500,2562.26,2499.46,2549.3,28158551
2016-09-03 19:25:47,2549.3,2590.91,2507.17,2536.35,49254075
2016-09-04 19:25:47,2536.35,2553.59,2439.67,2473.11,34621913
2016-09-05 19:25:47,2473.11,2518.49,2361.58,2400.81,48455353
2016-09-06 19:25:47,2400.81,2494.72,2389.72,2456.16,34965755
2016-09-07 19:25:47,2456.16,2524.39,2429.37,2477.72,19858842
2016-09-08 19:25:47,2477.72,2567.24,2475.98,2519.13,29163829
2016-09-09 19:25:47,2519.13,2541.87,2498.37,2525.24,37485588
2016-09-10 19:25:47,2525.24,2571.75,2510.56,2525.84,49941214
2016-09-11 19:25:47,2525.84,2573.3,2509.63,2521.88,31440113
2016-09-12 19:25:47,2521.88,2550.98,2458.92,2491.75,14130610
2016-09-13 19:25:47,2491.75,2520.06,2459.44,2466.39,26858429
2016-09-14 19:25:47,2466.39,2509.76,2423.97,2458.52,1878531
2016-09-15 19:25:47,2458.52,2506.8,2345.74,2388.19,26647490
2016-09-16 19:25:47,2388.19,2402.08,2315.69,2330.09,16590739
2016-09-17 19:25:47,2330.09,2373.25,2319.35,2338.55,2363065
2016-09-18 19:25:47,2338.55,2433.53,2294.48,2401.49,16033746
2016-09-19 19:25:47,2401.49,2443.07,2355.54,2366.57,19775829
2016-09-20 19:25:47,2366.57,2380.28,2312.95,2332.34,2675575
2016-09-21 19:25:47,2332.34,2360.74,2286.63,2294.66,32566265
2016-09-22 19:25:47,2294.66,2340.16,2242.78,2249.84,5728974
2016-09-23 19:25:47,2249.84,2330.47,2232.31,2287.0,22801465
2016-09-24 19:25:47,2287.0,2316.21,2264.57,2308.45,33510608
2016-09-25 19:25:47,2308.45,2320.7,2279.73,2291.95,28075710
2016-09-26 19:25:47,2291.95,2323.84,2265.62,2296.07,12854450
2016-09-27 19:25:47,2296.07,2328.89,2252.16,2299.22,38471423
2016-09-28 19:25:47,2299.22,2346.41,2286.08,2341.08,20431789
2016-09-29 19:25:47,2341.08,2454.14,2296.83,2408.13,19159607
2016-09-30 19:25:47,2408.13,2428.65,2388.29,2389.44,29805698
2016-10-01 19:25:47,2389.44,2411.16,2324.0,2353.85,19076336
2016-10-02 19:25:47,2353.85,2360.18,2304.83,2348.05,42114188
2016-10-03 19:25:47,2348.05,2394.7,2314.94,2343.57,22141295
2016-10-04 19:25:47,2343.57,2367.85,2265.16,2304.91,43224508
2016-10-05 19:25:47,2304.91,2328.25,2254.46,2257.83,26773466
2016-10-06 19:25:47,2257.83,2281.5,2255.8,2272.47,48214591
2016-10-07 19:25:47,2272.47,2301.49,2164.94,2205.38,34095463
2016-10-08 19:25:47,2205.38,2237.34,2113.89,2147.49,22698381
2016-10-09 19:25:47,2147.49,2208.55,2126.35,2205.31,22086498
2016-10-10 19:25:47,2205.31,2209.76,2156.45,2188.68,16792830
2016-10-11 19:25:47,2188.68,2252.73,2152.69,2246.28,37276782
2016-10-12 19:25:47,2246.28,2276.09,2196.31,2238.82,43403296
2016-10-13 19:25:47,2238.82,2252.21,2225.55,2240.31,45021664
2016-10-14 19:25:47,2240.31,2288.65,2231.88,2250.47,21875694
2016-10-15 19:25:47,2250.47,2267.65,2163.81,2190.08,7917223
2016-10-16 19:25:47,2190.08,2239.89,2162.35,2208.07,43878612
2016-10-17 19:25:47,2208.07,2225.62,2141.46,2144.26,28132659
2016-10-18 19:25:47,2144.26,2169.67,2091.05,2106.64,10229629
2016-10-19 19:25:47,2106.64,2151.55,2072.15,2114.25,22677687
2016-10-20 19:25:47,2114.25,2171.19,2105.12,2137.83,37532534
2016-10-21 19:25:47,2137.83,2204.39,2128.8,2172.55,44695696
2016-10-22 19:25:47,2172.55,2273.8,2164.67,2230.39,33609291
2016-10-23 19:25:47,2230.39,2245.9,2219.25,2230.69,8948941
2016-10-24 19:25:47,2230.69,2282.16,2203.66,2239.0,28778955
2016-10-25 19:25:47,2239.0,2287.02,2209.65,2274.0,40255764
2016-10-26 19:25:47,2274.0,2350.26,2233.92,2304.42,5932067
2016-10-27 19:25:47,2304.42,2350.61,2295.03,2347.12,11954616
2016-10-28 19:25:47,2347.12,2373.28,2277.75,2320.72,22587594
2016-10-29 19:25:47,2320.72,2321.63,2266.55,2285.1,13787288
2016-10-30 19:25:47,2285.1,2287.7,2201.83,2228.3,3676427
2016-10-31 19:25:47,2228.3,2295.66,2203.83,2283.13,49720533
2016-11-01 19:25:47,2283.13,2295.41,2210.19,2217.6,36891984
2016-11-02 19:25:47,2217.6,2238.73,2145.47,2159.98,33791562
2016-11-03 19:25:47,2159.98,2168.33,2084.25,2121.63,18127982
2016-11-04 19:25:47,2121.63,2133.63,2068.05,2109.16,16791650
2016-11-05 19:25:47,2109.16,2126.07,2025.63,2054.9,26382495
2016-11-06 19:25:47,2054.9,2090.35,2045.12,2054.09,24662421
2016-11-07 19:25:47,2054.09,2091.12,2033.31,2070.8,26084578
2016-11-08 19:25:47,2070.8,2086.59,2036.45,2049.76,46043327
2016-11-09 19:25:47,2049.76,2107.21,2046.22,2098.07,46327039
2016-11-10 19:25:47,2098.07,2178.19,2095.36,2136.67,44623203
2016-11-11 19:25:47,2136.67,2152.3,2118.37,2139.08,24646489
2016-11-12 19:25:47,2139.08,2230.53,2096.71,2191.75,25773277
2016-11-13 19:25:47,2191.75,2208.74,2156.24,2175.77,42817139
2016-11-14 19:25:47,2175.77,2207.17,2148.84,2174.33,31855088
2016-11-15 19:25:47,2174.33,2206.43,2087.57,2124.08,32634497
2016-11-16 19:25:47,2124.08,2156.44,2042.52,2084.08,24296301
2016-11-17 19:25:47,2084.08,2090.82,2043.43,2048.22,43351622
2016-11-18 19:25:47,2048.22,2092.39,2048.1,2080.14,9979329
2016-11-19 19:25:47,2080.14,2093.3,2016.05,2047.06,36735630
2016-11-20 19:25:47,2047.06,2107.35,2020.6,2092.92,12894833
2016-11-21 19:25:47,2092.92,2123.62,2052.09,2062.28,32627443
2016-11-22 19:25:47,2062.28,2096.55,1995.71,2031.89,27812610
2016-11-23 19:25:47,2031.89,2070.47,1992.59,2009.55,35939771
2016-11-24 19:25:47,2009.55,2021.66,1918.66,1957.29,31101384
2016-11-25 19:25:47,1957.29,1964.49,1889.9,1914.7,35631391
2016-11-26 19:25:47,1914.7,1933.53,1886.86,1901.03,26100084
2016-11-27 19:25:47,1901.03,1976.27,1867.93,1938.21,13543985
2016-11-28 19:25:47,1938.21,1949.42,1919.62,1936.19,34735924
2016-11-29 19:25:47,1936.19,1936.88,1874.36,1897.87,36558528
2016-11-30 19:25:47,1897.87,1937.83,1883.37,1910.34,46462214
2016-12-01 19:25:47,1910.34,1962.47,1896.23,1945.4,1821400
2016-12-02 19:25:47,1945.4,1977.44,1921.6,1929.4,28503336
2016-12-03 19:25:47,1929.4,1961.04,1923.37,1935.53,20787351
2016-12-04 19:25:47,1935.53,2010.35,1904.28,1988.33,27037423
2016-12-05 19:25:47,1988.33,2043.48,1953.14,2008.25,43998561
2016-12-06 19:25:47,2008.25,2038.49,1932.87,1970.69,21485610
2016-12-07 19:25:47,1970.69,1975.08,1951.73,1972.6,1490474
2016-12-08 19:25:47,1972.6,2039.29,1962.01,2008.92,37966206
2016-12-09 19:25:47,2008.92,2054.53,2000.28,2024.49,24128619
2016-12-10 19:25:47,2024.49,2031.38,2014.06,2023.42,12999784
2016-12-11 19:25:47,2023.42,2059.54,1997.73,2028.49,48673862
2016-12-12 19:25:47,2028.49,2086.88,2002.45,2071.36,8323956
2016-12-13 19:25:47,2071.36,2080.16,2039.54,2071.06,13630670
2016-12-14 19:25:47,2071.06,2103.34,2032.24,2094.59,33191774
2016-12-15 19:25:47,2094.59,2139.43,2055.03,2131.83,40928791
2016-12-16 19:25:47,2131.83,2136.9,2120.75,2125.42,27460941
2016-12-17 19:25:47,2125.42,2137.01,2054.19,2085.8,37398252
2016-12-18 19:25:47,2085.8,2119.33,2063.14,2089.16,17336583
2016-12-19 19:25:47,2089.16,2130.96,2048.77,2091.65,39955543
2016-12-20 19:25:47,2091.65,2091.75,2058.46,2072.33,43863809
2016-12-21 19:25:47,2072.33,2084.56,2002.22,2039.52,47993509
2016-12-22 19:25:47,2039.52,2045.14,2010.4,2017.8,8697083
2016-12-23 19:25:47,2017.8,2033.28,1989.0,2005.23,14986266
2016-12-24 19:25:47,2005.23,2043.62,1990.69,2018.03,1300595
2016-12-25 19:25:47,2018.03,2046.62,1990.37,2045.62,17162748
2016-12-26 19:25:47,2045.62,2047.74,1994.13,2027.21,23415676
2016-12-27 19:25:47,2027.21,2058.16,1975.89,1980.27,35872327
2016-12-28 19:25:47,1980.27,2020.97,1964.64,1989.18,5018910
2016-12-29 19:25:47,1989.18,2021.95,1967.37,2004.54,42565527
2016-12-30 19:25:47,2004.54,2087.49,1975.67,2061.65,3654889
2016-12-31 19:25:47,2061.65,2070.93,1999.29,2031.47,11252933
2017-01-01 19:25:47,2031.47,2066.42,2016.15,2051.26,43049708
2017-01-02 19:25:47,2051.26,2055.25,2023.46,2050.15,28728258
2017-01-03 19:25:47,2050.15,2063.32,2027.73,2061.43,11786608
2017-01-04 19:25:47,2061.43,2149.1,2046.5,2107.78,49023650
2017-01-05 19:25:47,2107.78,2120.99,2067.75,2114.75,20631897
2017-01-06 19:25:47,2114.75,2154.07,2101.99,2139.97,24987951
2017-01-07 19:25:47,2139.97,2156.88,2121.2,2146.56,20591623
2017-01-08 19:25:47,2146.56,2189.84,2146.07,2181.78,49296174
2017-01-09 19:25:47,2181.78,2191.18,2132.55,2156.05,19284594
2017-01-10 19:25:47,2156.05,2215.02,2130.52,2182.33,45937400
2017-01-11 19:25:47,2182.33,2204.34,2175.72,2178.84,34389373
2017-01-12 19:25:47,2178.84,2250.78,2168.14,2219.18,7602677
2017-01-13 19:25:47,2219.18,2285.77,2195.52,2248.9,2255500
2017-01-14 19:25:47,2248.9,2260.45,2229.42,2243.1,14863563
2017-01-15 19:25:47,2243.1,2296.56,2221.6,2294.68,46839759
2017-01-16 19:25:47,2294.68,2366.17,2268.21,2336.59,35288987
2017-01-17 19:25:47,2336.59,2362.11,2320.6,2344.98,8070506
2017-01-18 19:25:47,2344.98,2349.48,2247.65,2278.7,1517176
2017-01-19 19:25:47,2278.7,2309.31,2200.34,2244.99,7130122
2017-01-20 19:25:47,2244.99,2292.58,2239.07,2289.23,14589249
2017-01-21 19:25:47,2289.23,2334.1,2255.12,2270.15,20960070
2017-01-22 19:25:47,2270.15,2347.39,2253.28,2316.33,21853013
2017-01-23 19:25:47,2316.33,2326.28,2298.56,2303.82,6259819
2017-01-24 19:25:47,2303.82,2326.85,2300.27,2308.51,34159753
2017-01-25 19:25:47,2308.51,2390.38,2265.34,2364.5,9023387
2017-01-26 19:25:47,2364.5,2370.46,2292.48,2303.35,15695756
2017-01-27 19:25:47,2303.35,2350.93,2286.81,2334.07,23321527
2017-01-28 19:25:47,2334.07,2355.76,2273.8,2311.93,24307022
2017-01-29 19:25:47,2311.93,2336.72,2266.7,2326.16,31634726
2017-01-30 19:25:47,2326.16,2364.6,2228.42,2271.38,19606062
2017-01-31 19:25:47,2271.38,2319.72,2255.99,2281.07,27065212
2017-02-01 19:25:47,2281.07,2364.05,2269.07,2343.52,22290634
2017-02-02 19:25:47,2343.52,2383.52,2276.27,2308.39,12849887
2017-02-03 19:25:47,2308.39,2367.62,2285.34,2328.8,28883425
2017-02-04 19:25:47,2328.8,2335.4,2303.34,2310.58,2515710
2017-02-05 19:25:47,2310.58,2355.85,2295.18,2308.51,3687245
2017-02-06 19:25:47,2308.51,2391.35,2290.03,2356.83,37112152
2017-02-07 19:25:47,2356.83,2403.23,2263.45,2300.12,31155902
2017-02-08 19:25:47,2300.12,2327.54,2229.61,2253.94,20768751
2017-02-09 19:25:47,2253.94,2320.33,2253.24,2314.92,41833958
2017-02-10 19:25:47,2314.92,2347.49,2234.53,2259.0,40068737
2017-02-11 19:25:47,2259.0,2302.17,2215.05,2293.8,41517818
2017-02-12 19:25:47,2293.8,2313.38,2199.02,2235.61,38593088
2017-02-13 19:25:47,2235.61,2239.45,2225.85,2229.83,39104285
2017-02-14 19:25:47,2229.83,2247.9,2164.03,2191.92,47443305
2017-02-15 19:25:47,2191.92,2259.85,2153.68,2248.72,21994270
2017-02-16 19:25:47,2248.72,2251.59,2184.89,2222.14,38203043
2017-02-17 19:25:47,2222.14,2293.97,2221.09,2263.66,40147262
2017-02-18 19:25:47,2263.66,2332.32,2218.75,2312.25,10132953
2017-02-19 19:25:47,2312.25,2418.47,2271.02,2371.43,10996401
2017-02-20 19:25:47,2371.43,2431.65,2342.63,2411.38,1906932
2017-02-21 19:25:47,2411.38,2436.75,2395.12,2418.41,34282574
2017-02-22 19:25:47,2418.41,2457.99,2347.85,2353.99,10735700
2017-02-23 19:25:47,2353.99,2376.93,2302.85,2310.64,18370038
2017-02-24 19:25:47,2310.64,2354.26,2233.3,2266.99,40911391
2017-02-25 19:25:47,2266.99,2296.25,2235.43,2237.37,7190758
2017-02-26 19:25:47,2237.37,2250.48,2161.14,2192.42,11846507
2017-02-27 19:25:47,2192.42,2247.78,2169.24,2227.63,46855239
2017-02-28 19:25:47,2227.63,2266.92,2216.38,2259.75,11238066
2017-03-01 19:25:47,2259.75,2338.68,2215.05,2307.24,18399671
2017-03-02 19:25:47,2307.24,2363.94,2281.95,2342.17,27555660
2017-03-03 19:25:47,2342.17,2402.22,2296.92,2380.83,13400747
2017-03-04 19:25:47,2380.83,2461.81,2342.97,2433.44,20184168
2017-03-05 19:25:47,2433.44,2443.97,2364.6,2410.11,4848325
2017-03-06 19:25:47,2410.11,2446.3,2357.68,2388.82,36480569
2017-03-07 19:25:47,2388.82,2413.02,2288.12,2320.7,23402163
2017-03-08 19:25:47,2320.7,2327.28,2277.31,2299.63,33556254
2017-03-09 19:25:47,2299.63,2346.2,2293.66,2304.67,45280228
2017-03-10 19:25:47,2304.67,2331.12,2279.6,2297.52,2951474
2017-03-11 19:25:47,2297.52,2341.57,2245.74,2267.99,26825960
2017-03-12 19:25:47,2267.99,2296.73,2193.01,2223.17,43863507
2017-03-13 19:25:47,2223.17,2259.0,2198.35,2210.22,46605362
2017-03-14 19:25:47,2210.22,2224.84,2139.06,2147.29,41040864
2017-03-15 19:25:47,2147.29,2151.88,2109.53,2134.51,31038941
2017-03-16 19:25:47,2134.51,2186.01,2132.56,2174.22,28657158
2017-03-17 19:25:47,2174.22,2175.25,2117.4,2154.35,28591765
2017-03-18 19:25:47,2154.35,2197.28,2084.99,2108.25,11447321
2017-03-19 19:25:47,2108.25,2155.67,2107.54,2115.43,21344953
2017-03-20 19:25:47,2115.43,2147.01,2111.97,2125.45,8512983
2017-03-21 19:25:47,2125.45,2158.8,2032.54,2066.33,48135283
2017-03-22 19:25:47,2066.33,2116.81,2045.51,2089.38,30311089
2017-03-23 19:25:47,2089.38,2129.3,2025.71,2065.35,29550177
2017-03-24 19:25:47,2065.35,2102.02,2010.37,2033.84,12515073
2017-03-25 19:25:47,2033.84,2070.54,1972.7,2000.24,42299445
2017-03-26 19:25:47,2000.24,2064.05,1965.41,2058.24,27972944
2017-03-27 19:25:47,2058.24,2091.3,2001.81,2010.64,45285737
2017-03-28 19:25:47,2010.64,2013.1,1983.51,2008.21,21705734
2017-03-29 19:25:47,2008.21,2021.59,1944.65,1974.66,42784077
2017-03-30 19:25:47,1974.66,2056.45,1955.06,2030.73,2397488
2017-03-31 19:25:47,2030.73,2052.71,1978.58,1985.55,37158205
2017-04-01 19:25:47,1985.55,2014.73,1973.61,1999.45,10566917
2017-04-02 19:25:47,1999.45,2038.01,1996.5,1999.39,45973324
2017-04-03 19:25:47,1999.39,2037.1,1933.25,1960.18,42301860
2017-04-04 19:25:47,1960.18,1988.45,1917.6,1925.13,45459886
2017-04-05 19:25:47,1925.13,1950.13,1862.56,1869.02,39197360
2017-04-06 19:25:47,1869.02,1906.34,1849.63,1857.06,5345242
2017-04-07 19:25:47,1857.06,1874.43,1825.52,1840.25,9711907
2017-04-08 19:25:47,1840.25,1864.19,1804.53,1850.45,42543752
2017-04-09 19:25:47,1850.45,1890.65,1826.22,1889.77,14460756
2017-04-10 19:25:47,1889.77,1929.21,1867.97,1892.71,20361265
2017-04-11 19:25:47,1892.71,1893.53,1847.59,1884.6,12426208
2017-04-12 19:25:47,1884.6,1919.55,1878.74,1899.21,17898197
2017-04-13 19:25:47,1899.21,1969.3,1883.55,1933.67,2174237
2017-04-14 19:25:47,1933.67,1967.99,1928.84,1955.01,46744053
2017-04-15 19:25:47,1955.01,1980.33,1892.33,1930.42,45291146
2017-04-16 19:25:47,1930.42,1954.35,1915.07,1915.5,36252915
2017-04-17 19:25:47,1915.5,1977.76,1905.14,1969.65,28059094
2017-04-18 19:25:47,1969.65,1994.85,1904.37,1924.72,21152527
2017-04-19 19:25:47,1924.72,1958.54,1859.4,1888.99,31856809
2017-04-20 19:25:47,1888.99,1919.37,1855.3,1860.28,29754499
2017-04-21 19:25:47,1860.28,1891.71,1839.67,1845.5,40521359
2017-04-22 19:25:47,1845.5,1886.08,1845.26,1853.25,37987134
2017-04-23 19:25:47,1853.25,1892.76,1816.78,1886.09,42872755
2017-04-24 19:25:47,1886.09,1911.76,1873.0,1880.8,2254209
2017-04-25 19:25:47,1880.8,1904.37,1839.82,1871.66,13542750
2017-04-26 19:25:47,1871.66,1878.8,1840.23,1849.95,5512846
2017-04-27 19:25:47,1849.95,1866.55,1783.21,1800.25,24607148
2017-04-28 19:25:47,1800.25,1821.47,1772.62,1793.37,1529616
2017-04-29 19:25:47,1793.37,1848.5,1768.31,1837.93,31657838
2017-04-30 19:25:47,1837.93,1850.71,1828.35,1833.53,2545813
2017-05-01 19:25:47,1833.53,1837.45,1766.57,1779.29,8339454
2017-05-02 19:25:47,1779.29,1805.47,1746.61,1792.57,22847080
2017-05-03 19:25:47,1792.57,1871.79,1759.73,1839.17,27255393
2017-05-04 19:25:47,1839.17,1931.41,1813.91,1893.79,22953588
2017-05-05 19:25:47,1893.79,1958.43,1888.98,1938.95,29693114
2017-05-06 19:25:47,1938.95,1943.46,1919.13,1936.96,25632525
2017-05-07 19:25:47,1936.96,1967.99,1933.44,1948.65,28524841
2017-05-08 19:25:47,1948.65,1970.55,1901.21,1930.18,17079474
2017-05-09 19:25:47,1930.18,1969.33,1902.96,1961.32,18413583
2017-05-10 19:25:47,1961.32,2032.47,1928.64,2010.26,2506206
2017-05-11 19:25:47,2010.26,2036.33,1995.68,2024.5,37261134
2017-05-12 19:25:47,2024.5,2039.06,1965.86,1984.69,47399089
2017-05-13 19:25:47,1984.69,2031.97,1956.89,2010.09,1723030
2017-05-14 19:25:47,2010.09,2042.94,1941.33,1956.23,16336780
2017-05-15 19:25:47,1956.23,1991.37,1904.59,1915.23,26088201
2017-05-16 19:25:47,1915.23,1929.77,1884.81,1929.13,19033204
2017-05-17 19:25:47,1929.13,2017.43,1922.11,1985.9,4050303
2017-05-18 19:25:47,1985.9,1990.21,1924.82,1952.29,16744479
2017-05-19 19:25:47,1952.29,1967.17,1920.22,1930.13,25580815
2017-05-20 19:25:47,1930.13,1957.39,1912.22,1917.87,9897530
2017-05-21 19:25:47,1917.87,1922.17,1867.12,1889.28,4246121
2017-05-22 19:25:47,1889.28,1898.68,1815.13,1848.7,31850219
2017-05-23 19:25:47,1848.7,1862.36,1825.59,1855.84,45709087
2017-05-24 19:25:47,1855.84,1871.08,1801.84,1831.67,15731193
2017-05-25 19:25:47,1831.67,1913.3,1820.99,1882.34,30647699
2017-05-26 19:25:47,1882.34,1968.79,1857.06,1934.05,1588127
2017-05-27 19:25:47,1934.05,2003.65,1900.05,1976.4,8711611
2017-05-28 19:25:47,1976.4,1990.35,1954.17,1958.37,35314015
2017-05-29 19:25:47,1958.37,1964.5,1895.93,1922.48,13616007
2017-05-30 19:25:47,1922.48,1951.1,1905.22,1919.75,31907680
2017-05-31 19:25:47,1919.75,1941.78,1908.19,1927.9,42627513
2017-06-01 19:25:47,1927.9,2006.02,1924.53,1967.46,12843738
2017-06-02 19:25:47,1967.46,2006.15,1902.01,1914.19,22852439
2017-06-03 19:25:47,1914.19,1925.13,1880.78,1913.67,20739731
2017-06-04 19:25:47,1913.67,1972.16,1901.79,1935.14,11847972
2017-06-05 19:25:47,1935.14,1967.21,1891.02,1910.61,13445145
2017-06-06 19:25:47,1910.61,1953.95,1883.1,1935.51,28307056
2017-06-07 19:25:47,1935.51,1937.13,1899.38,1903.74,9015294
2017-06-08 19:25:47,1903.74,1924.33,1855.32,1863.54,15336970
2017-06-09 19:25:47,1863.54,1922.89,1850.7,1890.9,18309568
2017-06-10 19:25:47,1890.9,1912.67,1871.62,1885.32,48824511
2017-06-11 19:25:47,1885.32,1933.35,1877.59,1928.26,11272122
2017-06-12 19:25:47,1928.26,1959.6,1891.26,1908.81,1307894
2017-06-13 19:25:47,1908.81,1933.64,1840.15,1874.05,29518448
2017-06-14 19:25:47,1874.05,1939.97,1852.22,1924.21,25543694
2017-06-15 19:25:47,1924.21,1952.02,1915.66,1949.64,23738120
2017-06-16 19:25:47,1949.64,1957.29,1896.88,1927.35,25664650
2017-06-17 19:25:47,1927.35,1960.85,1921.88,1955.65,6061189
2017-06-18 19:25:47,1955.65,1985.65,1932.02,1953.27,21073170
2017-06-19 19:25:47,1953.27,1958.46,1902.89,1924.43,38936333
2017-06-20 19:25:47,1924.43,1927.18,1865.63,1872.03,2044464
2017-06-21 19:25:47,1872.03,1898.49,1799.84,1832.24,12785609
2017-06-22 19:25:47,1832.24,1859.92,1779.69,1787.68,37232913
2017-06-23 19:25:47,1787.68,1796.2,1746.9,1768.72,1452734
2017-06-24 19:25:47,1768.72,1786.76,1749.35,1758.92,44410255
2017-06-25 19:25:47,1758.92,1759.7,1718.4,1738.34,11963644
2017-06-26 19:25:47,1738.34,1764.84,1691.38,1719.17,33303056
2017-06-27 19:25:47,1719.17,1748.2,1660.53,1677.97,9248941
2017-06-28 19:25:47,1677.97,1706.97,1665.46,1689.39,38569959
2017-06-29 19:25:47,1689.39,1719.85,1638.8,1647.56,33565421
2017-06-30 19:25:47,1647.56,1652.33,1642.39,1646.49,9754613
2017-07-01 19:25:47,1646.49,1674.19,1622.12,1648.62,24619029
2017-07-02 19:25:47,1648.62,1716.5,1643.76,1692.07,29620376
2017-07-03 19:25:47,1692.07,1740.92,1687.35,1729.8,30323895
2017-07-04 19:25:47,1729.8,1781.7,1711.86,1775.52,7958389
2017-07-05 19:25:47,1775.52,1821.59,1741.21,1793.02,27787459
2017-07-06 19:25:47,1793.02,1823.01,1769.71,1810.89,49960485
2017-07-07 19:25:47,1810.89,1818.94,1806.12,1809.18,31826531
2017-07-08 19:25:47,1809.18,1834.09,1747.29,1777.4,26614939
2017-07-09 19:25:47,1777.4,1831.16,1746.79,1815.2,22880020
2017-07-10 19:25:47,1815.2,1827.61,1760.17,1789.13,43770477
2017-07-11 19:25:47,1789.13,1794.3,1738.32,1749.77,28621632
2017-07-12 19:25:47,1749.77,1794.06,1727.19,1781.72,28319466
2017-07-13 19:25:47,1781.72,1826.73,1761.15,1793.19,19680481
2017-07-14 19:25:47,1793.19,1803.57,1772.23,1783.4,48150770
2017-07-15 19:25:47,1783.4,1796.23,1754.06,1760.08,30133807
2017-07-16 19:25:47,1760.08,1790.31,1713.79,1731.83,14515538
2017-07-17 19:25:47,1731.83,1734.75,1652.76,1683.02,27567974
2017-07-18 19:25:47,1683.02,1719.43,1660.76,1693.82,18294286
2017-07-19 19:25:47,1693.82,1706.81,1664.47,1699.84,7316373
2017-07-20 19:25:47,1699.84,1721.45,1648.26,1654.96,25718186
2017-07-21 19:25:47,1654.96,1665.82,1589.55,1608.86,37731814
2017-07-22 19:25:47,1608.86,1624.3,1570.06,1581.37,40468442
2017-07-23 19:25:47,1581.37,1581.71,1557.97,1580.29,18591024
2017-07-24 19:25:47,1580.29,1595.25,1532.57,1545.55,27068358
2017-07-25 19:25:47,1545.55,1585.98,1533.92,1565.73,15404144
2017-07-26 19:25:47,1565.73,1617.37,1563.25,1594.79,26694520
2017-07-27 19:25:47,1594.79,1653.74,1568.69,1634.17,7553115
2017-07-28 19:25:47,1634.17,1661.21,1566.87,1590.73,8417417
2017-07-29 19:25:47,1590.73,1644.74,1576.53,1627.92,36133022
2017-07-30 19:25:47,1627.92,1677.76,1625.64,1658.18,25501376
2017-07-31 19:25:47,1658.18,1685.93,1644.19,1665.14,27156914
2017-08-01 19:25:47,1665.14,1676.35,1595.78,1624.63,34444084
2017-08-02 19:25:47,1624.63,1655.3,1611.69,1633.76,49650808
2017-08-03 19:25:47,1633.76,1698.29,1624.7,1667.82,36457453
2017-08-04 19:25:47,1667.82,1672.52,1637.67,1658.53,3113981
2017-08-05 19:25:47,1658.53,1689.43,1627.99,1637.68,49956899
2017-08-06 19:25:47,1637.68,1650.8,1585.23,1606.25,32625382
2017-08-07 19:25:47,1606.25,1637.13,1542.29,1573.1,10557166
2017-08-08 19:25:47,1573.1,1575.1,1538.8,1539.63,25252609
2017-08-09 19:25:47,1539.63,1567.54,1511.67,1526.2,29252262
2017-08-10 19:25:47,1526.2,1575.66,1501.15,1553.5,25164256
2017-08-11 19:25:47,1553.5,1600.91,1533.78,1572.46,33280893
2017-08-12 19:25:47,1572.46,1577.25,1557.33,1576.47,19769373
2017-08-13 19:25:47,1576.47,1589.39,1523.41,1550.31,15278502
2017-08-14 19:25:47,1550.31,1579.15,1501.15,1523.29,14226813
2017-08-15 19:25:47,1523.29,1554.03,1517.44,1549.83,18554088
2017-08-16 19:25:47,1549.83,1555.19,1499.42,1511.13,38281032
2017-08-17 19:25:47,1511.13,1525.37,1465.07,1493.42,44039402
2017-08-18 19:25:47,1493.42,1533.34,1480.49,1524.89,21227603
2017-08-19 19:25:47,1524.89,1589.72,1511.86,1563.7,19281280
2017-08-20 19:25:47,1563.7,1591.1,1501.91,1517.14,38299140
2017-08-21 19:25:47,1517.14,1541.8,1474.45,1484.89,42663951
2017-08-22 19:25:47,1484.89,1506.72,1436.38,1445.33,9560959
2017-08-23 19:25:47,1445.33,1483.81,1423.34,1456.34,4221048
2017-08-24 19:25:47,1456.34,1495.81,1435.96,1473.48,44728748
2017-08-25 19:25:47,1473.48,1502.6,1439.26,1458.4,17943448
2017-08-26 19:25:47,1458.4,1491.32,1452.94,1464.61,20632545
2017-08-27 19:25:47,1464.61,1466.93,1411.74,1436.21,12524403
2017-08-28 19:25:47,1436.21,1439.21,1383.5,1409.42,38817062
2017-08-29 19:25:47,1409.42,1474.25,1391.21,1451.4,26005282
2017-08-30 19:25:47,1451.4,1458.89,1414.76,1439.17,36955263
2017-08-31 19:25:47,1439.17,1495.02,1423.31,1466.63,29404521
2017-09-01 19:25:47,1466.63,1500.98,1454.85,1479.68,45640462
2017-09-02 19:25:47,1479.68,1503.4,1433.93,1455.54,20017758
2017-09-03 19:25:47,1455.54,1482.67,1437.57,1444.26,22526599
2017-09-04 19:25:47,1444.26,1463.17,1418.74,1462.89,28151075
2017-09-05 19:25:47,1462.89,1490.94,1454.83,1467.53,16120348
2017-09-06 19:25:47,1467.53,1492.38,1463.48,1470.91,6915904
2017-09-07 19:25:47,1470.91,1503.65,1459.36,1479.03,17284499
2017-09-08 19:25:47,1479.03,1525.63,1468.67,1502.06,35500854
2017-09-09 19:25:47,1502.06,1566.71,1501.51,1539.31,16309775
2017-09-10 19:25:47,1539.31,1557.37,1521.83,1526.26,39894155
2017-09-11 19:25:47,1526.26,1572.19,1497.88,1562.1,31521217
2017-09-12 19:25:47,1562.1,1587.98,1548.79,1570.63,40349274
2017-09-13 19:25:47,1570.63,1575.89,1568.36,1574.56,14358110
2017-09-14 19:25:47,1574.56,1629.06,1574.26,1619.16,14739272
2017-09-15 19:25:47,1619.16,1656.87,1586.79,1641.83,44700115
2017-09-16 19:25:47,1641.83,1645.87,1596.05,1599.22,1506076
2017-09-17 19:25:47,1599.22,1652.96,1572.85,1633.92,42319712
2017-09-18 19:25:47,1633.92,1640.31,1608.6,1614.21,12545687
2017-09-19 19:25:47,1614.21,1662.83,1606.73,1660.84,29865318
2017-09-20 19:25:47,1660.84,1673.83,1643.4,1672.8,27405475
2017-09-21 19:25:47,1672.8,1738.06,1666.59,1705.57,48552740
2017-09-22 19:25:47,1705.57,1724.82,1703.82,1705.46,15700811
2017-09-23 19:25:47,1705.46,1736.3,1657.02,1663.72,10618640
2017-09-24 19:25:47,1663.72,1672.88,1638.21,1655.25,23651435
2017-09-25 19:25:47,1655.25,1709.52,1625.46,1702.24,16391918
2017-09-26 19:25:47,1702.24,1740.19,1689.32,1719.37,31829896
2017-09-27 19:25:47,1719.37,1732.48,1645.93,1671.94,34141522
2017-09-28 19:25:47,1671.94,1705.07,1651.64,1668.39,9998582
2017-09-29 19:25:47,1668.39,1725.36,1643.99,1707.66,38703850
2017-09-30 19:25:47,1707.66,1740.38,1686.15,1717.54,13160997
2017-10-01 19:25:47,1717.54,1765.09,1702.18,1747.95,8968803
2017-10-02 19:25:47,1747.95,1759.73,1732.69,1738.13,49015821
2017-10-03 19:25:47,1738.13,1755.12,1726.45,1753.33,7211277
2017-10-04 19:25:47,1753.33,1797.51,1726.78,1771.13,49269585
2017-10-05 19:25:47,1771.13,1792.03,1732.7,1742.3,46191428
2017-10-06 19:25:47,1742.3,1779.8,1720.26,1763.59,18552930
2017-10-07 19:25:47,1763.59,1816.37,1740.22,1785.12,14494978
2017-10-08 19:25:47,1785.12,1849.69,1755.38,1822.53,38563796
2017-10-09 19:25:47,1822.53,1857.84,1813.26,1833.2,5393672
2017-10-10 19:25:47,1833.2,1876.37,1800.61,1850.53,42559134
2017-10-11 19:25:47,1850.53,1912.08,1849.19,1887.53,2541437
2017-10-12 19:25:47,1887.53,1893.38,1823.44,1850.06,19707037
2017-10-13 19:25:47,1850.06,1872.23,1782.32,1800.96,27755534
2017-10-14 19:25:47,1800.96,1826.27,1768.63,1770.65,38587551
2017-10-15 19:25:47,1770.65,1790.31,1686.55,1720.45,28035636
2017-10-16 19:25:47,1720.45,1732.92,1716.57,1718.94,27912975
2017-10-17 19:25:47,1718.94,1764.78,1716.69,1757.39,8237058
2017-10-18 19:25:47,1757.39,1805.65,1749.64,1791.5,13763959
2017-10-19 19:25:47,1791.5,1822.63,1788.82,1811.2,48692462
2017-10-20 19:25:47,1811.2,1859.48,1793.9,1828.49,31769476
2017-10-21 19:25:47,1828.49,1843.67,1760.73,1796.38,24950164
2017-10-22 19:25:47,1796.38,1845.13,1772.97,1840.27,45497218
2017-10-23 19:25:47,1840.27,1888.82,1809.09,1869.06,9412912
2017-10-24 19:25:47,1869.06,1924.25,1859.86,1917.72,15604310
2017-10-25 19:25:47,1917.72,1936.79,1862.86,1871.77,49052739
2017-10-26 19:25:47,1871.77,1875.84,1860.48,1867.53,11138153
2017-10-27 19:25:47,1867.53,1931.87,1849.51,1914.3,44187230
2017-10-28 19:25:47,1914.3,1918.45,1878.56,1900.05,12073435
2017-10-29 19:25:47,1900.05,1936.62,1865.9,1871.0,37058458
2017-10-30 19:25:47,1871.0,1881.74,1867.89,1871.25,13381382
2017-10-31 19:25:47,1871.25,1890.18,1828.09,1841.59,8778532
2017-11-01 19:25:47,1841.59,1848.4,1829.97,1834.63,14663049
2017-11-02 19:25:47,1834.63,1903.1,1830.97,1888.47,43072215
2017-11-03 19:25:47,1888.47,1925.5,1865.37,1893.53,37969133
2017-11-04 19:25:47,1893.53,1944.36,1881.32,1942.37,20695271
2017-11-05 19:25:47,1942.37,2004.5,1935.43,1993.97,37923708
2017-11-06 19:25:47,1993.97,2011.02,1959.3,1972.82,3550424
2017-11-07 19:25:47,1972.82,2011.6,1949.55,1952.09,27189402
2017-11-08 19:25:47,1952.09,1988.12,1914.39,1968.7,6904185
2017-11-09 19:25:47,1968.7,1969.73,1925.77,1949.66,43329311
2017-11-10 19:25:47,1949.66,1969.35,1912.85,1947.37,37652907
2017-11-11 19:25:47,1947.37,1960.3,1888.36,1892.66,13074956
2017-11-12 19:25:47,1892.66,1925.9,1858.14,1912.07,15272922
2017-11-13 19:25:47,1912.07,1948.07,1850.5,1875.06,18588909
2017-11-14 19:25:47,1875.06,1895.54,1854.03,1854.08,11765669
2017-11-15 19:25:47,1854.08,1865.73,1823.28,1833.85,13785423
2017-11-16 19:25:47,1833.85,1858.2,1804.98,1811.35,12291592
2017-11-17 19:25:47,1811.35,1851.47,1795.19,1826.76,38581785
2017-11-18 19:25:47,1826.76,1895.02,1792.83,1872.19,30460930
2017-11-19 19:25:47,1872.19,1872.66,1812.55,1831.4,24113672
2017-11-20 19:25:47,1831.4,1855.12,1753.69,1785.79,41272236
2017-11-21 19:25:47,1785.79,1835.6,1771.94,1831.19,28029324
2017-11-22 19:25:47,1831.19,1841.7,1797.83,1824.54,10040794
2017-11-23 19:25:47,1824.54,1846.43,1755.87,1789.18,1157380
2017-11-24 19:25:47,1789.18,1856.82,1775.12,1834.03,45126264
2017-11-25 19:25:47,1834.03,1880.51,1812.85,1856.76,49085356
2017-11-26 19:25:47,1856.76,1900.21,1840.73,1899.55,16394186
2017-11-27 19:25:47,1899.55,1909.62,1838.13,1853.9,16972017
2017-11-28 19:25:47,1853.9,1871.33,1819.39,1869.84,3913506
2017-11-29 19:25:47,1869.84,1904.97,1862.62,1885.84,41064425
2017-11-30 19:25:47,1885.84,1892.93,1858.86,1877.7,47634092
2017-12-01 19:25:47,1877.7,1922.45,1866.31,1911.15,44788448
2017-12-02 19:25:47,1911.15,1958.0,1897.19,1954.32,1352882
2017-12-03 19:25:47,1954.32,1992.18,1885.09,1918.53,33869556
2017-12-04 19:25:47,1918.53,1954.74,1859.87,1864.97,21081351
2017-12-05 19:25:47,1864.97,1904.34,1844.49,1896.38,31306649
2017-12-06 19:25:47,1896.38,1917.66,1859.82,1916.93,32560840
2017-12-07 19:25:47,1916.93,1988.51,1909.07,1969.94,38881152
2017-12-08 19:25:47,1969.94,2038.83,1966.2,2003.36,24420395
2017-12-09 19:25:47,2003.36,2025.21,1973.4,1990.24,19588197
2017-12-10 19:25:47,1990.24,1999.94,1932.01,1966.58,13599750
2017-12-11 19:25:47,1966.58,1986.2,1935.71,1939.95,28758264
2017-12-12 19:25:47,1939.95,2022.2,1916.11,1991.95,39906102
2017-12-13 19:25:47,1991.95,2001.62,1899.23,1934.96,49479296
2017-12-14 19:25:47,1934.96,1935.3,1871.91,1894.71,18026704
2017-12-15 19:25:47,1894.71,1911.51,1833.64,1845.35,20463084
2017-12-16 19:25:47,1845.35,1871.73,1843.35,1846.59,49135518
2017-12-17 19:25:47,1846.59,1848.62,1792.45,1806.87,14088970
2017-12-18 19:25:47,1806.87,1835.76,1801.03,1810.6,10404379
2017-12-19 19:25:47,1810.6,1841.68,1781.81,1821.16,44992109
2017-12-20 19:25:47,1821.16,1898.45,1810.2,1870.69,7587762
2017-12-21 19:25:47,1870.69,1950.8,1844.65,1920.74,17345754
2017-12-22 19:25:47,1920.74,1945.46,1865.13,1866.98,49803650
2017-12-23 19:25:47,1866.98,1915.25,1856.91,1909.47,48543029
2017-12-24 19:25:47,1909.47,1920.65,1824.8,1856.79,41433928
2017-12-25 19:25:47,1856.79,1914.55,1833.62,1906.89,4208697
2017-12-26 19:25:47,1906.89,1962.32,1874.1,1952.26,4650151
2017-12-27 19:25:47,1952.26,1970.53,1892.89,1908.32,38402447
2017-12-28 19:25:47,1908.32,1918.5,1827.44,1857.93,48382831
2017-12-29 19:25:47,1857.93,1860.98,1814.16,1827.33,45186334
2017-12-30 19:25:47,1827.33,1856.91,1807.07,1830.59,10627926
2017-12-31 19:25:47,1830.59,1886.4,1813.11,1885.17,7784659
2018-01-01 19:25:47,1885.17,1897.43,1877.57,1883.33,36377038
2018-01-02 19:25:47,1883.33,1905.23,1836.27,1872.15,1982588
2018-01-03 19:25:47,1872.15,1927.77,1869.88,1920.24,11917132
2018-01-04 19:25:47,1920.24,1921.83,1891.1,1894.59,32237259
2018-01-05 19:25:47,1894.59,1940.52,1877.42,1928.3,46257086
2018-01-06 19:25:47,1928.3,1957.53,1889.02,1893.0,5042404
2018-01-07 19:25:47,1893.0,1913.23,1856.84,1908.92,10907212
2018-01-08 19:25:47,1908.92,1950.64,1902.37,1948.34,6460980
2018-01-09 19:25:47,1948.34,1981.07,1872.75,1897.58,42208565
2018-01-10 19:25:47,1897.58,1968.04,1873.11,1930.52,4462214
2018-01-11 19:25:47,1930.52,1948.9,1905.21,1921.41,34513786
2018-01-12 19:25:47,1921.41,1929.85,1883.17,1889.44,24021429
2018-01-13 19:25:47,1889.44,1936.94,1879.63,1932.85,45338109
2018-01-14 19:25:47,1932.85,1955.1,1872.86,1890.18,23635010
2018-01-15 19:25:47,1890.18,1966.17,1875.53,1940.57,36216980
2018-01-16 19:25:47,1940.57,1944.62,1859.31,1896.56,32657578
2018-01-17 19:25:47,1896.56,1962.45,1864.91,1932.35,40231923
2018-01-18 19:25:47,1932.35,2026.38,1923.42,1989.04,43161930
2018-01-19 19:25:47,1989.04,2061.6,1972.43,2040.04,45775093
2018-01-20 19:25:47,2040.04,2111.14,2017.73,2071.73,25039594
2018-01-21 19:25:47,2071.73,2096.02,1996.22,2027.35,42487924
2018-01-22 19:25:47,2027.35,2052.43,1991.46,2012.01,19891325
2018-01-23 19:25:47,2012.01,2042.43,1943.61,1967.74,5366397
2018-01-24 19:25:47,1967.74,1986.36,1942.94,1958.92,44089325
2018-01-25 19:25:47,1958.92,2028.8,1919.8,2016.87,13917285
2018-01-26 19:25:47,2016.87,2068.21,2011.65,2066.91,1060452
2018-01-27 19:25:47,2066.91,2131.41,2025.73,2120.41,42237181
2018-01-28 19:25:47,2120.41,2160.22,2104.8,2137.84,42380343
2018-01-29 19:25:47,2137.84,2174.05,2043.05,2077.5,40848816
2018-01-30 19:25:47,2077.5,2096.82,2046.86,2077.98,43139182
2018-01-31 19:25:47,2077.98,2090.34,2046.09,2052.51,39098143
2018-02-01 19:25:47,2052.51,2054.33,2024.06,2047.85,49107039
2018-02-02 19:25:47,2047.85,2060.73,2004.96,2005.09,44242800
2018-02-03 19:25:47,2005.09,2007.21,1941.58,1978.39,37885635
2018-02-04 19:25:47,1978.39,1979.68,1948.04,1970.47,37178049
2018-02-05 19:25:47,1970.47,2029.45,1935.58,2013.57,36037531
2018-02-06 19:25:47,2013.57,2022.68,1978.14,2012.17,38860402
2018-02-07 19:25:47,2012.17,2026.14,1991.64,2021.29,9652897
2018-02-08 19:25:47,2021.29,2035.8,1939.07,1960.69,47687368
2018-02-09 19:25:47,1960.69,1985.05,1875.87,1906.5,47368601
2018-02-10 19:25:47,1906.5,1927.69,1870.38,1883.69,24539615
2018-02-11 19:25:47,1883.69,1917.2,1855.31,1884.26,3085851
2018-02-12 19:25:47,1884.26,1894.21,1819.65,1831.88,13045210
2018-02-13 19:25:47,1831.88,1869.77,1797.58,1865.28,19649532
2018-02-14 19:25:47,1865.28,1902.2,1823.44,1850.81,19062893
2018-02-15 19:25:47,1850.81,1858.05,1794.63,1823.89,16826209
2018-02-16 19:25:47,1823.89,1872.84,1803.59,1871.95,10011998
2018-02-17 19:25:47,1871.95,1889.69,1835.36,1878.25,41001787
2018-02-18 19:25:47,1878.25,1917.12,1878.15,1885.33,43875539
2018-02-19 19:25:47,1885.33,1943.16,1861.73,1916.64,47447512
2018-02-20 19:25:47,1916.64,1949.62,1869.2,1873.55,12113786
2018-02-21 19:25:47,1873.55,1880.72,1846.73,1869.81,26213167
2018-02-22 19:25:47,1869.81,1914.37,1849.21,1888.03,20480612
2018-02-23 19:25:47,1888.03,1969.39,1862.39,1936.45,4616252
2018-02-24 19:25:47,1936.45,1962.5,1905.09,1944.39,8499928
2018-02-25 19:25:47,1944.39,2001.82,1936.63,1999.43,23196639
2018-02-26 19:25:47,1999.43,2000.15,1922.98,1961.04,46139389
2018-02-27 19:25:47,1961.04,2031.87,1951.86,2008.89,8839716
2018-02-28 19:25:47,2008.89,2018.37,1921.23,1958.43,16301109
2018-03-01 19:25:47,1958.43,1995.26,1934.84,1975.77,27832442
2018-03-02 19:25:47,1975.77,1981.87,1930.62,1967.62,44103393
2018-03-03 19:25:47,1967.62,2017.86,1948.65,1978.87,31422151
2018-03-04 19:25:47,1978.87,2012.8,1962.53,2003.87,13851787
2018-03-05 19:25:47,2003.87,2007.54,1971.81,1986.21,5224335
2018-03-06 19:25:47,1986.21,2061.59,1978.89,2025.76,32141194
2018-03-07 19:25:47,2025.76,2056.12,1965.73,2002.8,38797712
2018-03-08 19:25:47,2002.8,2035.18,1996.25,2019.45,46196549
2018-03-09 19:25:47,2019.45,2020.13,1940.76,1968.07,36645079
2018-03-10 19:25:47,1968.07,2039.46,1942.96,2006.06,31265303
2018-03-11 19:25:47,2006.06,2043.18,1932.34,1956.21,32130405
2018-03-12 19:25:47,1956.21,1973.69,1893.54,1899.73,25908492
2018-03-13 19:25:47,1899.73,1922.16,1880.22,1891.88,7342317
2018-03-14 19:25:47,1891.88,1927.39,1882.17,1915.15,45300402
2018-03-15 19:25:47,1915.15,1988.37,1898.89,1953.46,10609336
2018-03-16 19:25:47,1953.46,1977.55,1947.16,1962.53,15629318
2018-03-17 19:25:47,1962.53,1982.0,1897.8,1907.5,46979940
2018-03-18 19:25:47,1907.5,1933.08,1870.38,1904.76,45336886
2018-03-19 19:25:47,1904.76,1917.97,1841.28,1867.35,41612417
2018-03-20 19:25:47,1867.35,1871.31,1837.08,1868.73,37753294
2018-03-21 19:25:47,1868.73,1880.58,1850.44,1856.37,20782089
2018-03-22 19:25:47,1856.37,1879.69,1805.71,1824.97,38211237
2018-03-23 19:25:47,1824.97,1877.3,1812.04,1851.53,22026696
2018-03-24 19:25:47,1851.53,1879.49,1828.32,1859.44,48454344
2018-03-25 19:25:47,1859.44,1937.24,1828.47,1913.58,41588772
2018-03-26 19:25:47,1913.58,1950.5,1858.9,1892.63,41042610
2018-03-27 19:25:47,1892.63,1944.75,1856.12,1906.62,20304546
2018-03-28 19:25:47,1906.62,1936.2,1846.24,1882.89,6838132
2018-03-29 19:25:47,1882.89,1910.54,1833.86,1841.76,11354374
2018-03-30 19:25:47,1841.76,1872.66,1822.12,1854.73,38698063
2018-03-31 19:25:47,1854.73,1889.13,1768.21,1802.34,36556770
2018-04-01 19:25:47,1802.34,1855.18,1799.8,1849.1,41133406
2018-04-02 19:25:47,1849.1,1887.1,1824.77,1876.98,7317328
2018-04-03 19:25:47,1876.98,1900.34,1847.28,1884.43,9396283
2018-04-04 19:25:47,1884.43,1909.33,1852.72,1902.03,13445298
2018-04-05 19:25:47,1902.03,1980.84,1882.43,1956.32,4974844
2018-04-06 19:25:47,1956.32,1995.51,1953.42,1967.46,42208801
2018-04-07 19:25:47,1967.46,1998.7,1958.73,1971.58,11819866
2018-04-08 19:25:47,1971.58,2000.57,1947.02,1995.76,18495365
2018-04-09 19:25:47,1995.76,2051.81,1980.83,2016.87,30067019
2018-04-10 19:25:47,2016.87,2059.96,2000.99,2026.76,4178818
2018-04-11 19:25:47,2026.76,2116.83,2010.08,2079.07,7895747
2018-04-12 19:25:47,2079.07,2126.25,2050.41,2099.1,9625099
2018-04-13 19:25:47,2099.1,2104.68,2079.28,2103.53,42550229
2018-04-14 19:25:47,2103.53,2180.05,2071.89,2147.27,46592190
2018-04-15 19:25:47,2147.27,2161.28,2108.41,2126.83,38537072
2018-04-16 19:25:47,2126.83,2160.22,2055.28,2076.32,43087306
2018-04-17 19:25:47,2076.32,2133.6,2056.29,2093.65,19301600
2018-04-18 19:25:47,2093.65,2104.41,2072.29,2076.02,7043056
2018-04-19 19:25:47,2076.02,2102.3,2044.64,2062.21,33769621
2018-04-20 19:25:47,2062.21,2068.4,1999.79,2006.87,5532110
2018-04-21 19:25:47,2006.87,2032.88,2004.18,2005.15,45344131
2018-04-22 19:25:47,2005.15,2019.32,1998.92,2014.18,22581235
2018-04-23 19:25:47,2014.18,2042.82,1959.12,1982.84,6630073
2018-04-24 19:25:47,1982.84,1985.73,1937.7,1964.64,27418029
2018-04-25 19:25:47,1964.64,1985.73,1956.4,1983.96,48050534
2018-04-26 19:25:47,1983.96,1996.43,1983.11,1984.82,6003578
2018-04-27 19:25:47,1984.82,2011.09,1968.43,1974.93,44466401
2018-04-28 19:25:47,1974.93,2011.19,1960.01,2003.69,3233402
2018-04-29 19:25:47,2003.69,2042.71,1987.76,1991.93,30118114
2018-04-30 19:25:47,1991.93,2058.95,1984.77,2020.96,26632843
2018-05-01 19:25:47,2020.96,2052.91,2002.93,2048.62,13694537
2018-05-02 19:25:47,2048.62,2063.1,2009.92,2025.55,42081939
2018-05-03 19:25:47,2025.55,2060.41,2014.18,2015.54,2040197
2018-05-04 19:25:47,2015.54,2045.7,1972.53,1991.27,9112289
2018-05-05 19:25:47,1991.27,2008.04,1919.41,1943.81,23139212
2018-05-06 19:25:47,1943.81,2032.82,1907.01,1998.1,7000607
2018-05-07 19:25:47,1998.1,2032.98,1944.46,1971.16,42433534
2018-05-08 19:25:47,1971.16,2021.49,1953.11,1996.59,31710912
2018-05-09 19:25:47,1996.59,2028.48,1928.82,1955.64,30880914
2018-05-10 19:25:47,1955.64,1979.55,1915.39,1942.56,39618983
2018-05-11 19:25:47,1942.56,1968.34,1852.31,1889.27,25051264
2018-05-12 19:25:47,1889.27,1949.06,1863.36,1927.04,21561567
2018-05-13 19:25:47,1927.04,1949.3,1859.36,1890.89,28536102
2018-05-14 19:25:47,1890.89,1958.0,1868.36,1938.76,43957526
2018-05-15 19:25:47,1938.76,1969.66,1934.43,1946.2,6405633
2018-05-16 19:25:47,1946.2,1966.37,1924.25,1939.79,39496101
2018-05-17 19:25:47,1939.79,1949.11,1899.48,1920.71,11507229
2018-05-18 19:25:47,1920.71,1960.69,1918.99,1947.06,9079194
2018-05-19 19:25:47,1947.06,1964.46,1928.14,1947.92,49618390
2018-05-20 19:25:47,1947.92,2036.78,1946.18,1997.93,14813069
2018-05-21 19:25:47,1997.93,2035.36,1914.21,1948.49,30408920
2018-05-22 19:25:47,1948.49,2009.34,1935.46,2004.37,3115104
2018-05-23 19:25:47,2004.37,2030.11,1955.85,1965.76,11113051
2018-05-24 19:25:47,1965.76,2003.38,1905.33,1933.34,13663466
2018-05-25 19:25:47,1933.34,1952.83,1879.93,1894.54,3253505
2018-05-26 19:25:47,1894.54,1913.01,1863.99,1911.41,37470302
2018-05-27 19:25:47,1911.41,1950.72,1883.55,1923.63,8100280
2018-05-28 19:25:47,1923.63,1957.21,1923.11,1946.46,41218556
2018-05-29 19:25:47,1946.46,1969.32,1876.99,1898.16,47092039
2018-05-30 19:25:47,1898.16,1931.26,1862.39,1905.11,34712925
2018-05-31 19:25:47,1905.11,1916.5,1881.58,1899.6,4652993
2018-06-01 19:25:47,1899.6,1975.36,1887.13,1953.4,25013672
2018-06-02 19:25:47,1953.4,1995.61,1950.85,1980.73,19320251
2018-06-03 19:25:47,1980.73,2018.71,1945.4,2012.47,25087921
2018-06-04 19:25:47,2012.47,2042.85,1978.21,2036.36,23059002
2018-06-05 19:25:47,2036.36,2075.57,1968.63,1977.47,11308088
2018-06-06 19:25:47,1977.47,2041.93,1969.67,2009.65,7308759
2018-06-07 19:25:47,2009.65,2068.99,1981.92,2032.12,4519676
2018-06-08 19:25:47,2032.12,2097.33,2031.7,2069.48,13548172
2018-06-09 19:25:47,2069.48,2127.5,2041.35,2121.54,1425282
2018-06-10 19:25:47,2121.54,2123.35,2076.94,2115.51,42239051
2018-06-11 19:25:47,2115.51,2139.85,2062.42,2085.48,4066325
2018-06-12 19:25:47,2085.48,2116.54,2016.68,2027.05,22777928
2018-06-13 19:25:47,2027.05,2085.65,1999.26,2077.42,13465782
2018-06-14 19:25:47,2077.42,2100.7,2072.69,2083.01,8521301
2018-06-15 19:25:47,2083.01,2118.71,2074.66,2098.14,40328482
2018-06-16 19:25:47,2098.14,2126.53,2072.78,2114.82,28895193
2018-06-17 19:25:47,2114.82,2129.64,2086.56,2091.41,9292278
2018-06-18 19:25:47,2091.41,2162.63,2089.56,2120.45,13557797
2018-06-19 19:25:47,2120.45,2142.74,2064.72,2097.63,26059740
2018-06-20 19:25:47,2097.63,2132.43,2037.78,2072.62,19475974
2018-06-21 19:25:47,2072.62,2109.27,2041.14,2048.56,5065521
2018-06-22 19:25:47,2048.56,2096.93,2038.22,2095.87,38254119
2018-06-23 19:25:47,2095.87,2121.83,2055.67,2116.79,23009790
2018-06-24 19:25:47,2116.79,2183.02,2100.21,2163.03,32167538
2018-06-25 19:25:47,2163.03,2165.47,2085.08,2114.95,9608692
2018-06-26 19:25:47,2114.95,2161.68,2097.33,2143.13,19729533
2018-06-27 19:25:47,2143.13,2170.15,2077.8,2080.85,42228365
2018-06-28 19:25:47,2080.85,2119.19,2048.61,2082.75,29744930
2018-06-29 19:25:47,2082.75,2109.69,2016.04,2034.58,13422158
2018-06-30 19:25:47,2034.58,2119.39,2019.5,2092.73,22567739
2018-07-01 19:25:47,2092.73,2141.41,2053.85,2118.19,37772446
2018-07-02 19:25:47,2118.19,2129.23,2036.93,2057.36,22300864
2018-07-03 19:25:47,2057.36,2074.85,1993.7,1996.34,15764407
2018-07-04 19:25:47,1996.34,2040.64,1961.09,2017.29,37604840
2018-07-05 19:25:47,2017.29,2045.71,1940.06,1974.09,38855673
2018-07-06 19:25:47,1974.09,2008.02,1964.95,1992.84,21083169
2018-07-07 19:25:47,1992.84,2033.3,1977.32,2012.35,18881046
2018-07-08 19:25:47,2012.35,2020.96,1974.55,1982.41,32401009
2018-07-09 19:25:47,1982.41,1991.0,1946.34,1989.04,20084245
2018-07-10 19:25:47,1989.04,1990.24,1923.44,1937.68,12439350
2018-07-11 19:25:47,1937.68,2000.81,1922.66,1979.25,35654694
2018-07-12 19:25:47,1979.25,2012.98,1964.95,1993.89,22087655
2018-07-13 19:25:47,1993.89,2018.2,1943.22,1969.97,33690214
2018-07-14 19:25:47,1969.97,1981.65,1916.09,1953.91,12641648
2018-07-15 19:25:47,1953.91,2001.99,1944.74,1992.46,4621177
2018-07-16 19:25:47,1992.46,2037.74,1952.98,2020.22,12033447
2018-07-17 19:25:47,2020.22,2047.02,2000.32,2021.26,48783494
2018-07-18 19:25:47,2021.26,2068.03,1992.4,2031.79,40598006
2018-07-19 19:25:47,2031.79,2077.43,2018.96,2049.59,39992743
2018-07-20 19:25:47,2049.59,2074.86,2017.73,2044.78,10659249
2018-07-21 19:25:47,2044.78,2065.01,2019.78,2026.37,47243381
2018-07-22 19:25:47,2026.37,2028.71,2024.43,2024.54,10632217
2018-07-23 19:25:47,2024.54,2066.59,2003.52,2029.68,22026032
2018-07-24 19:25:47,2029.68,2057.49,2016.05,2028.84,15435704
2018-07-25 19:25:47,2028.84,2037.45,2022.84,2036.44,45749792
2018-07-26 19:25:47,2036.44,2049.08,2024.94,2039.92,48681825
2018-07-27 19:25:47,2039.92,2091.02,2030.3,2070.87,14529525
2018-07-28 19:25:47,2070.87,2094.95,2059.67,2072.77,16558077
2018-07-29 19:25:47,2072.77,2084.6,2058.29,2068.24,38819778
2018-07-30 19:25:47,2068.24,2081.9,2038.56,2064.78,28421965
2018-07-31 19:25:47,2064.78,2097.29,2016.52,2054.6,4488567
2018-08-01 19:25:47,2054.6,2098.95,2021.47,2087.11,6028163
2018-08-02 19:25:47,2087.11,2088.07,2067.88,2080.58,47296578
2018-08-03 19:25:47,2080.58,2108.35,2037.73,2044.59,45026200
2018-08-04 19:25:47,2044.59,2082.71,2003.65,2012.2,40747717
2018-08-05 19:25:47,2012.2,2064.84,1993.11,2041.26,48064619
2018-08-06 19:25:47,2041.26,2042.97,1963.06,1989.52,20985669
2018-08-07 19:25:47,1989.52,2021.22,1983.81,2020.11,39290074
2018-08-08 19:25:47,2020.11,2051.57,2001.73,2046.02,39995618
2018-08-09 19:25:47,2046.02,2068.43,2001.6,2008.59,19301563
2018-08-10 19:25:47,2008.59,2028.84,1985.51,2020.87,40347821
2018-08-11 19:25:47,2020.87,2053.25,1992.38,2034.1,28435284
2018-08-12 19:25:47,2034.1,2086.34,2010.02,2048.74,34128359
2018-08-13 19:25:47,2048.74,2067.66,2041.52,2064.85,31010823
2018-08-14 19:25:47,2064.85,2109.13,2053.02,2094.12,26892177
2018-08-15 19:25:47,2094.12,2165.17,2062.95,2131.89,28880986
2018-08-16 19:25:47,2131.89,2207.53,2101.64,2183.39,48152702
2018-08-17 19:25:47,2183.39,2223.78,2158.9,2168.15,26285467
2018-08-18 19:25:47,2168.15,2203.28,2126.48,2139.33,26049647
2018-08-19 19:25:47,2139.33,2180.05,2121.33,2124.9,44822004
2018-08-20 19:25:47,2124.9,2180.04,2092.08,2146.57,42944780
2018-08-21 19:25:47,2146.57,2210.27,2113.56,2167.27,9052854
2018-08-22 19:25:47,2167.27,2233.25,2152.46,2199.68,43253430
2018-08-23 19:25:47,2199.68,2229.64,2135.35,2153.8,43875585
2018-08-24 19:25:47,2153.8,2154.75,2118.15,2143.68,13230385
2018-08-25 19:25:47,2143.68,2166.27,2075.57,2116.78,42073803
2018-08-26 19:25:47,2116.78,2133.84,2035.15,2076.59,33990095
2018-08-27 19:25:47,2076.59,2094.33,2044.16,2050.21,14869320
2018-08-28 19:25:47,2050.21,2107.35,2031.32,2098.8,34176361
2018-08-29 19:25:47,2098.8,2113.9,2060.11,2113.75,35637855
2018-08-30 19:25:47,2113.75,2173.46,2099.45,2144.39,33674339
2018-08-31 19:25:47,2144.39,2178.23,2082.2,2088.77,2185506
2018-09-01 19:25:47,2088.77,2127.38,2079.1,2115.39,49176986
2018-09-02 19:25:47,2115.39,2120.43,2051.7,2054.09,2317123
2018-09-03 19:25:47,2054.09,2080.71,1984.65,2014.58,19357864
2018-09-04 19:25:47,2014.58,2077.28,2001.95,2040.2,39249431
2018-09-05 19:25:47,2040.2,2067.08,1981.21,1981.66,46202766
2018-09-06 19:25:47,1981.66,2052.6,1978.03,2012.46,20736079
2018-09-07 19:25:47,2012.46,2052.52,1954.35,1979.16,24741521
2018-09-08 19:25:47,1979.16,1993.61,1954.25,1956.31,13645153
2018-09-09 19:25:47,1956.31,1962.6,1915.23,1919.17,4159851
2018-09-10 19:25:47,1919.17,1924.07,1893.45,1914.34,14714617
2018-09-11 19:25:47,1914.34,1969.65,1905.67,1933.95,31511553
2018-09-12 19:25:47,1933.95,1969.84,1914.6,1928.93,11067316
2018-09-13 19:25:47,1928.93,1938.89,1893.23,1908.91,5870933
2018-09-14 19:25:47,1908.91,1921.55,1859.02,1872.77,38213382
2018-09-15 19:25:47,1872.77,1906.12,1852.45,1887.75,9272572
2018-09-16 19:25:47,1887.75,1948.99,1851.48,1933.81,13035229
2018-09-17 19:25:47,1933.81,1945.6,1899.14,1934.92,12343527
2018-09-18 19:25:47,1934.92,1949.57,1916.63,1946.02,16098427
2018-09-19 19:25:47,1946.02,1997.51,1941.76,1997.35,31936621
2018-09-20 19:25:47,1997.35,2000.73,1936.56,1971.41,41714906
2018-09-21 19:25:47,1971.41,1976.6,1909.69,1922.58,2009180
2018-09-22 19:25:47,1922.58,1943.28,1909.19,1929.49,36939296
2018-09-23 19:25:47,1929.49,1995.33,1896.04,1983.38,41414565
2018-09-24 19:25:47,1983.38,2031.55,1980.25,2006.77,8343508
2018-09-25 19:25:47,2006.77,2022.8,1964.01,1994.33,12729574
2018-09-26 19:25:47,1994.33,2063.14,1976.15,2026.56,30902040
2018-09-27 19:25:47,2026.56,2060.02,2021.06,2046.84,19681837
2018-09-28 19:25:47,2046.84,2085.8,1976.76,2016.66,20912907
2018-09-29 19:25:47,2016.66,2021.81,1973.83,1987.44,15177603
2018-09-30 19:25:47,1987.44,2019.35,1948.5,1965.86,18583102
2018-10-01 19:25:47,1965.86,1983.97,1913.55,1933.07,34893354
2018-10-02 19:25:47,1933.07,1956.98,1914.0,1945.65,44837251
2018-10-03 19:25:47,1945.65,1992.74,1911.29,1960.7,38004425
2018-10-04 19:25:47,1960.7,2011.72,1951.28,1982.31,44571347
2018-10-05 19:25:47,1982.31,2018.15,1958.69,1999.29,31922445
2018-10-06 19:25:47,1999.29,2079.1,1965.92,2056.2,1607142
2018-10-07 19:25:47,2056.2,2122.71,2016.12,2107.69,40240635
2018-10-08 19:25:47,2107.69,2153.52,2066.26,2124.53,28309641
2018-10-09 19:25:47,2124.53,2154.21,2112.62,2121.23,45217809
2018-10-10 19:25:47,2121.23,2131.66,2048.19,2061.53,17777028
2018-10-11 19:25:47,2061.53,2066.42,2018.97,2052.22,22058275
2018-10-12 19:25:47,2052.22,2127.74,2051.85,2091.63,48207986
2018-10-13 19:25:47,2091.63,2138.87,2078.09,2113.95,44627629
2018-10-14 19:25:47,2113.95,2191.87,2095.44,2154.48,24770001
2018-10-15 19:25:47,2154.48,2192.77,2110.07,2138.27,49796885
2018-10-16 19:25:47,2138.27,2174.76,2062.8,2102.57,22337575
2018-10-17 19:25:47,2102.57,2104.24,2053.4,2067.73,49493975
2018-10-18 19:25:47,2067.73,2108.98,2045.31,2076.13,32199018
2018-10-19 19:25:47,2076.13,2120.51,2042.36,2091.07,46691124
2018-10-20 19:25:47,2091.07,2102.45,2026.15,2052.24,9431146
2018-10-21 19:25:47,2052.24,2080.97,1990.2,1993.58,18292102
2018-10-22 19:25:47,1993.58,2014.25,1957.71,1962.18,4976766
2018-10-23 19:25:47,1962.18,2000.83,1932.24,1960.77,6429176
2018-10-24 19:25:47,1960.77,2051.01,1954.73,2018.72,3323020
2018-10-25 19:25:47,2018.72,2049.27,1956.11,1972.31,39458767
2018-10-26 19:25:47,1972.31,2003.76,1941.91,1946.96,15032805
2018-10-27 19:25:47,1946.96,1979.48,1913.27,1922.04,28018352
2018-10-28 19:25:47,1922.04,1924.24,1873.95,1911.63,16785273
2018-10-29 19:25:47,1911.63,1936.9,1854.33,1864.4,34642929
2018-10-30 19:25:47,1864.4,1884.61,1811.79,1813.92,16768519
2018-10-31 19:25:47,1813.92,1840.45,1773.68,1776.78,11962270
2018-11-01 19:25:47,1776.78,1805.57,1721.86,1754.01,33609005
2018-11-02 19:25:47,1754.01,1794.51,1745.75,1793.69,18114243
2018-11-03 19:25:47,1793.69,1814.71,1744.65,1745.25,16571345
2018-11-04 19:25:47,1745.25,1747.05,1665.19,1698.53,44485195
2018-11-05 19:25:47,1698.53,1721.07,1630.45,1652.75,14664862
2018-11-06 19:25:47,1652.75,1690.81,1624.11,1665.4,20500729
2018-11-07 19:25:47,1665.4,1674.19,1602.46,1631.29,2519567
2018-11-08 19:25:47,1631.29,1674.85,1601.84,1658.94,45891337
2018-11-09 19:25:47,1658.94,1683.43,1649.93,1657.86,35437354
2018-11-10 19:25:47,1657.86,1668.03,1579.63,1610.13,44165969
2018-11-11 19:25:47,1610.13,1649.74,1608.57,1622.44,17761114
2018-11-12 19:25:47,1622.44,1671.91,1610.8,1654.72,42214749
2018-11-13 19:25:47,1654.72,1666.66,1632.49,1665.46,18167190
2018-11-14 19:25:47,1665.46,1713.37,1661.47,1682.19,42436671
2018-11-15 19:25:47,1682.19,1688.15,1646.43,1664.4,44816677
2018-11-16 19:25:47,1664.4,1694.12,1608.55,1626.84,39155115
2018-11-17 19:25:47,1626.84,1626.85,1575.58,1603.05,42113041
2018-11-18 19:25:47,1603.05,1626.73,1580.61,1608.31,11940387
2018-11-19 19:25:47,1608.31,1617.17,1545.9,1562.92,45355922
2018-11-20 19:25:47,1562.92,1617.16,1541.42,1589.9,38919225
2018-11-21 19:25:47,1589.9,1615.12,1573.15,1579.13,15394971
2018-11-22 19:25:47,1579.13,1619.17,1574.53,1604.31,48609820
2018-11-23 19:25:47,1604.31,1644.48,1599.18,1614.37,1232607
2018-11-24 19:25:47,1614.37,1629.9,1605.77,1615.16,39730436
2018-11-25 19:25:47,1615.16,1617.69,1592.95,1605.9,39516684
2018-11-26 19:25:47,1605.9,1641.52,1602.05,1615.59,5532152
2018-11-27 19:25:47,1615.59,1648.55,1597.65,1643.5,48168878
2018-11-28 19:25:47,1643.5,1650.47,1604.38,1607.15,3989165
2018-11-29 19:25:47,1607.15,1617.66,1538.42,1560.37,30459108
2018-11-30 19:25:47,1560.37,1586.83,1540.32,1571.0,42082955
2018-12-01 19:25:47,1571.0,1606.41,1540.87,1590.04,10620220
2018-12-02 19:25:47,1590.04,1615.04,1544.9,1560.72,12451912
2018-12-03 19:25:47,1560.72,1580.42,1525.95,1534.07,40395302
2018-12-04 19:25:47,1534.07,1556.45,1528.82,1550.6,27309735
2018-12-05 19:25:47,1550.6,1555.15,1524.66,1549.62,31690021
2018-12-06 19:25:47,1549.62,1602.66,1526.1,1584.2,48531978
2018-12-07 19:25:47,1584.2,1621.65,1553.28,1616.13,3925290
2018-12-08 19:25:47,1616.13,1646.36,1536.64,1567.73,41066241
2018-12-09 19:25:47,1567.73,1592.88,1546.83,1580.99,1809235
2018-12-10 19:25:47,1580.99,1605.85,1515.7,1543.77,16289507
2018-12-11 19:25:47,1543.77,1550.71,1498.69,1518.21,41177319
2018-12-12 19:25:47,1518.21,1563.72,1515.41,1548.82,32678258
2018-12-13 19:25:47,1548.82,1573.57,1522.78,1571.53,13605144
2018-12-14 19:25:47,1571.53,1599.22,1560.72,1567.85,10546804
2018-12-15 19:25:47,1567.85,1583.59,1560.4,1576.43,3456988
2018-12-16 19:25:47,1576.43,1580.92,1551.72,1573.96,22997214
2018-12-17 19:25:47,1573.96,1643.77,1557.65,1615.93,30161456
2018-12-18 19:25:47,1615.93,1638.8,1575.93,1583.28,35777648
2018-12-19 19:25:47,1583.28,1626.28,1564.46,1597.39,30481067
2018-12-20 19:25:47,1597.39,1618.81,1564.93,1573.11,49075527
2018-12-21 19:25:47,1573.11,1639.74,1567.14,1612.19,43219224
2018-12-22 19:25:47,1612.19,1618.39,1608.74,1616.71,45082786
2018-12-23 19:25:47,1616.71,1617.19,1591.82,1594.23,29927622
2018-12-24 19:25:47,1594.23,1646.72,1581.89,1633.11,42695309
2018-12-25 19:25:47,1633.11,1682.33,1627.33,1676.63,3061483
2018-12-26 19:25:47,1676.63,1691.09,1648.12,1673.12,25085847
2018-12-27 19:25:47,1673.12,1679.56,1619.04,1649.92,2596471
2018-12-28 19:25:47,1649.92,1650.49,1599.4,1626.75,30408279
2018-12-29 19:25:47,1626.75,1663.87,1614.76,1660.7,25122627
2018-12-30 19:25:47,1660.7,1674.41,1606.3,1619.5,33356615
2018-12-31 19:25:47,1619.5,1679.11,1599.72,1660.16,29044916
2019-01-01 19:25:47,1660.16,1723.99,1639.3,1706.48,27086024
2019-01-02 19:25:47,1706.48,1759.03,1695.1,1725.21,44355308
2019-01-03 19:25:47,1725.21,1735.59,1720.67,1722.42,49399653
2019-01-04 19:25:47,1722.42,1738.9,1689.35,1719.07,31575716
2019-01-05 19:25:47,1719.07,1782.38,1716.74,1765.62,7022391
2019-01-06 19:25:47,1765.62,1783.23,1738.0,1754.29,16557837
2019-01-07 19:25:47,1754.29,1770.16,1719.16,1747.07,35241833
2019-01-08 19:25:47,1747.07,1775.15,1735.69,1755.69,18340986
2019-01-09 19:25:47,1755.69,1767.37,1732.03,1747.37,48236408
2019-01-10 19:25:47,1747.37,1758.17,1705.03,1713.14,22974483
2019-01-11 19:25:47,1713.14,1758.19,1685.31,1751.04,24832992
2019-01-12 19:25:47,1751.04,1769.73,1702.95,1731.59,4085184
2019-01-13 19:25:47,1731.59,1746.54,1706.11,1728.81,29108664
2019-01-14 19:25:47,1728.81,1780.54,1726.55,1748.83,7670794
2019-01-15 19:25:47,1748.83,1757.89,1748.75,1756.8,32766098
2019-01-16 19:25:47,1756.8,1777.97,1705.39,1727.44,36268770
2019-01-17 19:25:47,1727.44,1749.97,1708.99,1727.2,1405335
2019-01-18 19:25:47,1727.2,1739.68,1676.61,1685.57,44265825
2019-01-19 19:25:47,1685.57,1701.93,1675.09,1685.43,42174719
2019-01-20 19:25:47,1685.43,1729.95,1654.74,1717.41,21666718
2019-01-21 19:25:47,1717.41,1741.29,1673.42,1674.69,20331543
2019-01-22 19:25:47,1674.69,1703.91,1597.79,1624.69,4192180
2019-01-23 19:25:47,1624.69,1626.55,1580.49,1607.44,44061671
2019-01-24 19:25:47,1607.44,1633.75,1565.5,1572.17,16637335
2019-01-25 19:25:47,1572.17,1628.87,1551.97,1600.86,38055911
2019-01-26 19:25:47,1600.86,1625.56,1548.33,1563.12,13890117
2019-01-27 19:25:47,1563.12,1601.05,1555.21,1581.3,48304936
2019-01-28 19:25:47,1581.3,1606.12,1559.74,1594.46,33515882
2019-01-29 19:25:47,1594.46,1609.75,1541.7,1563.95,2432916
2019-01-30 19:25:47,1563.95,1594.42,1538.35,1582.61,15868411
2019-01-31 19:25:47,1582.61,1590.45,1537.44,1543.02,48490218
2019-02-01 19:25:47,1543.02,1562.93,1527.03,1548.88,11685889
2019-02-02 19:25:47,1548.88,1560.27,1534.73,1539.32,41395416
2019-02-03 19:25:47,1539.32,1591.26,1510.47,1567.08,31389444
2019-02-04 19:25:47,1567.08,1586.16,1556.49,1584.8,1330021
2019-02-05 19:25:47,1584.8,1633.54,1581.31,1605.09,2598612
2019-02-06 19:25:47,1605.09,1618.98,1566.92,1585.51,48268444
2019-02-07 19:25:47,1585.51,1615.34,1572.77,1603.21,34697978
2019-02-08 19:25:47,1603.21,1611.2,1554.87,1576.55,34568266
2019-02-09 19:25:47,1576.55,1607.31,1551.02,1596.06,27379977
2019-02-10 19:25:47,1596.06,1631.3,1568.74,1624.05,24480426
2019-02-11 19:25:47,1624.05,1700.34,1604.0,1667.05,23996500
2019-02-12 19:25:47,1667.05,1692.59,1602.86,1620.2,11368363
2019-02-13 19:25:47,1620.2,1638.73,1548.73,1574.57,10588839
2019-02-14 19:25:47,1574.57,1597.1,1527.43,1531.11,7957147
2019-02-15 19:25:47,1531.11,1556.99,1508.18,1528.7,49844525
2019-02-16 19:25:47,1528.7,1548.45,1470.9,1483.66,48764248
2019-02-17 19:25:47,1483.66,1484.46,1444.67,1469.86,13070696
2019-02-18 19:25:47,1469.86,1492.06,1437.06,1444.68,48125678
2019-02-19 19:25:47,1444.68,1458.06,1397.05,1410.59,37824584
2019-02-20 19:25:47,1410.59,1435.27,1365.97,1391.12,40317874
2019-02-21 19:25:47,1391.12,1403.88,1376.66,1395.04,12224756
2019-02-22 19:25:47,1395.04,1420.88,1384.37,1393.4,12914231
2019-02-23 19:25:47,1393.4,1446.24,1366.86,1431.37,27556923
2019-02-24 19:25:47,1431.37,1499.42,1413.44,1470.72,4601707
2019-02-25 19:25:47,1470.72,1505.77,1466.76,1482.21,43934670
2019-02-26 19:25:47,1482.21,1529.38,1481.94,1501.54,25296288
2019-02-27 19:25:47,1501.54,1520.7,1472.44,1490.74,17880802
2019-02-28 19:25:47,1490.74,1520.21,1448.78,1454.62,42555344
2019-03-01 19:25:47,1454.62,1475.49,1415.22,1421.87,44171357
2019-03-02 19:25:47,1421.87,1422.61,1388.06,1408.32,31115011
2019-03-03 19:25:47,1408.32,1473.46,1389.74,1449.04,33446332
2019-03-04 19:25:47,1449.04,1453.01,1445.27,1446.14,48581664
2019-03-05 19:25:47,1446.14,1510.97,1438.09,1485.19,16315066
2019-03-06 19:25:47,1485.19,1504.81,1425.96,1453.42,38976729
2019-03-07 19:25:47,1453.42,1477.59,1440.04,1466.85,46831651
2019-03-08 19:25:47,1466.85,1531.84,1455.51,1505.14,20475847
2019-03-09 19:25:47,1505.14,1514.01,1495.09,1505.33,16791839
2019-03-10 19:25:47,1505.33,1562.8,1488.99,1541.41,21978698
2019-03-11 19:25:47,1541.41,1584.93,1517.3,1579.83,30981831
2019-03-12 19:25:47,1579.83,1609.38,1514.8,1543.11,15346608
2019-03-13 19:25:47,1543.11,1566.22,1541.01,1542.97,2407763
2019-03-14 19:25:47,1542.97,1556.67,1489.46,1500.55,3747740
2019-03-15 19:25:47,1500.55,1548.77,1499.23,1519.28,26594333
2019-03-16 19:25:47,1519.28,1539.18,1461.37,1479.98,47146768
2019-03-17 19:25:47,1479.98,1539.29,1470.62,1515.08,27036231
2019-03-18 19:25:47,1515.08,1555.41,1498.38,1530.89,37042019
2019-03-19 19:25:47,1530.89,1548.17,1517.29,1545.49,47759859
2019-03-20 19:25:47,1545.49,1570.18,1520.46,1549.5,15968058
2019-03-21 19:25:47,1549.5,1567.68,1516.79,1530.2,31114522
2019-03-22 19:25:47,1530.2,1536.77,1487.4,1493.23,43466435
2019-03-23 19:25:47,1493.23,1506.43,1461.68,1472.29,43088868
2019-03-24 19:25:47,1472.29,1507.65,1453.4,1480.31,7378802
2019-03-25 19:25:47,1480.31,1506.01,1456.57,1479.49,7140871
2019-03-26 19:25:47,1479.49,1479.53,1412.18,1439.4,15850264
2019-03-27 19:25:47,1439.4,1474.24,1418.84,1449.04,2392459
2019-03-28 19:25:47,1449.04,1478.45,1435.63,1465.74,33271456
2019-03-29 19:25:47,1465.74,1489.86,1445.67,1453.55,16289065
2019-03-30 19:25:47,1453.55,1479.9,1440.9,1460.41,22366870
2019-03-31 19:25:47,1460.41,1498.19,1437.85,1473.93,37553345
2019-04-01 19:25:47,1473.93,1482.21,1445.92,1465.39,20547334
2019-04-02 19:25:47,1465.39,1482.95,1421.59,1445.98,43049224
2019-04-03 19:25:47,1445.98,1486.19,1426.57,1462.84,28226006
2019-04-04 19:25:47,1462.84,1475.9,1434.99,1474.99,44070921
2019-04-05 19:25:47,1474.99,1487.55,1466.58,1485.86,17119098
2019-04-06 19:25:47,1485.86,1494.02,1470.65,1481.32,35383162
2019-04-07 19:25:47,1481.32,1505.17,1471.26,1498.68,9157846
2019-04-08 19:25:47,1498.68,1507.77,1460.51,1475.94,4301465
2019-04-09 19:25:47,1475.94,1501.6,1419.44,1432.23,29329373
2019-04-10 19:25:47,1432.23,1457.21,1375.81,1398.33,19248046
2019-04-11 19:25:47,1398.33,1434.29,1386.81,1410.6,27847464
2019-04-12 19:25:47,1410.6,1416.18,1390.19,1404.14,14258234
2019-04-13 19:25:47,1404.14,1430.19,1358.56,1372.86,33851540
2019-04-14 19:25:47,1372.86,1397.56,1352.79,1364.03,26411831
2019-04-15 19:25:47,1364.03,1378.81,1353.15,1370.28,19606519
2019-04-16 19:25:47,1370.28,1393.55,1368.2,1370.92,41855268
2019-04-17 19:25:47,1370.92,1377.68,1316.57,1333.52,37173019
2019-04-18 19:25:47,1333.52,1350.98,1317.54,1322.26,4879706
2019-04-19 19:25:47,1322.26,1336.12,1315.81,1330.31,20804420
2019-04-20 19:25:47,1330.31,1362.34,1321.88,1358.52,32472232
2019-04-21 19:25:47,1358.52,1405.85,1335.06,1389.27,38792603
2019-04-22 19:25:47,1389.27,1433.73,1369.82,1408.42,15836501
2019-04-23 19:25:47,1408.42,1435.41,1377.41,1400.9,27083721
2019-04-24 19:25:47,1400.9,1459.0,1378.55,1432.11,41656809
2019-04-25 19:25:47,1432.11,1445.98,1408.57,1434.47,37454928
2019-04-26 19:25:47,1434.47,1463.17,1424.77,1442.27,14888796
2019-04-27 19:25:47,1442.27,1458.37,1425.42,1447.65,34502970
2019-04-28 19:25:47,1447.65,1489.57,1433.21,1486.29,4336161
2019-04-29 19:25:47,1486.29,1530.65,1472.66,1519.88,47372724
2019-04-30 19:25:47,1519.88,1555.9,1490.77,1550.09,4232738
2019-05-01 19:25:47,1550.09,1558.29,1488.98,1518.69,47360949
2019-05-02 19:25:47,1518.69,1540.49,1482.51,1511.78,23839663
2019-05-03 19:25:47,1511.78,1518.1,1490.59,1494.38,16450919
2019-05-04 19:25:47,1494.38,1534.71,1469.92,1518.54,29526640
2019-05-05 19:25:47,1518.54,1550.08,1488.8,1528.97,15901704
2019-05-06 19:25:47,1528.97,1532.66,1477.01,1487.03,35730894
2019-05-07 19:25:47,1487.03,1523.97,1486.3,1494.92,28549624
2019-05-08 19:25:47,1494.92,1514.23,1425.74,1454.16,14799126
2019-05-09 19:25:47,1454.16,1467.01,1422.01,1447.0,31150171
2019-05-10 19:25:47,1447.0,1487.66,1434.38,1469.71,11092987
2019-05-11 19:25:47,1469.71,1511.21,1450.31,1498.94,1060737
2019-05-12 19:25:47,1498.94,1512.3,1475.34,1480.81,36118801
2019-05-13 19:25:47,1480.81,1506.25,1476.95,1498.53,42475312
2019-05-14 19:25:47,1498.53,1556.09,1470.34,1533.03,49583828
2019-05-15 19:25:47,1533.03,1561.21,1520.23,1534.76,43589002
2019-05-16 19:25:47,1534.76,1573.7,1517.9,1568.4,22100875
2019-05-17 19:25:47,1568.4,1595.42,1538.48,1578.7,28967468
2019-05-18 19:25:47,1578.7,1608.1,1525.19,1546.49,27694103
2019-05-19 19:25:47,1546.49,1564.66,1516.9,1558.86,21738711
2019-05-20 19:25:47,1558.86,1573.12,1523.55,1540.1,48428215
2019-05-21 19:25:47,1540.1,1560.11,1516.44,1544.33,8878873
2019-05-22 19:25:47,1544.33,1549.25,1528.95,1538.99,38059033
2019-05-23 19:25:47,1538.99,1555.32,1516.33,1536.15,4160539
2019-05-24 19:25:47,1536.15,1561.24,1471.11,1497.76,34564226
2019-05-25 19:25:47,1497.76,1563.23,1484.83,1536.0,42874217
2019-05-26 19:25:47,1536.0,1559.82,1495.99,1512.67,44058802
2019-05-27 19:25:47,1512.67,1533.12,1487.06,1504.64,10938650
2019-05-28 19:25:47,1504.64,1533.86,1484.51,1485.83,10902221
2019-05-29 19:25:47,1485.83,1505.92,1463.5,1503.26,28333630
2019-05-30 19:25:47,1503.26,1531.47,1477.07,1530.23,5485265
2019-05-31 19:25:47,1530.23,1559.41,1522.16,1528.55,28948529
2019-06-01 19:25:47,1528.55,1586.84,1522.13,1562.74,12603937
2019-06-02 19:25:47,1562.74,1588.96,1559.9,1574.93,48516335
2019-06-03 19:25:47,1574.93,1585.07,1560.72,1575.42,3557325
2019-06-04 19:25:47,1575.42,1581.87,1531.49,1539.66,21211391
2019-06-05 19:25:47,1539.66,1566.79,1516.52,1565.51,18600637
2019-06-06 19:25:47,1565.51,1621.59,1556.82,1592.81,30846592
2019-06-07 19:25:47,1592.81,1645.62,1579.39,1619.36,30620913
2019-06-08 19:25:47,1619.36,1664.94,1618.76,1649.8,26633930
2019-06-09 19:25:47,1649.8,1696.4,1644.99,1679.9,42778392
2019-06-10 19:25:47,1679.9,1687.56,1644.85,1657.26,3339586
2019-06-11 19:25:47,1657.26,1671.41,1618.75,1630.51,16740843
2019-06-12 19:25:47,1630.51,1646.77,1628.68,1629.41,19550854
2019-06-13 19:25:47,1629.41,1673.25,1622.64,1652.57,46778584
2019-06-14 19:25:47,1652.57,1655.32,1597.59,1617.12,20105505
2019-06-15 19:25:47,1617.12,1625.77,1593.15,1625.38,15690198
2019-06-16 19:25:47,1625.38,1638.77,1583.22,1592.58,19923480
2019-06-17 19:25:47,1592.58,1605.79,1586.86,1590.34,40607299
2019-06-18 19:25:47,1590.34,1601.37,1540.94,1555.49,3465986
2019-06-19 19:25:47,1555.49,1569.94,1489.74,1515.86,11257702
2019-06-20 19:25:47,1515.86,1523.95,1497.35,1509.58,38969733
2019-06-21 19:25:47,1509.58,1540.33,1506.18,1519.87,38766235
2019-06-22 19:25:47,1519.87,1529.86,1493.22,1505.88,4600298
2019-06-23 19:25:47,1505.88,1533.4,1446.64,1471.65,7624766
2019-06-24 19:25:47,1471.65,1483.89,1443.78,1455.21,25052074
2019-06-25 19:25:47,1455.21,1456.35,1397.0,1416.6,36278065
2019-06-26 19:25:47,1416.6,1468.84,1396.78,1456.82,5657571
2019-06-27 19:25:47,1456.82,1470.23,1415.0,1419.98,45938474
2019-06-28 19:25:47,1419.98,1439.05,1364.9,1384.66,9198862
2019-06-29 19:25:47,1384.66,1393.73,1356.8,1364.68,40360240
2019-06-30 19:25:47,1364.68,1378.42,1306.1,1325.67,19740130
2019-07-01 19:25:47,1325.67,1339.65,1302.88,1328.31,3290891
2019-07-02 19:25:47,1328.31,1336.61,1315.54,1323.8,33387086
2019-07-03 19:25:47,1323.8,1328.38,1290.92,1292.92,14342846
2019-07-04 19:25:47,1292.92,1312.21,1263.45,1277.48,46386543
2019-07-05 19:25:47,1277.48,1322.76,1268.72,1313.81,33331155
2019-07-06 19:25:47,1313.81,1332.07,1285.3,1311.45,25625790
2019-07-07 19:25:47,1311.45,1321.26,1286.49,1294.73,15774352
2019-07-08 19:25:47,1294.73,1328.17,1269.81,1320.32,42190438
2019-07-09 19:25:47,1320.32,1359.99,1298.71,1354.46,18919157
2019-07-10 19:25:47,1354.46,1403.55,1329.5,1378.97,45401529
2019-07-11 19:25:47,1378.97,1405.36,1355.09,1360.25,17246715
2019-07-12 19:25:47,1360.25,1414.24,1354.85,1387.18,41885879
2019-07-13 19:25:47,1387.18,1392.37,1365.22,1381.32,38282493
2019-07-14 19:25:47,1381.32,1397.11,1359.08,1378.77,10725375
2019-07-15 19:25:47,1378.77,1390.66,1359.47,1365.67,17756275
2019-07-16 19:25:47,1365.67,1382.09,1332.2,1346.1,46032214
2019-07-17 19:25:47,1346.1,1370.11,1302.0,1309.49,1034390
2019-07-18 19:25:47,1309.49,1324.16,1307.54,1315.57,44595442
2019-07-19 19:25:47,1315.57,1324.28,1308.37,1319.09,32376396
2019-07-20 19:25:47,1319.09,1334.47,1296.31,1329.31,23681052
2019-07-21 19:25:47,1329.31,1359.37,1323.95,1353.3,21014123
2019-07-22 19:25:47,1353.3,1374.04,1341.55,1345.73,44336857
2019-07-23 19:25:47,1345.73,1377.32,1339.67,1375.57,36590930
2019-07-24 19:25:47,1375.57,1386.64,1343.16,1370.37,28160305
2019-07-25 19:25:47,1370.37,1376.8,1333.43,1340.82,18326558
2019-07-26 19:25:47,1340.82,1362.52,1308.59,1308.84,33271984
2019-07-27 19:25:47,1308.84,1316.35,1256.55,1278.19,33256835
2019-07-28 19:25:47,1278.19,1295.33,1225.52,1245.61,36972633
2019-07-29 19:25:47,1245.61,1280.06,1223.56,1276.77,36710472
2019-07-30 19:25:47,1276.77,1311.92,1272.43,1301.84,3863746
2019-07-31 19:25:47,1301.84,1312.54,1268.42,1283.49,37567261
2019-08-01 19:25:47,1283.49,1294.09,1248.87,1263.12,32323857
2019-08-02 19:25:47,1263.12,1282.72,1245.15,1254.77,33276940
2019-08-03 19:25:47,1254.77,1265.02,1248.01,1252.24,3730548
2019-08-04 19:25:47,1252.24,1275.17,1227.73,1236.5,40148283
2019-08-05 19:25:47,1236.5,1265.13,1228.78,1252.72,11411641
2019-08-06 19:25:47,1252.72,1275.28,1218.76,1226.47,38254947
2019-08-07 19:25:47,1226.47,1230.15,1212.81,1215.25,22305514
2019-08-08 19:25:47,1215.25,1232.51,1196.06,1209.13,21060468
2019-08-09 19:25:47,1209.13,1232.0,1171.81,1195.04,18018853
2019-08-10 19:25:47,1195.04,1198.29,1172.9,1189.53,48313093
2019-08-11 19:25:47,1189.53,1199.25,1156.73,1158.65,39844059
2019-08-12 19:25:47,1158.65,1161.87,1122.6,1139.76,20354346
2019-08-13 19:25:47,1139.76,1155.76,1095.08,1117.21,26688822
2019-08-14 19:25:47,1117.21,1150.85,1095.23,1143.52,43860622
2019-08-15 19:25:47,1143.52,1152.89,1124.12,1150.1,49024367
2019-08-16 19:25:47,1150.1,1176.87,1129.71,1173.09,4607664
2019-08-17 19:25:47,1173.09,1177.48,1151.97,1163.94,1886236
2019-08-18 19:25:47,1163.94,1196.41,1163.15,1182.51,46665090
2019-08-19 19:25:47,1182.51,1187.94,1126.71,1149.48,2362584
2019-08-20 19:25:47,1149.48,1154.14,1137.65,1140.48,21068931
2019-08-21 19:25:47,1140.48,1145.39,1124.21,1143.42,25344031
2019-08-22 19:25:47,1143.42,1162.81,1111.67,1130.29,47415060
2019-08-23 19:25:47,1130.29,1151.23,1120.26,1133.18,48045142
2019-08-24 19:25:47,1133.18,1135.77,1103.25,1116.53,30797362
2019-08-25 19:25:47,1116.53,1156.11,1108.17,1148.8,46037450
2019-08-26 19:25:47,1148.8,1170.13,1134.73,1140.23,20902083
2019-08-27 19:25:47,1140.23,1156.56,1126.57,1154.58,33107188
2019-08-28 19:25:47,1154.58,1187.51,1152.5,1171.36,41614112
2019-08-29 19:25:47,1171.36,1181.4,1140.98,1147.11,34370180
2019-08-30 19:25:47,1147.11,1148.81,1124.55,1148.41,14014983
2019-08-31 19:25:47,1148.41,1150.68,1126.31,1144.6,16616721
2019-09-01 19:25:47,1144.6,1185.69,1144.23,1171.14,42520459
2019-09-02 19:25:47,1171.14,1187.62,1155.02,1173.6,46266351
2019-09-03 19:25:47,1173.6,1192.64,1152.88,1185.4,32476771
2019-09-04 19:25:47,1185.4,1188.56,1172.71,1175.41,8517912
2019-09-05 19:25:47,1175.41,1191.48,1153.97,1154.79,4309786
2019-09-06 19:25:47,1154.79,1177.37,1119.12,1131.86,32000629
2019-09-07 19:25:47,1131.86,1143.83,1111.15,1133.24,3965695
2019-09-08 19:25:47,1133.24,1182.66,1133.21,1166.85,36268651
2019-09-09 19:25:47,1166.85,1183.02,1129.5,1144.19,11920000
2019-09-10 19:25:47,1144.19,1157.92,1143.24,1150.89,21707717
2019-09-11 19:25:47,1150.89,1198.78,1146.94,1183.72,45549667
2019-09-12 19:25:47,1183.72,1228.18,1180.88,1217.1,25911553
2019-09-13 19:25:47,1217.1,1228.41,1208.12,1226.64,3047919
2019-09-14 19:25:47,1226.64,1265.84,1222.87,1255.0,23419650
2019-09-15 19:25:47,1255.0,1270.63,1251.92,1262.89,43812664
2019-09-16 19:25:47,1262.89,1293.43,1239.82,1289.02,6642222
2019-09-17 19:25:47,1289.02,1327.98,1286.67,1323.14,6564109
2019-09-18 19:25:47,1323.14,1362.89,1307.65,1356.03,43715668
2019-09-19 19:25:47,1356.03,1361.27,1308.39,1323.72,38248754
2019-09-20 19:25:47,1323.72,1342.53,1299.94,1324.95,16901555
2019-09-21 19:25:47,1324.95,1347.03,1303.96,1324.58,30520410
2019-09-22 19:25:47,1324.58,1336.66,1292.98,1301.12,34591337
2019-09-23 19:25:47,1301.12,1310.78,1298.14,1307.37,37624498
2019-09-24 19:25:47,1307.37,1331.42,1305.59,1327.27,25934309
2019-09-25 19:25:47,1327.27,1362.59,1319.44,1338.21,40880100
2019-09-26 19:25:47,1338.21,1383.84,1337.82,1369.4,47731675
2019-09-27 19:25:47,1369.4,1382.31,1364.04,1367.59,46581174
2019-09-28 19:25:47,1367.59,1402.94,1351.18,1377.9,39244312
2019-09-29 19:25:47,1377.9,1439.91,1373.6,1418.71,26243279
2019-09-30 19:25:47,1418.71,1466.65,1416.83,1460.29,19369993
2019-10-01 19:25:47,1460.29,1484.97,1458.35,1479.15,33539886
2019-10-02 19:25:47,1479.15,1524.46,1451.3,1501.33,29306828
2019-10-03 19:25:47,1501.33,1555.48,1485.13,1542.27,9474032
2019-10-04 19:25:47,1542.27,1591.31,1523.5,1564.24,46443913
2019-10-05 19:25:47,1564.24,1628.52,1555.44,1605.22,44868572
2019-10-06 19:25:47,1605.22,1666.67,1586.77,1650.86,6798130
2019-10-07 19:25:47,1650.86,1684.81,1645.7,1677.19,10677645
2019-10-08 19:25:47,1677.19,1710.64,1660.95,1693.6,9562782
2019-10-09 19:25:47,1693.6,1722.76,1628.14,1654.73,6447838
2019-10-10 19:25:47,1654.73,1674.26,1644.19,1672.46,13125349
2019-10-11 19:25:47,1672.46,1699.98,1652.01,1684.2,6509274
2019-10-12 19:25:47,1684.2,1685.37,1655.15,1673.54,45861757
2019-10-13 19:25:47,1673.54,1692.12,1638.87,1663.41,2124159
2019-10-14 19:25:47,1663.41,1679.35,1635.68,1653.86,46819475
2019-10-15 19:25:47,1653.86,1698.27,1625.57,1695.82,41578383
2019-10-16 19:25:47,1695.82,1708.1,1668.0,1698.71,10310021
2019-10-17 19:25:47,1698.71,1719.83,1691.99,1717.89,26562378
2019-10-18 19:25:47,1717.89,1729.53,1640.97,1672.19,16031301
2019-10-19 19:25:47,1672.19,1680.9,1624.16,1631.61,38082553
2019-10-20 19:25:47,1631.61,1631.61,1570.28,1601.04,25316181
2019-10-21 19:25:47,1601.04,1626.63,1538.32,1554.85,15428397
2019-10-22 19:25:47,1554.85,1567.11,1499.54,1530.0,2055980
2019-10-23 19:25:47,1530.0,1568.94,1503.5,1566.33,18382911
2019-10-24 19:25:47,1566.33,1573.89,1529.53,1555.6,40459048
2019-10-25 19:25:47,1555.6,1585.17,1539.59,1576.13,17162887
2019-10-26 19:25:47,1576.13,1629.63,1557.49,1618.52,8553295
2019-10-27 19:25:47,1618.52,1674.81,1593.29,1663.31,3647364
2019-10-28 19:25:47,1663.31,1696.37,1647.62,1658.08,44384528
2019-10-29 19:25:47,1658.08,1700.27,1637.21,1677.69,25083520
2019-10-30 19:25:47,1677.69,1691.93,1636.85,1642.83,36876835
2019-10-31 19:25:47,1642.83,1647.87,1596.97,1602.29,16871078
2019-11-01 19:25:47,1602.29,1611.31,1584.57,1591.29,4646968
2019-11-02 19:25:47,1591.29,1606.87,1531.14,1544.47,15179243
2019-11-03 19:25:47,1544.47,1577.59,1514.09,1559.16,33694918
2019-11-04 19:25:47,1559.16,1617.93,1536.81,1605.58,14146100
2019-11-05 19:25:47,1605.58,1636.29,1578.09,1623.8,38744095
2019-11-06 19:25:47,1623.8,1642.18,1590.09,1615.28,48777930
2019-11-07 19:25:47,1615.28,1628.17,1587.75,1593.94,39153767
2019-11-08 19:25:47,1593.94,1613.95,1563.14,1563.59,16202442
2019-11-09 19:25:47,1563.59,1593.04,1527.81,1537.67,41082987
2019-11-10 19:25:47,1537.67,1590.29,1516.97,1559.65,35460573
2019-11-11 19:25:47,1559.65,1610.99,1556.29,1599.61,21316644
2019-11-12 19:25:47,1599.61,1599.63,1544.71,1560.24,40196998
2019-11-13 19:25:47,1560.24,1626.88,1540.86,1604.08,22696890
2019-11-14 19:25:47,1604.08,1622.54,1602.85,1620.22,8199774
2019-11-15 19:25:47,1620.22,1667.39,1600.44,1647.79,22796128
2019-11-16 19:25:47,1647.79,1666.96,1605.17,1635.8,9468271
2019-11-17 19:25:47,1635.8,1663.83,1624.2,1654.74,27586666
2019-11-18 19:25:47,1654.74,1684.36,1633.91,1645.65,14547338
2019-11-19 19:25:47,1645.65,1661.5,1643.16,1657.12,25426671
2019-11-20 19:25:47,1657.12,1682.65,1602.0,1631.01,2457093
2019-11-21 19:25:47,1631.01,1640.92,1567.87,1585.54,33673543
2019-11-22 19:25:47,1585.54,1614.41,1532.89,1542.77,37200340
2019-11-23 19:25:47,1542.77,1607.72,1512.75,1586.42,18189180
2019-11-24 19:25:47,1586.42,1606.84,1564.14,1605.18,28520732
2019-11-25 19:25:47,1605.18,1655.54,1596.45,1628.13,47516858
2019-11-26 19:25:47,1628.13,1643.04,1590.75,1597.14,49499028
2019-11-27 19:25:47,1597.14,1621.15,1582.76,1600.79,27350753
2019-11-28 19:25:47,1600.79,1651.71,1600.04,1630.27,44997746
2019-11-29 19:25:47,1630.27,1635.33,1588.63,1589.18,31814306
2019-11-30 19:25:47,1589.18,1604.0,1578.22,1579.44,17310223
2019-12-01 19:25:47,1579.44,1615.71,1549.87,1588.7,10640709
2019-12-02 19:25:47,1588.7,1608.75,1564.13,1569.69,43612066
2019-12-03 19:25:47,1569.69,1581.68,1499.25,1523.22,9560992
2019-12-04 19:25:47,1523.22,1527.93,1486.23,1508.11,9429730
2019-12-05 19:25:47,1508.11,1547.4,1493.11,1547.21,37346317
2019-12-06 19:25:47,1547.21,1586.92,1532.6,1571.6,17100441
2019-12-07 19:25:47,1571.6,1575.37,1524.58,1555.17,43942726
2019-12-08 19:25:47,1555.17,1583.89,1516.22,1522.51,20496349
2019-12-09 19:25:47,1522.51,1529.74,1492.0,1511.14,48205290
2019-12-10 19:25:47,1511.14,1555.33,1508.11,1543.58,9271768
2019-12-11 19:25:47,1543.58,1559.04,1495.46,1524.76,44480478
2019-12-12 19:25:47,1524.76,1563.61,1519.93,1543.37,39282758
2019-12-13 19:25:47,1543.37,1569.3,1538.67,1542.11,26411377
2019-12-14 19:25:47,1542.11,1580.39,1521.64,1570.63,19313079
2019-12-15 19:25:47,1570.63,1621.82,1549.94,1595.45,33931299
2019-12-16 19:25:47,1595.45,1610.15,1544.44,1559.14,9171135
2019-12-17 19:25:47,1559.14,1594.12,1546.88,1566.96,49054691
2019-12-18 19:25:47,1566.96,1571.0,1499.41,1525.92,23670088
2019-12-19 19:25:47,1525.92,1546.4,1497.97,1517.26,34760393
2019-12-20 19:25:47,1517.26,1575.08,1508.96,1558.54,5946039
2019-12-21 19:25:47,1558.54,1571.7,1516.93,1532.79,30617660
2019-12-22 19:25:47,1532.79,1562.81,1494.15,1516.56,29247565
2019-12-23 19:25:47,1516.56,1546.29,1503.26,1513.65,32364964
2019-12-24 19:25:47,1513.65,1570.4,1512.48,1545.01,23485741
2019-12-25 19:25:47,1545.01,1560.11,1479.11,1505.74,18089719
2019-12-26 19:25:47,1505.74,1521.63,1490.98,1511.7,12191693
2019-12-27 19:25:47,1511.7,1525.09,1494.09,1521.27,17981535
2019-12-28 19:25:47,1521.27,1533.31,1474.34,1481.34,1406285
2019-12-29 19:25:47,1481.34,1496.34,1469.07,1481.49,30297147
2019-12-30 19:25:47,1481.49,1492.96,1462.63,1469.2,34860712
2019-12-31 19:25:47,1469.2,1498.0,1411.9,1430.74,9224291
2020-01-01 19:25:47,1430.74,1458.05,1404.22,1409.29,44042994
2020-01-02 19:25:47,1409.29,1433.85,1375.09,1392.91,39234603
2020-01-03 19:25:47,1392.91,1399.15,1354.25,1365.25,47473424
2020-01-04 19:25:47,1365.25,1402.84,1361.28,1378.93,10217089
2020-01-05 19:25:47,1378.93,1403.42,1356.58,1374.52,33232004
2020-01-06 19:25:47,1374.52,1388.7,1311.56,1336.92,49239351
2020-01-07 19:25:47,1336.92,1355.15,1334.91,1350.23,16935805
2020-01-08 19:25:47,1350.23,1363.47,1326.25,1329.69,25551424
2020-01-09 19:25:47,1329.69,1336.0,1292.79,1296.04,3359039
2020-01-10 19:25:47,1296.04,1313.65,1260.95,1278.16,12321027
2020-01-11 19:25:47,1278.16,1292.91,1251.56,1262.6,25307705
2020-01-12 19:25:47,1262.6,1278.12,1206.28,1227.77,9180220
2020-01-13 19:25:47,1227.77,1241.65,1215.37,1231.45,45673011
2020-01-14 19:25:47,1231.45,1273.35,1231.13,1261.57,37729827
2020-01-15 19:25:47,1261.57,1311.7,1255.67,1295.05,44226705
2020-01-16 19:25:47,1295.05,1310.24,1270.77,1292.45,30408172
2020-01-17 19:25:47,1292.45,1339.94,1288.47,1328.22,11767185
2020-01-18 19:25:47,1328.22,1330.01,1300.23,1314.99,1403198
2020-01-19 19:25:47,1314.99,1319.88,1277.52,1284.84,21289543
2020-01-20 19:25:47,1284.84,1333.65,1276.71,1310.23,2424445
2020-01-21 19:25:47,1310.23,1344.03,1298.16,1319.38,32973855
2020-01-22 19:25:47,1319.38,1342.5,1271.89,1292.7,30889014
2020-01-23 19:25:47,1292.7,1317.98,1288.8,1289.96,21241749
2020-01-24 19:25:47,1289.96,1311.1,1279.9,1297.12,42625271
2020-01-25 19:25:47,1297.12,1314.69,1263.25,1270.62,16363473
2020-01-26 19:25:47,1270.62,1329.44,1261.09,1303.64,4026807
2020-01-27 19:25:47,1303.64,1341.54,1302.76,1324.2,43420948
2020-01-28 19:25:47,1324.2,1333.64,1297.8,1314.44,26014518
2020-01-29 19:25:47,1314.44,1335.78,1285.71,1290.11,4072938
2020-01-30 19:25:47,1290.11,1316.52,1281.98,1294.04,38586180
2020-01-31 19:25:47,1294.04,1316.58,1272.43,1291.51,48417903
2020-02-01 19:25:47,1291.51,1299.72,1239.49,1258.1,32913297
2020-02-02 19:25:47,1258.1,1275.98,1231.88,1245.43,36982549
2020-02-03 19:25:47,1245.43,1295.41,1242.86,1280.23,43441333
2020-02-04 19:25:47,1280.23,1291.13,1246.79,1246.98,45987323
2020-02-05 19:25:47,1246.98,1262.98,1199.23,1216.19,47700725
2020-02-06 19:25:47,1216.19,1224.56,1195.43,1208.8,19689503
2020-02-07 19:25:47,1208.8,1256.36,1195.37,1231.89,48212675
2020-02-08 19:25:47,1231.89,1247.18,1218.14,1231.01,25916490
2020-02-09 19:25:47,1231.01,1244.51,1216.92,1239.24,37930887
2020-02-10 19:25:47,1239.24,1271.21,1222.15,1262.44,29123352
2020-02-11 19:25:47,1262.44,1264.66,1228.41,1252.73,40820708
2020-02-12 19:25:47,1252.73,1263.29,1197.95,1221.38,43760524
2020-02-13 19:25:47,1221.38,1259.86,1210.48,1242.8,4758639
2020-02-14 19:25:47,1242.8,1260.11,1225.29,1257.31,31250188
2020-02-15 19:25:47,1257.31,1284.83,1254.52,1280.52,19769753
2020-02-16 19:25:47,1280.52,1282.81,1231.68,1247.21,31481628
2020-02-17 19:25:47,1247.21,1256.51,1189.28,1212.98,39359290
2020-02-18 19:25:47,1212.98,1220.5,1188.69,1201.3,29139720
2020-02-19 19:25:47,1201.3,1208.89,1194.82,1199.33,19192816
2020-02-20 19:25:47,1199.33,1214.71,1155.18,1163.66,48919501
2020-02-21 19:25:47,1163.66,1182.32,1152.77,1159.28,44414536
2020-02-22 19:25:47,1159.28,1168.39,1137.5,1150.86,14156948
2020-02-23 19:25:47,1150.86,1168.43,1121.11,1135.59,16555545
2020-02-24 19:25:47,1135.59,1176.36,1133.17,1157.23,6029581
2020-02-25 19:25:47,1157.23,1187.76,1157.13,1165.11,34376240
2020-02-26 19:25:47,1165.11,1172.79,1136.94,1150.53,4121746
2020-02-27 19:25:47,1150.53,1160.64,1126.24,1131.22,33494013
2020-02-28 19:25:47,1131.22,1149.37,1114.29,1114.84,37392860
2020-02-29 19:25:47,1114.84,1117.61,1084.99,1102.64,48357848
2020-03-01 19:25:47,1102.64,1121.41,1095.27,1097.19,12420649
2020-03-02 19:25:47,1097.19,1115.43,1079.04,1115.2,41998670
2020-03-03 19:25:47,1115.2,1126.42,1107.58,1125.24,19414872
2020-03-04 19:25:47,1125.24,1135.14,1122.31,1128.12,18424760
2020-03-05 19:25:47,1128.12,1159.54,1120.65,1146.27,26772574
2020-03-06 19:25:47,1146.27,1152.42,1130.42,1132.71,17038355
2020-03-07 19:25:47,1132.71,1145.91,1118.16,1125.71,48415564
2020-03-08 19:25:47,1125.71,1145.98,1104.45,1106.75,3694651
2020-03-09 19:25:47,1106.75,1114.04,1081.51,1084.59,41029194
2020-03-10 19:25:47,1084.59,1095.73,1060.11,1063.22,42350154
2020-03-11 19:25:47,1063.22,1090.09,1045.41,1077.59,36976482
2020-03-12 19:25:47,1077.59,1099.21,1063.82,1091.38,16720216
2020-03-13 19:25:47,1091.38,1110.53,1060.13,1081.76,33169669
2020-03-14 19:25:47,1081.76,1100.99,1041.79,1056.49,29138811
2020-03-15 19:25:47,1056.49,1060.01,1036.34,1051.4,26795952
2020-03-16 19:25:47,1051.4,1051.58,1036.97,1037.75,10639938
2020-03-17 19:25:47,1037.75,1061.01,1022.61,1058.1,17647643
2020-03-18 19:25:47,1058.1,1075.88,1053.21,1060.29,38085850
2020-03-19 19:25:47,1060.29,1076.67,1025.48,1039.25,3534265
2020-03-20 19:25:47,1039.25,1048.11,1005.58,1021.33,22189670
2020-03-21 19:25:47,1021.33,1048.56,1015.37,1048.35,11356962
2020-03-22 19:25:47,1048.35,1062.01,1038.97,1056.95,38517233
2020-03-23 19:25:47,1056.95,1067.37,1036.01,1062.38,28548153
2020-03-24 19:25:47,1062.38,1083.53,1023.38,1042.84,41013473
2020-03-25 19:25:47,1042.84,1046.1,1025.89,1029.29,33101557
2020-03-26 19:25:47,1029.29,1045.01,1003.04,1005.05,2187595
2020-03-27 19:25:47,1005.05,1012.47,975.29,982.23,44561319
2020-03-28 19:25:47,982.23,997.07,974.56,980.05,38726110
2020-03-29 19:25:47,980.05,1010.97,973.24,997.5,15345266
2020-03-30 19:25:47,997.5,1007.83,996.7,1004.41,5628485
2020-03-31 19:25:47,1004.41,1015.18,998.45,1012.52,17968322
2020-04-01 19:25:47,1012.52,1015.31,985.39,999.95,9446380
2020-04-02 19:25:47,999.95,1014.18,991.35,1013.87,15073202
2020-04-03 19:25:47,1013.87,1017.7,1003.83,1012.99,26414975
2020-04-04 19:25:47,1012.99,1014.03,1005.86,1006.6,11958420
2020-04-05 19:25:47,1006.6,1017.35,973.64,990.6,13886302
2020-04-06 19:25:47,990.6,999.44,963.91,966.89,16207273
2020-04-07 19:25:47,966.89,986.82,958.09,972.85,22592839
2020-04-08 19:25:47,972.85,980.09,932.25,949.41,20529349
2020-04-09 19:25:47,949.41,983.7,936.61,974.11,42469588
2020-04-10 19:25:47,974.11,982.95,936.27,953.42,19124048
2020-04-11 19:25:47,953.42,985.94,945.46,971.06,28910649
2020-04-12 19:25:47,971.06,992.71,967.19,978.5,9430125
2020-04-13 19:25:47,978.5,1024.39,975.23,1005.71,9584520
2020-04-14 19:25:47,1005.71,1025.78,988.49,988.57,7814841
2020-04-15 19:25:47,988.57,1022.89,969.2,1007.58,43757684
2020-04-16 19:25:47,1007.58,1018.55,968.01,982.46,20375009
2020-04-17 19:25:47,982.46,1000.88,967.26,989.13,40031371
2020-04-18 19:25:47,989.13,999.8,950.73,960.48,20541047
2020-04-19 19:25:47,960.48,966.16,927.63,937.21,47223978
2020-04-20 19:25:47,937.21,962.16,933.79,954.04,24892645
2020-04-21 19:25:47,954.04,983.43,950.94,980.38,29162274
2020-04-22 19:25:47,980.38,985.57,967.54,968.4,4455964
2020-04-23 19:25:47,968.4,970.49,929.46,941.91,44679317
2020-04-24 19:25:47,941.91,959.18,924.83,948.33,48073881
2020-04-25 19:25:47,948.33,963.49,919.78,923.63,1406985
2020-04-26 19:25:47,923.63,929.74,915.31,921.17,30249578
2020-04-27 19:25:47,921.17,928.27,907.66,926.31,38961998
2020-04-28 19:25:47,926.31,944.86,908.12,940.9,39180829
2020-04-29 19:25:47,940.9,950.3,908.91,926.62,22238714
2020-04-30 19:25:47,926.62,929.82,888.69,906.31,35182377
2020-05-01 19:25:47,906.31,933.17,892.22,924.26,44244262
2020-05-02 19:25:47,924.26,935.39,888.45,903.33,41180759
2020-05-03 19:25:47,903.33,916.83,893.09,896.23,20340983
2020-05-04 19:25:47,896.23,900.07,870.8,876.78,24004880
2020-05-05 19:25:47,876.78,878.49,846.19,856.28,14418513
2020-05-06 19:25:47,856.28,882.13,843.18,867.73,4028901
2020-05-07 19:25:47,867.73,878.64,852.71,875.66,48527303
2020-05-08 19:25:47,875.66,885.4,842.66,855.36,36978972
2020-05-09 19:25:47,855.36,868.38,828.17,841.14,32147863
2020-05-10 19:25:47,841.14,868.28,833.4,864.66,26333385
2020-05-11 19:25:47,864.66,893.4,850.19,888.48,2517379
2020-05-12 19:25:47,888.48,902.05,886.49,890.86,41775805
2020-05-13 19:25:47,890.86,917.13,888.05,907.72,3347786
2020-05-14 19:25:47,907.72,926.62,895.5,919.21,26331277
2020-05-15 19:25:47,919.21,925.39,911.45,918.31,46012216
2020-05-16 19:25:47,918.31,951.14,908.85,934.48,5712050
2020-05-17 19:25:47,934.48,939.63,901.75,915.24,26236260
2020-05-18 19:25:47,915.24,928.87,894.28,906.25,3080992
2020-05-19 19:25:47,906.25,936.64,905.98,924.36,15059769
2020-05-20 19:25:47,924.36,941.09,891.35,902.47,29868373
2020-05-21 19:25:47,902.47,923.18,892.47,917.54,3147573
2020-05-22 19:25:47,917.54,928.06,915.87,925.17,12773774
2020-05-23 19:25:47,925.17,956.87,920.79,939.47,35784044
2020-05-24 19:25:47,939.47,948.7,938.52,939.51,23477741
2020-05-25 19:25:47,939.51,958.95,926.55,947.62,7932658
2020-05-26 19:25:47,947.62,967.55,945.53,954.02,27003571
2020-05-27 19:25:47,954.02,975.64,953.19,967.99,16164386
2020-05-28 19:25:47,967.99,969.91,952.04,961.36,36030249
2020-05-29 19:25:47,961.36,965.99,934.92,951.68,33547369
2020-05-30 19:25:47,951.68,959.49,937.25,949.23,29242724
2020-05-31 19:25:47,949.23,959.41,935.61,953.72,17937293
2020-06-01 19:25:47,953.72,961.15,926.35,940.13,14882733
2020-06-02 19:25:47,940.13,948.65,903.86,922.26,25269617
2020-06-03 19:25:47,922.26,938.34,908.59,918.98,31339540
2020-06-04 19:25:47,918.98,925.22,893.34,903.6,43350607
2020-06-05 19:25:47,903.6,915.43,885.28,902.9,47205107
2020-06-06 19:25:47,902.9,915.37,886.83,905.81,1941467
2020-06-07 19:25:47,905.81,935.81,894.12,929.57,32327759
2020-06-08 19:25:47,929.57,949.26,919.98,944.36,15155042
2020-06-09 19:25:47,944.36,973.56,938.31,967.46,35177746
2020-06-10 19:25:47,967.46,974.59,966.37,970.01,16554409
2020-06-11 19:25:47,970.01,987.84,944.47,958.32,5522190
2020-06-12 19:25:47,958.32,976.82,950.96,966.05,9130158
2020-06-13 19:25:47,966.05,976.64,949.06,973.07,32891607
2020-06-14 19:25:47,973.07,999.1,963.16,989.76,32655054
2020-06-15 19:25:47,989.76,996.82,955.22,970.16,28364689
2020-06-16 19:25:47,970.16,984.05,952.06,971.76,28085915
2020-06-17 19:25:47,971.76,974.97,945.61,961.81,29209328
2020-06-18 19:25:47,961.81,973.05,958.98,968.84,5467460
2020-06-19 19:25:47,968.84,973.01,956.83,961.45,14486732
2020-06-20 19:25:47,961.45,975.35,921.09,936.26,22184011
2020-06-21 19:25:47,936.26,972.09,920.38,962.82,9029073
2020-06-22 19:25:47,962.82,980.19,934.96,946.6,3787878
2020-06-23 19:25:47,946.6,955.06,930.07,941.05,9631657
2020-06-24 19:25:47,941.05,966.95,937.62,962.19,17292181
2020-06-25 19:25:47,962.19,976.46,953.14,956.59,32764877
2020-06-26 19:25:47,956.59,957.57,914.51,929.43,20831609
2020-06-27 19:25:47,929.43,950.64,912.25,933.74,43466283
2020-06-28 19:25:47,933.74,936.45,923.45,931.85,38868661
2020-06-29 19:25:47,931.85,968.86,916.87,956.69,25350042
2020-06-30 19:25:47,956.69,956.97,933.54,934.97,5505278
2020-07-01 19:25:47,934.97,943.58,922.33,928.66,23780779
2020-07-02 19:25:47,928.66,930.21,921.43,924.14,10409294
2020-07-03 19:25:47,924.14,937.1,897.24,900.3,30698498
2020-07-04 19:25:47,900.3,907.36,887.59,898.23,7688038
2020-07-05 19:25:47,898.23,904.15,893.72,895.26,37386159
2020-07-06 19:25:47,895.26,922.46,881.78,917.33,3450523
2020-07-07 19:25:47,917.33,928.07,901.9,906.46,14130082
2020-07-08 19:25:47,906.46,906.78,890.72,906.54,49942534
2020-07-09 19:25:47,906.54,917.68,877.38,892.83,21967310
2020-07-10 19:25:47,892.83,896.37,861.52,878.89,10136621
2020-07-11 19:25:47,878.89,900.28,865.34,884.19,40083975
2020-07-12 19:25:47,884.19,893.36,870.62,881.04,26885790
2020-07-13 19:25:47,881.04,891.25,840.84,856.32,9932419
2020-07-14 19:25:47,856.32,893.36,852.76,879.81,1186986
2020-07-15 19:25:47,879.81,904.47,864.39,899.95,4455438
2020-07-16 19:25:47,899.95,907.65,880.38,886.87,9226971
2020-07-17 19:25:47,886.87,910.21,874.69,905.96,9661147
2020-07-18 19:25:47,905.96,909.99,890.21,892.99,23856569
2020-07-19 19:25:47,892.99,907.15,873.59,888.16,8627346
2020-07-20 19:25:47,888.16,897.76,856.58,867.68,5951046
2020-07-21 19:25:47,867.68,884.38,861.12,869.16,48109559
2020-07-22 19:25:47,869.16,882.78,855.57,874.97,43046528
2020-07-23 19:25:47,874.97,883.07,862.37,865.66,22071852
2020-07-24 19:25:47,865.66,898.16,856.61,886.99,9889342
2020-07-25 19:25:47,886.99,889.58,876.59,880.32,14482254
2020-07-26 19:25:47,880.32,906.26,866.83,893.24,29467062
2020-07-27 19:25:47,893.24,922.56,879.7,919.82,11852137
2020-07-28 19:25:47,919.82,953.72,909.97,939.2,35886550
2020-07-29 19:25:47,939.2,963.37,933.27,954.21,2176133
2020-07-30 19:25:47,954.21,989.59,936.54,980.97,2322617
2020-07-31 19:25:47,980.97,1012.41,972.78,998.6,37024185
2020-08-01 19:25:47,998.6,1014.13,969.16,971.11,15665877
2020-08-02 19:25:47,971.11,982.86,953.48,982.35,45471455
2020-08-03 19:25:47,982.35,1020.19,981.67,1004.72,36250556
2020-08-04 19:25:47,1004.72,1023.65,975.57,981.57,9607908
2020-08-05 19:25:47,981.57,997.41,978.36,996.1,16036199
2020-08-06 19:25:47,996.1,1002.55,992.8,998.11,39929302
2020-08-07 19:25:47,998.11,1014.52,981.53,993.57,34272311
2020-08-08 19:25:47,993.57,1006.41,978.51,984.25,29375855
2020-08-09 19:25:47,984.25,1003.65,968.5,984.79,3665428
2020-08-10 19:25:47,984.79,1015.37,969.4,1000.95,22632814
2020-08-11 19:25:47,1000.95,1002.41,992.32,1000.32,12054594
2020-08-12 19:25:47,1000.32,1012.42,987.56,1008.09,38356853
2020-08-13 19:25:47,1008.09,1029.51,992.08,1016.49,10970750
2020-08-14 19:25:47,1016.49,1033.24,1003.51,1027.9,46703079
2020-08-15 19:25:47,1027.9,1034.33,996.45,1008.82,3026161
2020-08-16 19:25:47,1008.82,1010.52,994.74,1004.18,45752604
2020-08-17 19:25:47,1004.18,1015.57,967.84,979.85,30691651
2020-08-18 19:25:47,979.85,990.95,937.17,954.67,20842127
2020-08-19 19:25:47,954.67,985.7,944.42,967.94,6581945
2020-08-20 19:25:47,967.94,1002.07,959.46,991.27,40423126
2020-08-21 19:25:47,991.27,1007.21,977.89,1006.86,25789213
2020-08-22 19:25:47,1006.86,1024.47,987.88,1014.05,47170892
2020-08-23 19:25:47,1014.05,1029.04,1000.57,1026.47,33624754
2020-08-24 19:25:47,1026.47,1031.68,999.87,1003.82,6681358
2020-08-25 19:25:47,1003.82,1021.09,973.49,979.91,29640741
2020-08-26 19:25:47,979.91,1006.63,970.4,1003.15,21527528
2020-08-27 19:25:47,1003.15,1030.79,995.47,1019.68,8719641
2020-08-28 19:25:47,1019.68,1038.42,975.01,991.85,4825862
2020-08-29 19:25:47,991.85,1001.88,947.36,962.11,37966960
2020-08-30 19:25:47,962.11,987.66,950.69,980.28,29997575
2020-08-31 19:25:47,980.28,998.82,965.64,969.58,7402496
2020-09-01 19:25:47,969.58,999.79,950.48,992.7,9296658
2020-09-02 19:25:47,992.7,1028.14,987.02,1021.96,11488037
2020-09-03 19:25:47,1021.96,1031.04,1002.42,1015.04,7074602
2020-09-04 19:25:47,1015.04,1029.29,1012.23,1021.97,40538746
2020-09-05 19:25:47,1021.97,1026.46,989.02,1008.9,32757888
2020-09-06 19:25:47,1008.9,1021.81,993.64,1010.58,31656279
2020-09-07 19:25:47,1010.58,1033.13,994.45,1030.99,12402625
2020-09-08 19:25:47,1030.99,1040.61,1011.76,1022.68,40007428
2020-09-09 19:25:47,1022.68,1057.57,1021.53,1052.17,23929316
2020-09-10 19:25:47,1052.17,1086.08,1032.65,1079.71,2928613
2020-09-11 19:25:47,1079.71,1086.8,1044.5,1053.34,33289363
2020-09-12 19:25:47,1053.34,1067.95,1045.1,1055.68,31681326
2020-09-13 19:25:47,1055.68,1095.91,1035.66,1078.28,13875302
2020-09-14 19:25:47,1078.28,1097.6,1074.82,1086.92,20404804
2020-09-15 19:25:47,1086.92,1106.05,1081.31,1102.91,6457759
2020-09-16 19:25:47,1102.91,1112.22,1068.26,1076.78,45006700
2020-09-17 19:25:47,1076.78,1124.23,1069.63,1104.0,46477004
2020-09-18 19:25:47,1104.0,1116.64,1067.58,1077.32,45563715
2020-09-19 19:25:47,1077.32,1078.76,1071.91,1077.8,4640734
2020-09-20 19:25:47,1077.8,1091.79,1058.7,1079.98,33929432
2020-09-21 19:25:47,1079.98,1088.38,1051.13,1067.37,35139328
2020-09-22 19:25:47,1067.37,1084.09,1053.43,1075.81,30426819
2020-09-23 19:25:47,1075.81,1076.93,1043.1,1052.76,43531604
2020-09-24 19:25:47,1052.76,1078.17,1041.32,1077.7,17797722
2020-09-25 19:25:47,1077.7,1082.53,1077.19,1081.65,25635418
2020-09-26 19:25:47,1081.65,1120.38,1062.84,1099.15,7365850
2020-09-27 19:25:47,1099.15,1101.91,1068.73,1079.85,3632450
2020-09-28 19:25:47,1079.85,1094.65,1071.07,1084.3,11890235
2020-09-29 19:25:47,1084.3,1095.3,1054.81,1069.9,26517788
2020-09-30 19:25:47,1069.9,1110.62,1064.71,1097.07,38997704
2020-10-01 19:25:47,1097.07,1104.17,1066.08,1067.48,48402657
2020-10-02 19:25:47,1067.48,1068.4,1050.48,1064.4,3846009
2020-10-03 19:25:47,1064.4,1086.37,1045.07,1081.52,12113888
2020-10-04 19:25:47,1081.52,1082.52,1064.9,1068.67,40349373
2020-10-05 19:25:47,1068.67,1074.3,1049.1,1063.61,31192332
2020-10-06 19:25:47,1063.61,1081.19,1060.55,1075.58,44129404
2020-10-07 19:25:47,1075.58,1105.94,1074.99,1093.2,12290873
2020-10-08 19:25:47,1093.2,1110.75,1063.92,1066.46,45392301
2020-10-09 19:25:47,1066.46,1087.11,1049.57,1060.62,26639140
2020-10-10 19:25:47,1060.62,1080.22,1046.79,1050.5,32429444
2020-10-11 19:25:47,1050.5,1091.54,1032.16,1073.32,12232783
2020-10-12 19:25:47,1073.32,1093.06,1043.82,1058.36,15861669
2020-10-13 19:25:47,1058.36,1076.3,1057.86,1063.58,22392783
2020-10-14 19:25:47,1063.58,1077.9,1057.44,1073.67,46418136
2020-10-15 19:25:47,1073.67,1087.87,1040.69,1050.18,46362055
2020-10-16 19:25:47,1050.18,1054.18,1039.14,1046.56,48986744
2020-10-17 19:25:47,1046.56,1063.99,1030.66,1061.7,28434555
2020-10-18 19:25:47,1061.7,1074.4,1033.73,1044.36,42034693
2020-10-19 19:25:47,1044.36,1085.51,1038.55,1071.81,21900044
2020-10-20 19:25:47,1071.81,1084.84,1053.19,1070.47,11543722
2020-10-21 19:25:47,1070.47,1073.4,1030.14,1044.73,23811126
2020-10-22 19:25:47,1044.73,1064.6,1025.99,1061.2,18132519
2020-10-23 19:25:47,1061.2,1081.18,1044.63,1045.64,42515716
2020-10-24 19:25:47,1045.64,1055.26,1014.55,1027.05,20615135
2020-10-25 19:25:47,1027.05,1073.28,1010.52,1055.98,11130927
2020-10-26 19:25:47,1055.98,1089.95,1041.66,1079.01,47762141
2020-10-27 19:25:47,1079.01,1083.85,1051.2,1052.1,16228144
2020-10-28 19:25:47,1052.1,1072.94,1043.24,1049.15,34987966
2020-10-29 19:25:47,1049.15,1059.69,1033.93,1048.55,15738262
2020-10-30 19:25:47,1048.55,1062.23,1033.16,1058.12,31800234
2020-10-31 19:25:47,1058.12,1066.35,1042.54,1050.58,35864900
2020-11-01 19:25:47,1050.58,1083.06,1046.74,1069.3,11342828
2020-11-02 19:25:47,1069.3,1111.46,1060.71,1095.57,48006847
2020-11-03 19:25:47,1095.57,1124.42,1078.91,1112.1,25570565
2020-11-04 19:25:47,1112.1,1141.94,1095.36,1129.19,5742646
2020-11-05 19:25:47,1129.19,1164.01,1123.42,1145.4,30872079
2020-11-06 19:25:47,1145.4,1155.73,1131.84,1143.88,2595758
2020-11-07 19:25:47,1143.88,1157.22,1133.75,1141.77,31072642
2020-11-08 19:25:47,1141.77,1154.44,1091.2,1110.04,20548571
2020-11-09 19:25:47,1110.04,1138.39,1091.29,1135.84,31279460
2020-11-10 19:25:47,1135.84,1181.9,1116.66,1169.69,3629781
2020-11-11 19:25:47,1169.69,1194.29,1148.06,1183.17,8347644
2020-11-12 19:25:47,1183.17,1208.86,1179.77,1205.5,38517253
2020-11-13 19:25:47,1205.5,1213.39,1186.64,1194.4,2353489
2020-11-14 19:25:47,1194.4,1213.78,1170.44,1183.55,6605360
2020-11-15 19:25:47,1183.55,1224.28,1181.84,1212.81,5047374
2020-11-16 19:25:47,1212.81,1237.7,1209.82,1229.8,18207655
2020-11-17 19:25:47,1229.8,1273.55,1220.58,1252.46,13200403
2020-11-18 19:25:47,1252.46,1283.16,1248.11,1275.54,18144954
2020-11-19 19:25:47,1275.54,1311.21,1259.93,1290.66,20113205
2020-11-20 19:25:47,1290.66,1334.82,1271.4,1324.97,15393735
2020-11-21 19:25:47,1324.97,1331.99,1276.48,1302.14,21561583
2020-11-22 19:25:47,1302.14,1314.15,1256.95,1264.55,15043173
2020-11-23 19:25:47,1264.55,1287.5,1209.63,1233.19,18947075
2020-11-24 19:25:47,1233.19,1273.23,1226.81,1258.77,41339453
2020-11-25 19:25:47,1258.77,1270.09,1234.96,1257.07,42005596
2020-11-26 19:25:47,1257.07,1288.49,1250.05,1268.37,27549374
2020-11-27 19:25:47,1268.37,1304.57,1268.35,1299.83,18765579
2020-11-28 19:25:47,1299.83,1320.42,1288.96,1315.94,8752578
2020-11-29 19:25:47,1315.94,1325.84,1311.86,1320.38,28481802
2020-11-30 19:25:47,1320.38,1356.67,1298.47,1341.84,37049720
2020-12-01 19:25:47,1341.84,1372.24,1326.19,1359.95,44358326
2020-12-02 19:25:47,1359.95,1374.91,1351.39,1361.1,9999082
2020-12-03 19:25:47,1361.1,1373.34,1308.3,1331.42,13646584
2020-12-04 19:25:47,1331.42,1354.07,1298.52,1318.56,5841455
2020-12-05 19:25:47,1318.56,1323.97,1293.06,1297.59,48493572
2020-12-06 19:25:47,1297.59,1319.95,1255.78,1259.65,34248051
2020-12-07 19:25:47,1259.65,1263.29,1239.18,1252.58,14068162
2020-12-08 19:25:47,1252.58,1272.28,1224.89,1240.47,43328835
2020-12-09 19:25:47,1240.47,1247.68,1203.77,1226.01,5699014
2020-12-10 19:25:47,1226.01,1247.14,1217.83,1232.34,39200830
2020-12-11 19:25:47,1232.34,1243.58,1189.14,1207.75,3681643
2020-12-12 19:25:47,1207.75,1225.22,1203.93,1204.98,5141848
2020-12-13 19:25:47,1204.98,1229.46,1199.93,1209.52,25962198
2020-12-14 19:25:47,1209.52,1234.01,1208.8,1222.54,16392707
2020-12-15 19:25:47,1222.54,1231.79,1205.32,1220.34,37141848
2020-12-16 19:25:47,1220.34,1244.54,1210.15,1218.49,3027871
2020-12-17 19:25:47,1218.49,1250.99,1215.83,1248.01,32152270
2020-12-18 19:25:47,1248.01,1268.07,1220.8,1224.27,23142882
2020-12-19 19:25:47,1224.27,1232.09,1213.94,1218.63,3640367
2020-12-20 19:25:47,1218.63,1279.09,1212.19,1254.84,16402852
2020-12-21 19:25:47,1254.84,1281.71,1233.87,1272.82,38813121
2020-12-22 19:25:47,1272.82,1321.72,1262.56,1302.1,33403969
2020-12-23 19:25:47,1302.1,1312.34,1275.68,1287.08,26726334
2020-12-24 19:25:47,1287.08,1287.39,1275.39,1276.52,20588527
2020-12-25 19:25:47,1276.52,1286.09,1243.73,1253.62,32996410
2020-12-26 19:25:47,1253.62,1304.88,1248.09,1280.66,10789926
2020-12-27 19:25:47,1280.66,1289.8,1248.52,1267.83,25825067
2020-12-28 19:25:47,1267.83,1292.15,1237.04,1251.68,15132808
2020-12-29 19:25:47,1251.68,1289.07,1244.16,1276.25,16934679
2020-12-30 19:25:47,1276.25,1289.03,1249.4,1274.64,44739393
2020-12-31 19:25:47,1274.64,1286.01,1231.46,1236.96,36292634
2021-01-01 19:25:47,1236.96,1256.45,1229.12,1256.32,45147633
2021-01-02 19:25:47,1256.32,1272.89,1251.62,1264.47,1270476
2021-01-03 19:25:47,1264.47,1300.96,1257.18,1300.7,41085254
2021-01-04 19:25:47,1300.7,1308.8,1247.34,1268.07,7447902
2021-01-05 19:25:47,1268.07,1308.53,1265.08,1294.78,9674656
2021-01-06 19:25:47,1294.78,1341.4,1276.09,1323.03,44859923
2021-01-07 19:25:47,1323.03,1375.17,1308.52,1355.16,33978513
2021-01-08 19:25:47,1355.16,1367.08,1348.76,1361.58,38470701
2021-01-09 19:25:47,1361.58,1372.06,1318.38,1336.05,47407001
2021-01-10 19:25:47,1336.05,1341.26,1317.13,1317.81,34618241
2021-01-11 19:25:47,1317.81,1337.36,1270.41,1293.8,18731794
2021-01-12 19:25:47,1293.8,1313.95,1278.95,1308.37,46718147
2021-01-13 19:25:47,1308.37,1316.43,1284.44,1296.5,8180644
2021-01-14 19:25:47,1296.5,1304.28,1261.61,1279.46,40647475
2021-01-15 19:25:47,1279.46,1318.38,1268.68,1305.18,19096748
2021-01-16 19:25:47,1305.18,1334.59,1303.97,1311.26,30127158
2021-01-17 19:25:47,1311.26,1326.57,1301.25,1322.85,48394573
2021-01-18 19:25:47,1322.85,1336.9,1297.58,1333.89,31767390
2021-01-19 19:25:47,1333.89,1356.59,1331.93,1340.0,11375821
2021-01-20 19:25:47,1340.0,1344.8,1307.01,1328.69,11787785
2021-01-21 19:25:47,1328.69,1340.38,1299.38,1310.27,37207536
2021-01-22 19:25:47,1310.27,1343.55,1302.92,1343.17,42565243
2021-01-23 19:25:47,1343.17,1361.93,1320.2,1355.43,4277754
2021-01-24 19:25:47,1355.43,1395.84,1335.75,1372.25,47543602
2021-01-25 19:25:47,1372.25,1378.53,1337.49,1361.36,8575962
2021-01-26 19:25:47,1361.36,1381.47,1343.22,1355.8,20873291
2021-01-27 19:25:47,1355.8,1387.96,1337.54,1364.73,12365062
2021-01-28 19:25:47,1364.73,1380.53,1355.34,1355.81,39475664
2021-01-29 19:25:47,1355.81,1368.98,1346.47,1348.82,27013575
2021-01-30 19:25:47,1348.82,1371.29,1331.47,1361.83,36824018
2021-01-31 19:25:47,1361.83,1387.02,1345.65,1359.74,36377793
2021-02-01 19:25:47,1359.74,1377.17,1301.45,1325.98,15141099
2021-02-02 19:25:47,1325.98,1351.41,1300.31,1323.67,14275416
2021-02-03 19:25:47,1323.67,1325.85,1262.53,1287.2,44318251
2021-02-04 19:25:47,1287.2,1317.5,1280.89,1302.46,48977820
2021-02-05 19:25:47,1302.46,1319.76,1260.9,1264.82,16399202
2021-02-06 19:25:47,1264.82,1277.49,1245.05,1251.79,46910370
2021-02-07 19:25:47,1251.79,1287.15,1246.56,1279.7,23597951
2021-02-08 19:25:47,1279.7,1293.45,1261.12,1276.57,5833424
2021-02-09 19:25:47,1276.57,1276.91,1230.81,1255.88,42287164
2021-02-10 19:25:47,1255.88,1280.47,1253.89,1275.98,18327551
2021-02-11 19:25:47,1275.98,1324.07,1273.91,1301.87,31754917
2021-02-12 19:25:47,1301.87,1323.39,1279.06,1295.37,1220146
2021-02-13 19:25:47,1295.37,1321.62,1285.33,1304.84,35271546
2021-02-14 19:25:47,1304.84,1305.15,1279.3,1295.15,34533759
2021-02-15 19:25:47,1295.15,1301.32,1274.98,1295.26,34182598
2021-02-16 19:25:47,1295.26,1301.69,1254.78,1257.38,29458586
2021-02-17 19:25:47,1257.38,1270.25,1214.28,1229.99,5368824
2021-02-18 19:25:47,1229.99,1252.1,1227.98,1240.7,32771515
2021-02-19 19:25:47,1240.7,1264.61,1236.53,1258.58,20446802
2021-02-20 19:25:47,1258.58,1302.43,1241.8,1279.81,36910447
2021-02-21 19:25:47,1279.81,1317.02,1259.81,1300.36,15345841
2021-02-22 19:25:47,1300.36,1320.37,1276.4,1284.46,25345130
2021-02-23 19:25:47,1284.46,1294.11,1264.97,1267.84,14151664
2021-02-24 19:25:47,1267.84,1271.11,1227.92,1246.23,40332545
2021-02-25 19:25:47,1246.23,1283.68,1222.22,1263.41,42783782
2021-02-26 19:25:47,1263.41,1271.2,1240.79,1267.37,36973375
2021-02-27 19:25:47,1267.37,1277.65,1256.66,1274.72,45661063
2021-02-28 19:25:47,1274.72,1288.05,1259.13,1273.64,21428002
2021-03-01 19:25:47,1273.64,1289.47,1249.33,1259.14,43584577
2021-03-02 19:25:47,1259.14,1276.08,1235.3,1236.02,16999027
2021-03-03 19:25:47,1236.02,1288.68,1226.73,1264.5,40461176
2021-03-04 19:25:47,1264.5,1325.03,1258.09,1301.6,20365430
2021-03-05 19:25:47,1301.6,1312.81,1258.77,1267.48,30153414
2021-03-06 19:25:47,1267.48,1274.9,1253.21,1259.92,22912515
2021-03-07 19:25:47,1259.92,1304.63,1244.95,1285.03,35305218
2021-03-08 19:25:47,1285.03,1303.06,1248.04,1269.6,14893717
2021-03-09 19:25:47,1269.6,1274.11,1262.23,1269.78,16272121
2021-03-10 19:25:47,1269.78,1291.86,1247.41,1282.46,44614168
2021-03-11 19:25:47,1282.46,1325.51,1274.78,1314.71,35535933
2021-03-12 19:25:47,1314.71,1323.54,1278.39,1279.73,47359871
2021-03-13 19:25:47,1279.73,1299.53,1230.15,1249.43,4100240
2021-03-14 19:25:47,1249.43,1258.29,1217.5,1217.8,43009567
2021-03-15 19:25:47,1217.8,1217.87,1162.13,1181.42,44037276
2021-03-16 19:25:47,1181.42,1198.33,1170.08,1173.18,10369461
2021-03-17 19:25:47,1173.18,1195.6,1152.42,1175.01,30764493
2021-03-18 19:25:47,1175.01,1196.49,1145.41,1168.61,37427362
2021-03-19 19:25:47,1168.61,1211.31,1162.67,1187.98,15901561
2021-03-20 19:25:47,1187.98,1227.99,1185.69,1214.06,33807447
2021-03-21 19:25:47,1214.06,1221.21,1189.98,1220.7,14242604
2021-03-22 19:25:47,1220.7,1250.98,1214.5,1228.16,3464874
2021-03-23 19:25:47,1228.16,1242.07,1182.9,1194.64,19158125
2021-03-24 19:25:47,1194.64,1204.15,1168.57,1183.91,26357878
2021-03-25 19:25:47,1183.91,1195.06,1152.08,1172.59,24265382
2021-03-26 19:25:47,1172.59,1174.16,1135.54,1140.3,38406064
2021-03-27 19:25:47,1140.3,1191.65,1136.26,1174.43,16206358
2021-03-28 19:25:47,1174.43,1217.41,1166.54,1206.73,8987606
2021-03-29 19:25:47,1206.73,1228.86,1175.88,1180.78,46844500
2021-03-30 19:25:47,1180.78,1192.73,1161.28,1190.85,15697754
2021-03-31 19:25:47,1190.85,1221.94,1174.33,1217.8,34683929
2021-04-01 19:25:47,1217.8,1232.21,1169.67,1188.68,10579407
2021-04-02 19:25:47,1188.68,1225.24,1175.46,1212.93,31591535
2021-04-03 19:25:47,1212.93,1225.28,1187.52,1188.15,5211265
2021-04-04 19:25:47,1188.15,1203.52,1175.75,1193.43,49679153
2021-04-05 19:25:47,1193.43,1215.92,1191.57,1198.89,19704717
2021-04-06 19:25:47,1198.89,1208.2,1183.82,1199.56,23623588
2021-04-07 19:25:47,1199.56,1234.17,1198.9,1210.26,38229440
2021-04-08 19:25:47,1210.26,1244.15,1202.38,1234.61,48318994
2021-04-09 19:25:47,1234.61,1263.38,1226.16,1257.11,2272727
2021-04-10 19:25:47,1257.11,1266.71,1239.21,1262.64,19059602
2021-04-11 19:25:47,1262.64,1285.95,1240.75,1250.75,46916486
2021-04-12 19:25:47,1250.75,1284.34,1248.22,1271.27,11337807
2021-04-13 19:25:47,1271.27,1284.97,1253.55,1258.5,17339906
2021-04-14 19:25:47,1258.5,1311.78,1257.88,1295.66,24027219
2021-04-15 19:25:47,1295.66,1299.89,1266.66,1286.03,11035049
2021-04-16 19:25:47,1286.03,1297.15,1240.48,1252.49,40275823
2021-04-17 19:25:47,1252.49,1286.8,1227.66,1284.14,26380102
2021-04-18 19:25:47,1284.14,1305.37,1241.56,1257.57,36568164
2021-04-19 19:25:47,1257.57,1316.15,1245.54,1293.76,28427740
2021-04-20 19:25:47,1293.76,1345.61,1282.88,1330.01,3644472
2021-04-21 19:25:47,1330.01,1339.41,1291.84,1293.99,28668452
2021-04-22 19:25:47,1293.99,1314.41,1248.33,1265.55,25096222
2021-04-23 19:25:47,1265.55,1289.22,1249.6,1256.04,2072986
2021-04-24 19:25:47,1256.04,1295.3,1253.53,1273.06,14583197
2021-04-25 19:25:47,1273.06,1314.77,1265.71,1308.18,12957789
2021-04-26 19:25:47,1308.18,1310.73,1295.35,1301.07,28350056
2021-04-27 19:25:47,1301.07,1311.66,1251.14,1272.02,34772512
2021-04-28 19:25:47,1272.02,1288.16,1252.07,1274.84,42413411
2021-04-29 19:25:47,1274.84,1287.64,1234.44,1259.24,2751227
2021-04-30 19:25:47,1259.24,1278.87,1236.92,1256.53,45423223
2021-05-01 19:25:47,1256.53,1257.04,1231.1,1241.76,8642107
2021-05-02 19:25:47,1241.76,1287.26,1219.57,1269.41,24877683
2021-05-03 19:25:47,1269.41,1293.5,1260.82,1266.89,45119942
2021-05-04 19:25:47,1266.89,1287.47,1246.9,1279.35,1826645
2021-05-05 19:25:47,1279.35,1310.64,1256.28,1302.54,44259669
2021-05-06 19:25:47,1302.54,1350.41,1282.99,1330.17,9347589
2021-05-07 19:25:47,1330.17,1333.43,1310.97,1323.77,24481261
2021-05-08 19:25:47,1323.77,1368.63,1305.87,1361.26,8308553
2021-05-09 19:25:47,1361.26,1397.91,1342.94,1382.74,3983701
2021-05-10 19:25:47,1382.74,1404.39,1382.16,1390.14,6554310
2021-05-11 19:25:47,1390.14,1421.75,1368.96,1394.03,48737984
2021-05-12 19:25:47,1394.03,1399.09,1340.13,1360.79,2685608
2021-05-13 19:25:47,1360.79,1368.83,1326.69,1344.13,33489589
2021-05-14 19:25:47,1344.13,1358.25,1321.01,1330.52,9119702
2021-05-15 19:25:47,1330.52,1345.0,1292.18,1294.44,38603275
2021-05-16 19:25:47,1294.44,1334.66,1290.08,1329.13,28163160
2021-05-17 19:25:47,1329.13,1341.1,1325.57,1334.54,48462756
2021-05-18 19:25:47,1334.54,1335.54,1289.2,1294.73,38968984
2021-05-19 19:25:47,1294.73,1326.51,1270.23,1313.07,39288609
2021-05-20 19:25:47,1313.07,1320.31,1278.85,1300.4,41074463
2021-05-21 19:25:47,1300.4,1324.72,1256.61,1265.8,32743503
2021-05-22 19:25:47,1265.8,1299.98,1264.1,1286.15,10195115
2021-05-23 19:25:47,1286.15,1300.23,1276.02,1276.58,17872846
2021-05-24 19:25:47,1276.58,1313.11,1265.24,1302.85,15708288
2021-05-25 19:25:47,1302.85,1344.73,1285.29,1320.5,23285744
2021-05-26 19:25:47,1320.5,1356.26,1302.6,1340.49,14904329
2021-05-27 19:25:47,1340.49,1376.72,1317.69,1370.61,24238532
2021-05-28 19:25:47,1370.61,1380.07,1356.16,1363.57,42009507
2021-05-29 19:25:47,1363.57,1363.73,1331.7,1355.08,18167811
2021-05-30 19:25:47,1355.08,1389.45,1340.39,1368.23,32093081
2021-05-31 19:25:47,1368.23,1393.83,1348.27,1372.65,4664527
2021-06-01 19:25:47,1372.65,1392.97,1357.49,1367.41,16648719
2021-06-02 19:25:47,1367.41,1371.15,1337.63,1339.21,40505780
2021-06-03 19:25:47,1339.21,1392.81,1321.37,1369.12,38742314
2021-06-04 19:25:47,1369.12,1395.01,1351.05,1369.18,22250502
2021-06-05 19:25:47,1369.18,1391.16,1360.03,1383.27,17439364
2021-06-06 19:25:47,1383.27,1392.35,1355.07,1378.72,49173372
2021-06-07 19:25:47,1378.72,1398.0,1351.82,1377.77,21410296
2021-06-08 19:25:47,1377.77,1397.11,1339.78,1348.75,44179533
2021-06-09 19:25:47,1348.75,1373.21,1317.18,1337.15,4201090
2021-06-10 19:25:47,1337.15,1388.44,1336.4,1362.12,18080068
2021-06-11 19:25:47,1362.12,1391.26,1342.35,1364.75,33483325
2021-06-12 19:25:47,1364.75,1383.42,1347.38,1373.03,42555536
2021-06-13 19:25:47,1373.03,1394.28,1337.5,1339.87,38989996
2021-06-14 19:25:47,1339.87,1372.98,1317.28,1350.56,20592000
2021-06-15 19:25:47,1350.56,1375.81,1349.04,1351.71,11968355
2021-06-16 19:25:47,1351.71,1376.23,1313.41,1320.7,12327969
2021-06-17 19:25:47,1320.7,1327.94,1297.51,1324.22,10100989
2021-06-18 19:25:47,1324.22,1346.1,1299.64,1325.85,43156841
2021-06-19 19:25:47,1325.85,1348.92,1285.75,1302.4,40458335
2021-06-20 19:25:47,1302.4,1358.52,1287.37,1335.77,46777843
2021-06-21 19:25:47,1335.77,1363.3,1327.54,1349.09,4029163
2021-06-22 19:25:47,1349.09,1352.66,1312.19,1333.42,22588174
2021-06-23 19:25:47,1333.42,1348.37,1322.02,1335.01,36968768
2021-06-24 19:25:47,1335.01,1351.97,1307.8,1331.96,30393690
2021-06-25 19:25:47,1331.96,1351.68,1316.05,1320.12,18508707
2021-06-26 19:25:47,1320.12,1366.83,1315.27,1344.69,43163182
2021-06-27 19:25:47,1344.69,1381.41,1329.05,1378.42,39699348
2021-06-28 19:25:47,1378.42,1426.38,1362.81,1405.66,23183551
2021-06-29 19:25:47,1405.66,1444.07,1383.94,1420.62,17791259
2021-06-30 19:25:47,1420.62,1458.19,1411.78,1442.12,31440168
2021-07-01 19:25:47,1442.12,1466.34,1419.69,1446.19,18745206
2021-07-02 19:25:47,1446.19,1484.76,1418.69,1461.67,41151453
2021-07-03 19:25:47,1461.67,1501.28,1453.13,1483.06,38512503
2021-07-04 19:25:47,1483.06,1499.28,1462.98,1484.84,15499256
2021-07-05 19:25:47,1484.84,1508.65,1440.79,1450.02,25414785
2021-07-06 19:25:47,1450.02,1519.03,1434.27,1489.82,40804638
2021-07-07 19:25:47,1489.82,1545.8,1472.01,1523.0,26596864
2021-07-08 19:25:47,1523.0,1546.07,1517.5,1543.67,12691060
2021-07-09 19:25:47,1543.67,1550.8,1523.75,1547.68,24130657
2021-07-10 19:25:47,1547.68,1563.26,1500.52,1508.29,16420131
2021-07-11 19:25:47,1508.29,1531.67,1473.22,1500.97,24143592
2021-07-12 19:25:47,1500.97,1502.28,1456.23,1458.4,20677637
2021-07-13 19:25:47,1458.4,1485.23,1433.69,1447.4,20880379
2021-07-14 19:25:47,1447.4,1468.79,1379.85,1406.12,15582301
2021-07-15 19:25:47,1406.12,1443.65,1404.24,1423.61,12561341
2021-07-16 19:25:47,1423.61,1483.65,1419.04,1463.1,35614967
2021-07-17 19:25:47,1463.1,1492.16,1421.58,1429.79,6296263
2021-07-18 19:25:47,1429.79,1431.95,1397.14,1411.84,25327523
2021-07-19 19:25:47,1411.84,1412.02,1404.6,1408.34,3992694
2021-07-20 19:25:47,1408.34,1436.4,1362.1,1378.1,39289477
2021-07-21 19:25:47,1378.1,1401.17,1363.73,1379.98,49866185
2021-07-22 19:25:47,1379.98,1391.06,1366.8,1387.12,12125825
2021-07-23 19:25:47,1387.12,1430.93,1377.32,1418.95,7448423
2021-07-24 19:25:47,1418.95,1442.8,1404.57,1430.26,19949816
2021-07-25 19:25:47,1430.26,1444.99,1390.37,1396.7,26379167
2021-07-26 19:25:47,1396.7,1417.67,1377.94,1407.54,43416603
2021-07-27 19:25:47,1407.54,1464.96,1395.87,1437.01,21083204
2021-07-28 19:25:47,1437.01,1458.68,1408.52,1449.82,22664087
2021-07-29 19:25:47,1449.82,1491.06,1432.13,1480.91,27814669
2021-07-30 19:25:47,1480.91,1482.94,1421.53,1444.73,7696976
2021-07-31 19:25:47,1444.73,1465.17,1409.62,1435.32,39456211
2021-08-01 19:25:47,1435.32,1466.37,1417.68,1463.95,34864893
2021-08-02 19:25:47,1463.95,1493.52,1439.5,1489.47,32933942
2021-08-03 19:25:47,1489.47,1500.44,1476.23,1484.04,37726008
2021-08-04 19:25:47,1484.04,1495.37,1451.48,1469.28,48272257
2021-08-05 19:25:47,1469.28,1470.25,1413.21,1427.9,48314759
2021-08-06 19:25:47,1427.9,1441.16,1396.25,1410.84,39043559
2021-08-07 19:25:47,1410.84,1425.62,1390.45,1400.12,27067035
2021-08-08 19:25:47,1400.12,1434.28,1373.19,1414.62,16274818
2021-08-09 19:25:47,1414.62,1440.28,1382.91,1390.43,21646599
2021-08-10 19:25:47,1390.43,1410.29,1370.62,1408.9,4256852
2021-08-11 19:25:47,1408.9,1428.5,1370.88,1398.44,27805759
2021-08-12 19:25:47,1398.44,1427.21,1377.14,1425.48,30608609
2021-08-13 19:25:47,1425.48,1485.95,1419.96,1458.92,43148270
2021-08-14 19:25:47,1458.92,1481.36,1432.84,1478.12,11647077
2021-08-15 19:25:47,1478.12,1506.65,1460.93,1488.01,29536805
2021-08-16 19:25:47,1488.01,1522.82,1476.65,1498.13,16024192
2021-08-17 19:25:47,1498.13,1531.72,1492.49,1529.79,7318014
2021-08-18 19:25:47,1529.79,1539.16,1481.46,1496.19,47473819
2021-08-19 19:25:47,1496.19,1535.79,1492.42,1518.43,25247844
2021-08-20 19:25:47,1518.43,1556.26,1503.95,1540.93,11206008
2021-08-21 19:25:47,1540.93,1587.58,1533.91,1569.38,18825226
2021-08-22 19:25:47,1569.38,1599.98,1559.38,1597.54,11203047
2021-08-23 19:25:47,1597.54,1645.67,1572.76,1632.79,48820067
2021-08-24 19:25:47,1632.79,1663.9,1603.33,1605.01,26960302
2021-08-25 19:25:47,1605.01,1631.58,1586.52,1594.65,49336094
2021-08-26 19:25:47,1594.65,1633.57,1562.83,1625.35,40633379
2021-08-27 19:25:47,1625.35,1673.62,1618.0,1646.32,9102104
2021-08-28 19:25:47,1646.32,1670.38,1583.91,1614.24,22680912
2021-08-29 19:25:47,1614.24,1644.88,1570.43,1601.39,34456993
2021-08-30 19:25:47,1601.39,1642.24,1572.99,1637.97,43272192
2021-08-31 19:25:47,1637.97,1643.19,1595.3,1610.1,43409346
2021-09-01 19:25:47,1610.1,1631.53,1576.58,1581.32,19044782
2021-09-02 19:25:47,1581.32,1597.65,1569.52,1570.62,11558181
2021-09-03 19:25:47,1570.62,1595.94,1557.56,1585.52,6957538
2021-09-04 19:25:47,1585.52,1605.13,1564.37,1581.31,35031099
2021-09-05 19:25:47,1581.31,1593.5,1569.05,1574.74,35412020
2021-09-06 19:25:47,1574.74,1598.6,1552.32,1580.5,41509570
2021-09-07 19:25:47,1580.5,1590.13,1549.82,1586.01,31728927
2021-09-08 19:25:47,1586.01,1599.05,1563.13,1571.53,28400867
2021-09-09 19:25:47,1571.53,1622.95,1542.21,1603.65,38531026
2021-09-10 19:25:47,1603.65,1658.34,1577.27,1631.22,14922220
2021-09-11 19:25:47,1631.22,1697.88,1627.03,1672.13,22673131
2021-09-12 19:25:47,1672.13,1713.68,1648.45,1683.23,20509887
2021-09-13 19:25:47,1683.23,1692.41,1663.02,1682.69,22419281
2021-09-14 19:25:47,1682.69,1724.33,1657.51,1708.15,39295686
2021-09-15 19:25:47,1708.15,1729.66,1666.76,1680.71,37787631
2021-09-16 19:25:47,1680.71,1681.27,1653.44,1681.14,32826613
2021-09-17 19:25:47,1681.14,1700.94,1654.98,1667.25,30044668
2021-09-18 19:25:47,1667.25,1671.49,1618.1,1618.98,37028784
2021-09-19 19:25:47,1618.98,1635.75,1573.82,1590.72,46147382
2021-09-20 19:25:47,1590.72,1627.53,1576.07,1607.68,35211344
2021-09-21 19:25:47,1607.68,1649.08,1576.26,1619.47,25358104
2021-09-22 19:25:47,1619.47,1648.06,1581.57,1606.71,39820952
2021-09-23 19:25:47,1606.71,1627.59,1552.95,1571.55,22350562
2021-09-24 19:25:47,1571.55,1600.11,1547.14,1564.92,45556760
2021-09-25 19:25:47,1564.92,1567.27,1516.5,1519.95,6639339
2021-09-26 19:25:47,1519.95,1539.76,1494.52,1523.27,24026035
2021-09-27 19:25:47,1523.27,1548.49,1494.35,1531.71,31235075
2021-09-28 19:25:47,1531.71,1584.71,1524.22,1571.96,44473434
2021-09-29 19:25:47,1571.96,1582.85,1515.39,1529.44,24351876
2021-09-30 19:25:47,1529.44,1594.61,1519.95,1571.21,12192685
2021-10-01 19:25:47,1571.21,1602.51,1514.23,1525.83,38554986
2021-10-02 19:25:47,1525.83,1577.8,1513.04,1547.77,5268882
2021-10-03 19:25:47,1547.77,1586.23,1546.87,1573.98,36025497
2021-10-04 19:25:47,1573.98,1579.95,1517.53,1535.76,30414493
2021-10-05 19:25:47,1535.76,1543.64,1521.61,1536.37,36082068
2021-10-06 19:25:47,1536.37,1542.15,1494.81,1503.49,33449925
2021-10-07 19:25:47,1503.49,1543.35,1476.68,1527.71,10216897
2021-10-08 19:25:47,1527.71,1528.07,1465.0,1486.38,36427313
2021-10-09 19:25:47,1486.38,1537.88,1460.55,1518.41,46578414
2021-10-10 19:25:47,1518.41,1580.34,1497.51,1558.39,18058129
2021-10-11 19:25:47,1558.39,1628.96,1552.25,1600.23,2748200
2021-10-12 19:25:47,1600.23,1614.44,1555.06,1580.66,31055033
2021-10-13 19:25:47,1580.66,1605.82,1553.52,1563.33,49480682
2021-10-14 19:25:47,1563.33,1621.1,1533.47,1590.48,34010271
2021-10-15 19:25:47,1590.48,1625.99,1586.27,1622.7,7620633
2021-10-16 19:25:47,1622.7,1646.55,1602.68,1624.78,3147777
2021-10-17 19:25:47,1624.78,1646.84,1586.23,1612.11,41086790
2021-10-18 19:25:47,1612.11,1642.85,1602.15,1636.37,11809544
2021-10-19 19:25:47,1636.37,1643.6,1607.06,1632.65,13038936
2021-10-20 19:25:47,1632.65,1643.45,1597.57,1610.13,21284839
2021-10-21 19:25:47,1610.13,1640.92,1581.58,1609.3,1106250
2021-10-22 19:25:47,1609.3,1637.27,1595.08,1611.08,1911646
2021-10-23 19:25:47,1611.08,1632.89,1587.49,1605.86,3685631
2021-10-24 19:25:47,1605.86,1633.63,1596.46,1626.21,48520358
2021-10-25 19:25:47,1626.21,1658.83,1613.42,1632.51,22868185
2021-10-26 19:25:47,1632.51,1643.68,1609.78,1642.88,5221883
2021-10-27 19:25:47,1642.88,1706.1,1633.58,1683.75,15892539
2021-10-28 19:25:47,1683.75,1742.38,1682.75,1732.61,26108388
2021-10-29 19:25:47,1732.61,1733.51,1694.96,1710.23,28067677
2021-10-30 19:25:47,1710.23,1715.89,1655.08,1674.15,32812107
2021-10-31 19:25:47,1674.15,1680.04,1629.78,1637.95,44156136
2021-11-01 19:25:47,1637.95,1665.92,1594.83,1626.8,39462193
2021-11-02 19:25:47,1626.8,1642.78,1585.52,1598.27,3791329
2021-11-03 19:25:47,1598.27,1631.42,1597.91,1612.64,41601557
2021-11-04 19:25:47,1612.64,1657.32,1610.59,1654.58,5735963
2021-11-05 19:25:47,1654.58,1681.7,1635.04,1671.28,37371721
2021-11-06 19:25:47,1671.28,1692.64,1624.02,1624.66,7714647
2021-11-07 19:25:47,1624.66,1630.83,1591.58,1600.71,41543743
2021-11-08 19:25:47,1600.71,1627.61,1579.58,1611.82,4951696
2021-11-09 19:25:47,1611.82,1638.64,1607.6,1623.47,17342440
2021-11-10 19:25:47,1623.47,1627.58,1615.02,1616.49,5562881
2021-11-11 19:25:47,1616.49,1663.52,1586.83,1647.25,31696939
2021-11-12 19:25:47,1647.25,1670.16,1577.96,1605.63,11007949
2021-11-13 19:25:47,1605.63,1613.93,1540.63,1559.69,29886969
2021-11-14 19:25:47,1559.69,1586.47,1515.38,1546.29,16815240
2021-11-15 19:25:47,1546.29,1555.33,1491.77,1508.02,8842083
2021-11-16 19:25:47,1508.02,1545.62,1494.87,1521.01,42773112
2021-11-17 19:25:47,1521.01,1542.2,1474.0,1481.88,8180625
2021-11-18 19:25:47,1481.88,1501.32,1439.37,1457.51,28083026
2021-11-19 19:25:47,1457.51,1485.15,1431.6,1459.18,46885425
2021-11-20 19:25:47,1459.18,1485.95,1449.38,1475.52,46024784
2021-11-21 19:25:47,1475.52,1498.32,1436.61,1451.34,4306781
2021-11-22 19:25:47,1451.34,1479.97,1448.54,1456.55,18676186
2021-11-23 19:25:47,1456.55,1457.22,1420.03,1440.0,39228915
2021-11-24 19:25:47,1440.0,1440.9,1417.57,1425.79,21025578
2021-11-25 19:25:47,1425.79,1442.65,1407.37,1414.7,45442817
2021-11-26 19:25:47,1414.7,1426.38,1372.01,1373.13,37945564
2021-11-27 19:25:47,1373.13,1441.74,1347.57,1413.95,37259599
2021-11-28 19:25:47,1413.95,1446.05,1408.4,1435.73,8595590
2021-11-29 19:25:47,1435.73,1460.68,1406.16,1418.37,41964206
2021-11-30 19:25:47,1418.37,1441.89,1411.34,1425.61,12467434
2021-12-01 19:25:47,1425.61,1430.25,1382.6,1404.64,9980116
2021-12-02 19:25:47,1404.64,1460.07,1387.81,1440.01,30122506
2021-12-03 19:25:47,1440.01,1470.65,1421.62,1451.31,45612404
2021-12-04 19:25:47,1451.31,1469.24,1409.96,1436.56,39173664
2021-12-05 19:25:47,1436.56,1458.77,1410.7,1431.46,44890426
2021-12-06 19:25:47,1431.46,1493.17,1415.93,1472.72,36076583
2021-12-07 19:25:47,1472.72,1521.46,1458.31,1513.03,36655144
2021-12-08 19:25:47,1513.03,1559.1,1512.54,1535.52,31509121
2021-12-09 19:25:47,1535.52,1572.76,1517.11,1563.83,38733667
2021-12-10 19:25:47,1563.83,1626.38,1544.09,1605.75,40658812
2021-12-11 19:25:47,1605.75,1640.22,1602.13,1628.14,20610784
2021-12-12 19:25:47,1628.14,1655.58,1570.11,1598.2,33835220
2021-12-13 19:25:47,1598.2,1633.59,1581.01,1615.63,42449029
2021-12-14 19:25:47,1615.63,1655.62,1591.52,1647.42,44353736
2021-12-15 19:25:47,1647.42,1696.83,1635.02,1678.41,2769388
2021-12-16 19:25:47,1678.41,1709.0,1638.89,1667.16,19004860
2021-12-17 19:25:47,1667.16,1696.94,1610.9,1626.75,31911762
2021-12-18 19:25:47,1626.75,1651.45,1591.17,1612.61,44310922
2021-12-19 19:25:47,1612.61,1613.96,1588.68,1607.09,28233230
2021-12-20 19:25:47,1607.09,1645.69,1593.96,1622.74,24143072
2021-12-21 19:25:47,1622.74,1630.52,1581.35,1591.36,21028959
2021-12-22 19:25:47,1591.36,1607.11,1569.25,1598.83,25326696
2021-12-23 19:25:47,1598.83,1630.58,1550.76,1573.82,26703256
2021-12-24 19:25:47,1573.82,1620.7,1552.69,1595.37,49901288
2021-12-25 19:25:47,1595.37,1601.32,1548.1,1579.59,3082748
2021-12-26 19:25:47,1579.59,1604.25,1552.62,1596.15,11788287
2021-12-27 19:25:47,1596.15,1646.17,1594.78,1616.08,5139820
2021-12-28 19:25:47,1616.08,1619.45,1588.24,1607.98,1972390
2021-12-29 19:25:47,1607.98,1633.19,1593.73,1603.2,36908993
2021-12-30 19:25:47,1603.2,1641.78,1574.52,1632.75,41050471
2021-12-31 19:25:47,1632.75,1662.19,1594.19,1612.75,38322312
2022-01-01 19:25:47,1612.75,1629.48,1555.88,1579.32,5683336
2022-01-02 19:25:47,1579.32,1586.0,1548.64,1569.46,9942895
2022-01-03 19:25:47,1569.46,1602.76,1568.1,1585.95,15489640
2022-01-04 19:25:47,1585.95,1601.46,1541.78,1562.6,6618398
2022-01-05 19:25:47,1562.6,1573.69,1540.89,1546.5,3647456
2022-01-06 19:25:47,1546.5,1575.12,1529.38,1535.24,28996379
2022-01-07 19:25:47,1535.24,1565.33,1492.44,1508.05,24912995
2022-01-08 19:25:47,1508.05,1531.35,1470.88,1481.74,40677431
2022-01-09 19:25:47,1481.74,1511.0,1460.03,1484.75,4056870
2022-01-10 19:25:47,1484.75,1495.17,1462.78,1483.7,36490251
2022-01-11 19:25:47,1483.7,1501.31,1452.49,1455.01,32376178
2022-01-12 19:25:47,1455.01,1479.83,1434.55,1465.27,6642883
2022-01-13 19:25:47,1465.27,1491.18,1419.22,1445.76,14600652
2022-01-14 19:25:47,1445.76,1454.44,1441.53,1449.84,23518775
2022-01-15 19:25:47,1449.84,1462.28,1415.55,1433.84,13400181
2022-01-16 19:25:47,1433.84,1448.51,1405.21,1446.45,4858241
2022-01-17 19:25:47,1446.45,1463.83,1418.78,1422.67,32268733
2022-01-18 19:25:47,1422.67,1441.73,1370.77,1386.87,31310914
2022-01-19 19:25:47,1386.87,1393.63,1346.18,1346.59,41612454
2022-01-20 19:25:47,1346.59,1396.78,1322.36,1374.62,35505290
2022-01-21 19:25:47,1374.62,1391.02,1335.98,1339.42,20260802
2022-01-22 19:25:47,1339.42,1361.21,1279.07,1303.21,49740548
2022-01-23 19:25:47,1303.21,1344.45,1280.42,1321.56,23153665
2022-01-24 19:25:47,1321.56,1332.92,1286.31,1300.02,16312927
2022-01-25 19:25:47,1300.02,1323.35,1267.26,1292.32,43577041
2022-01-26 19:25:47,1292.32,1323.49,1266.51,1302.26,20726105
2022-01-27 19:25:47,1302.26,1335.06,1285.36,1309.69,19478374
2022-01-28 19:25:47,1309.69,1358.38,1303.8,1347.48,38903854
2022-01-29 19:25:47,1347.48,1370.22,1317.7,1319.3,16484276
2022-01-30 19:25:47,1319.3,1354.34,1317.35,1328.9,41241393
2022-01-31 19:25:47,1328.9,1366.25,1302.37,1353.69,17878807
2022-02-01 19:25:47,1353.69,1355.46,1336.43,1339.97,32425929
2022-02-02 19:25:47,1339.97,1369.08,1322.94,1350.44,28797560
2022-02-03 19:25:47,1350.44,1368.38,1305.51,1331.95,2618822
2022-02-04 19:25:47,1331.95,1338.92,1283.28,1307.42,19092543
2022-02-05 19:25:47,1307.42,1316.12,1261.59,1277.72,2185719
2022-02-06 19:25:47,1277.72,1295.57,1265.83,1270.01,33384414
2022-02-07 19:25:47,1270.01,1330.62,1245.64,1306.14,16850040
2022-02-08 19:25:47,1306.14,1321.57,1258.04,1280.5,20529047
2022-02-09 19:25:47,1280.5,1286.53,1246.77,1253.75,33338824
2022-02-10 19:25:47,1253.75,1303.11,1242.97,1290.62,14411701
2022-02-11 19:25:47,1290.62,1337.2,1273.03,1312.9,28851204
2022-02-12 19:25:47,1312.9,1351.94,1311.85,1346.83,10764030
2022-02-13 19:25:47,1346.83,1355.57,1311.69,1324.48,3372787
2022-02-14 19:25:47,1324.48,1330.11,1269.74,1290.24,11469259
2022-02-15 19:25:47,1290.24,1305.45,1279.55,1296.47,12613032
2022-02-16 19:25:47,1296.47,1312.73,1274.04,1292.41,29668663
2022-02-17 19:25:47,1292.41,1330.61,1291.07,1330.04,46547831
2022-02-18 19:25:47,1330.04,1356.59,1277.39,1293.53,3850203
2022-02-19 19:25:47,1293.53,1341.38,1282.91,1331.91,34085754
2022-02-20 19:25:47,1331.91,1392.67,1331.68,1369.17,26783203
2022-02-21 19:25:47,1369.17,1372.64,1346.23,1351.88,37642227
2022-02-22 19:25:47,1351.88,1364.41,1314.56,1319.11,32686405
2022-02-23 19:25:47,1319.11,1326.68,1301.87,1314.26,42764130
2022-02-24 19:25:47,1314.26,1339.78,1299.74,1319.97,23639273
2022-02-25 19:25:47,1319.97,1343.98,1287.99,1298.25,4764050
2022-02-26 19:25:47,1298.25,1313.31,1285.48,1311.39,33267209
2022-02-27 19:25:47,1311.39,1361.36,1294.63,1341.47,15390473
2022-02-28 19:25:47,1341.47,1358.05,1317.98,1337.75,43931607
2022-03-01 19:25:47,1337.75,1361.4,1312.69,1325.08,15851660
2022-03-02 19:25:47,1325.08,1334.37,1307.81,1328.53,17759828
2022-03-03 19:25:47,1328.53,1364.9,1302.27,1339.79,31145547
2022-03-04 19:25:47,1339.79,1372.06,1326.79,1351.98,45619019
2022-03-05 19:25:47,1351.98,1368.72,1296.21,1320.9,11593129
2022-03-06 19:25:47,1320.9,1361.91,1310.95,1342.31,14566238
2022-03-07 19:25:47,1342.31,1354.48,1317.84,1325.94,17556847
2022-03-08 19:25:47,1325.94,1334.96,1315.21,1328.8,20451257
2022-03-09 19:25:47,1328.8,1372.56,1324.84,1367.72,15480498
2022-03-10 19:25:47,1367.72,1397.49,1353.14,1379.53,43768789
2022-03-11 19:25:47,1379.53,1405.54,1361.91,1372.09,20663629
2022-03-12 19:25:47,1372.09,1406.66,1352.24,1398.63,33062908
2022-03-13 19:25:47,1398.63,1445.58,1384.65,1428.46,8766256
2022-03-14 19:25:47,1428.46,1452.36,1405.28,1451.82,14455255
2022-03-15 19:25:47,1451.82,1512.8,1442.86,1487.59,3114576
2022-03-16 19:25:47,1487.59,1511.39,1463.22,1494.97,36191727
2022-03-17 19:25:47,1494.97,1510.36,1469.99,1471.39,24117684
2022-03-18 19:25:47,1471.39,1472.12,1429.82,1446.35,35032920
2022-03-19 19:25:47,1446.35,1510.85,1420.58,1484.93,29878763
2022-03-20 19:25:47,1484.93,1533.2,1478.89,1524.46,5210759
2022-03-21 19:25:47,1524.46,1569.15,1494.4,1544.66,9999900
2022-03-22 19:25:47,1544.66,1587.21,1536.45,1585.01,13282187
2022-03-23 19:25:47,1585.01,1607.2,1555.9,1594.33,24445247
2022-03-24 19:25:47,1594.33,1608.79,1572.37,1600.01,49513234
2022-03-25 19:25:47,1600.01,1637.82,1586.56,1636.87,10467078
2022-03-26 19:25:47,1636.87,1711.43,1621.31,1680.09,11240792
2022-03-27 19:25:47,1680.09,1724.51,1650.83,1705.22,26883199
2022-03-28 19:25:47,1705.22,1717.41,1658.72,1664.99,47192903
2022-03-29 19:25:47,1664.99,1671.63,1616.48,1630.08,27185769
2022-03-30 19:25:47,1630.08,1658.21,1620.78,1644.53,17856125
2022-03-31 19:25:47,1644.53,1679.62,1631.45,1679.5,3949158
2022-04-01 19:25:47,1679.5,1708.17,1626.47,1641.1,1469262
2022-04-02 19:25:47,1641.1,1672.35,1611.99,1661.69,23841263
2022-04-03 19:25:47,1661.69,1690.4,1640.22,1669.05,15318556
2022-04-04 19:25:47,1669.05,1672.21,1645.58,1663.98,22705238
2022-04-05 19:25:47,1663.98,1724.34,1641.06,1712.39,16279797
2022-04-06 19:25:47,1712.39,1732.46,1710.18,1714.43,30280753
2022-04-07 19:25:47,1714.43,1735.97,1686.18,1717.28,29591012
2022-04-08 19:25:47,1717.28,1717.75,1663.09,1695.48,45999957
2022-04-09 19:25:47,1695.48,1715.78,1632.29,1648.26,21248615
2022-04-10 19:25:47,1648.26,1671.48,1624.32,1629.57,38707633
2022-04-11 19:25:47,1629.57,1637.56,1592.15,1615.57,32053950
2022-04-12 19:25:47,1615.57,1623.06,1568.11,1596.3,38394932
2022-04-13 19:25:47,1596.3,1614.13,1580.86,1599.06,30712948
2022-04-14 19:25:47,1599.06,1645.08,1574.21,1638.46,8526639
2022-04-15 19:25:47,1638.46,1653.77,1609.59,1621.96,46203600
2022-04-16 19:25:47,1621.96,1650.66,1611.72,1633.63,28448340
2022-04-17 19:25:47,1633.63,1705.16,1610.51,1675.16,32052815
2022-04-18 19:25:47,1675.16,1698.82,1645.73,1673.1,32971278
2022-04-19 19:25:47,1673.1,1699.5,1644.83,1648.88,32962697
2022-04-20 19:25:47,1648.88,1691.64,1641.08,1678.16,26823110
2022-04-21 19:25:47,1678.16,1713.0,1674.01,1684.66,25990683
2022-04-22 19:25:47,1684.66,1696.18,1626.85,1634.38,27813262
2022-04-23 19:25:47,1634.38,1659.69,1583.1,1597.98,32892101
2022-04-24 19:25:47,1597.98,1608.07,1558.93,1567.8,15010655
2022-04-25 19:25:47,1567.8,1577.1,1561.95,1574.6,3784789
2022-04-26 19:25:47,1574.6,1579.26,1533.82,1536.06,24279952
2022-04-27 19:25:47,1536.06,1556.14,1507.29,1520.25,16902105
2022-04-28 19:25:47,1520.25,1544.16,1460.84,1488.39,25248104
2022-04-29 19:25:47,1488.39,1517.11,1442.3,1459.24,4329744
2022-04-30 19:25:47,1459.24,1484.33,1458.38,1464.39,29679671
2022-05-01 19:25:47,1464.39,1492.9,1411.18,1431.73,1827871
2022-05-02 19:25:47,1431.73,1445.06,1395.3,1415.35,15505166
2022-05-03 19:25:47,1415.35,1452.55,1394.53,1446.71,21241034
2022-05-04 19:25:47,1446.71,1507.72,1446.48,1488.1,29909834
2022-05-05 19:25:47,1488.1,1507.44,1476.04,1481.93,30448904
2022-05-06 19:25:47,1481.93,1527.46,1455.33,1504.81,29907105
2022-05-07 19:25:47,1504.81,1529.49,1442.14,1460.41,23766815
2022-05-08 19:25:47,1460.41,1470.17,1414.53,1436.36,24511349
2022-05-09 19:25:47,1436.36,1452.76,1420.91,1435.0,35022890
2022-05-10 19:25:47,1435.0,1448.89,1387.9,1397.44,28879532
2022-05-11 19:25:47,1397.44,1445.48,1374.41,1433.83,29970995
2022-05-12 19:25:47,1433.83,1488.32,1420.91,1476.78,46692245
2022-05-13 19:25:47,1476.78,1500.31,1451.02,1480.62,26853964
2022-05-14 19:25:47,1480.62,1513.77,1463.65,1490.96,47441514
2022-05-15 19:25:47,1490.96,1519.07,1477.79,1485.76,31728043
2022-05-16 19:25:47,1485.76,1502.67,1449.45,1463.52,21445006
2022-05-17 19:25:47,1463.52,1483.15,1450.58,1457.56,5431635
2022-05-18 19:25:47,1457.56,1515.47,1454.24,1499.35,14182848
2022-05-19 19:25:47,1499.35,1536.23,1490.27,1516.9,46935306
2022-05-20 19:25:47,1516.9,1519.0,1490.46,1502.64,25700496
2022-05-21 19:25:47,1502.64,1542.7,1494.72,1526.18,34614273
2022-05-22 19:25:47,1526.18,1554.52,1507.13,1518.48,33893052
2022-05-23 19:25:47,1518.48,1560.23,1500.48,1537.54,28282675
2022-05-24 19:25:47,1537.54,1575.25,1509.14,1568.4,40179153
2022-05-25 19:25:47,1568.4,1623.69,1551.65,1599.88,19681186
2022-05-26 19:25:47,1599.88,1602.59,1561.08,1590.29,35745047
2022-05-27 19:25:47,1590.29,1644.21,1560.27,1631.69,3046693
2022-05-28 19:25:47,1631.69,1646.01,1600.63,1607.18,37750527
2022-05-29 19:25:47,1607.18,1618.07,1540.99,1570.32,31126897
2022-05-30 19:25:47,1570.32,1612.67,1541.0,1593.41,35852842
2022-05-31 19:25:47,1593.41,1603.69,1576.81,1587.22,40757736
2022-06-01 19:25:47,1587.22,1623.01,1578.72,1605.48,6788720
2022-06-02 19:25:47,1605.48,1618.37,1564.77,1592.78,26554066
2022-06-03 19:25:47,1592.78,1647.22,1592.44,1616.43,38627952
2022-06-04 19:25:47,1616.43,1636.02,1588.53,1635.52,27738412
2022-06-05 19:25:47,1635.52,1666.45,1604.79,1634.96,4744449
2022-06-06 19:25:47,1634.96,1654.4,1605.53,1633.75,24035822
2022-06-07 19:25:47,1633.75,1670.41,1609.04,1669.85,17529609
2022-06-08 19:25:47,1669.85,1686.31,1624.04,1633.15,44059255
2022-06-09 19:25:47,1633.15,1661.62,1632.19,1642.47,34294010
2022-06-10 19:25:47,1642.47,1661.1,1613.5,1643.46,37220744
2022-06-11 19:25:47,1643.46,1656.52,1597.34,1628.67,6616364
2022-06-12 19:25:47,1628.67,1652.97,1598.79,1643.43,14954082
2022-06-13 19:25:47,1643.43,1712.41,1611.92,1681.35,35212038
2022-06-14 19:25:47,1681.35,1708.81,1666.1,1686.87,48066695
2022-06-15 19:25:47,1686.87,1756.27,1674.2,1731.49,8633985
2022-06-16 19:25:47,1731.49,1771.99,1713.8,1745.34,1280751
2022-06-17 19:25:47,1745.34,1768.52,1716.57,1721.15,35326980
2022-06-18 19:25:47,1721.15,1793.74,1700.8,1761.74,37035553
2022-06-19 19:25:47,1761.74,1803.84,1746.6,1798.94,22600548
2022-06-20 19:25:47,1798.94,1818.69,1742.81,1756.79,1055956
2022-06-21 19:25:47,1756.79,1767.1,1729.25,1732.86,40819942
2022-06-22 19:25:47,1732.86,1746.43,1678.06,1709.83,29586121
2022-06-23 19:25:47,1709.83,1739.72,1658.51,1664.64,13108820
2022-06-24 19:25:47,1664.64,1679.32,1609.34,1616.87,25343074
2022-06-25 19:25:47,1616.87,1655.28,1615.23,1650.43,23366364
2022-06-26 19:25:47,1650.43,1666.36,1646.95,1647.33,45366553
2022-06-27 19:25:47,1647.33,1690.64,1623.75,1685.0,37880043
2022-06-28 19:25:47,1685.0,1706.95,1639.14,1662.15,6464744
2022-06-29 19:25:47,1662.15,1698.38,1644.8,1675.69,45832357
2022-06-30 19:25:47,1675.69,1722.76,1651.96,1702.63,7822825
2022-07-01 19:25:47,1702.63,1727.16,1632.67,1658.58,8643893
2022-07-02 19:25:47,1658.58,1685.28,1617.26,1630.06,47242440
2022-07-03 19:25:47,1630.06,1661.18,1598.57,1630.35,2899676
2022-07-04 19:25:47,1630.35,1640.42,1559.06,1590.3,24555741
2022-07-05 19:25:47,1590.3,1620.01,1574.27,1602.84,14515606
2022-07-06 19:25:47,1602.84,1612.42,1574.24,1600.75,44192231
2022-07-07 19:25:47,1600.75,1608.22,1596.08,1596.43,34898806
2022-07-08 19:25:47,1596.43,1626.57,1561.16,1587.74,46606090
2022-07-09 19:25:47,1587.74,1616.05,1574.51,1588.76,34792727
2022-07-10 19:25:47,1588.76,1629.83,1572.6,1617.61,18406502
2022-07-11 19:25:47,1617.61,1683.68,1604.44,1656.27,41107791
2022-07-12 19:25:47,1656.27,1689.4,1609.05,1621.48,23458660
2022-07-13 19:25:47,1621.48,1626.36,1568.35,1583.46,34090952
2022-07-14 19:25:47,1583.46,1591.88,1542.76,1568.87,3842239
2022-07-15 19:25:47,1568.87,1598.42,1527.05,1542.98,18063491
2022-07-16 19:25:47,1542.98,1561.13,1536.12,1542.7,4012435
2022-07-17 19:25:47,1542.7,1558.98,1520.53,1549.01,9051304
2022-07-18 19:25:47,1549.01,1593.57,1534.76,1576.11,12334480
2022-07-19 19:25:47,1576.11,1588.05,1511.83,1530.13,12050987
2022-07-20 19:25:47,1530.13,1533.64,1464.8,1493.57,37833818
2022-07-21 19:25:47,1493.57,1502.36,1473.54,1493.54,2844049
2022-07-22 19:25:47,1493.54,1496.63,1458.9,1485.66,5016841
2022-07-23 19:25:47,1485.66,1499.89,1433.81,1441.27,13254709
2022-07-24 19:25:47,1441.27,1449.1,1405.33,1413.67,4520810
2022-07-25 19:25:47,1413.67,1440.7,1393.13,1419.3,3188780
2022-07-26 19:25:47,1419.3,1434.31,1374.57,1388.86,14101694
2022-07-27 19:25:47,1388.86,1395.19,1371.48,1390.06,46115814
2022-07-28 19:25:47,1390.06,1410.7,1381.57,1404.15,23115465
2022-07-29 19:25:47,1404.15,1427.02,1397.07,1426.88,48924801
2022-07-30 19:25:47,1426.88,1436.87,1413.64,1418.68,18723080
2022-07-31 19:25:47,1418.68,1466.46,1398.93,1439.27,9230189
2022-08-01 19:25:47,1439.27,1450.39,1386.41,1404.79,1261548
2022-08-02 19:25:47,1404.79,1419.8,1382.5,1412.11,21143405
2022-08-03 19:25:47,1412.11,1423.11,1382.24,1407.85,29615747
2022-08-04 19:25:47,1407.85,1425.13,1375.67,1398.53,44846478
2022-08-05 19:25:47,1398.53,1405.75,1338.97,1356.72,1254655
2022-08-06 19:25:47,1356.72,1392.99,1341.05,1374.93,18308995
2022-08-07 19:25:47,1374.93,1384.04,1365.17,1376.16,20449167
2022-08-08 19:25:47,1376.16,1380.44,1333.81,1337.07,15250210
2022-08-09 19:25:47,1337.07,1372.49,1322.24,1368.26,17236600
2022-08-10 19:25:47,1368.26,1378.23,1353.59,1361.97,48256464
2022-08-11 19:25:47,1361.97,1404.98,1335.37,1386.99,19169413
2022-08-12 19:25:47,1386.99,1401.26,1359.38,1382.86,17851191
2022-08-13 19:25:47,1382.86,1431.57,1382.21,1421.8,17112543
2022-08-14 19:25:47,1421.8,1445.56,1408.03,1417.12,45513415
2022-08-15 19:25:47,1417.12,1442.16,1393.39,1427.39,7254044
2022-08-16 19:25:47,1427.39,1451.64,1404.76,1443.72,29129529
2022-08-17 19:25:47,1443.72,1495.12,1422.04,1477.35,6795327
2022-08-18 19:25:47,1477.35,1494.93,1468.98,1489.96,6004565
2022-08-19 19:25:47,1489.96,1536.1,1486.06,1513.43,26508582
2022-08-20 19:25:47,1513.43,1539.86,1494.4,1502.25,43888009
2022-08-21 19:25:47,1502.25,1547.17,1499.39,1531.34,38667972
2022-08-22 19:25:47,1531.34,1549.73,1506.0,1536.06,11318711
2022-08-23 19:25:47,1536.06,1542.3,1495.14,1498.19,5695131
2022-08-24 19:25:47,1498.19,1525.86,1457.56,1478.09,24994727
2022-08-25 19:25:47,1478.09,1507.21,1458.46,1458.5,1839905
2022-08-26 19:25:47,1458.5,1510.15,1436.66,1494.21,44144719
2022-08-27 19:25:47,1494.21,1523.35,1438.07,1451.51,22913838
2022-08-28 19:25:47,1451.51,1486.33,1449.64,1462.03,28086321
2022-08-29 19:25:47,1462.03,1471.61,1442.01,1453.46,15581738
2022-08-30 19:25:47,1453.46,1502.92,1426.89,1485.13,16249289
2022-08-31 19:25:47,1485.13,1546.43,1466.45,1523.02,9653424
2022-09-01 19:25:47,1523.02,1557.53,1516.89,1545.69,27898538
2022-09-02 19:25:47,1545.69,1567.02,1493.8,1503.04,7288780
2022-09-03 19:25:47,1503.04,1525.43,1477.84,1505.26,5110468
2022-09-04 19:25:47,1505.26,1540.74,1501.26,1519.26,35618725
2022-09-05 19:25:47,1519.26,1565.05,1510.86,1561.73,2983050
2022-09-06 19:25:47,1561.73,1606.5,1554.13,1602.94,29198799
2022-09-07 19:25:47,1602.94,1607.69,1593.54,1594.9,41793183
2022-09-08 19:25:47,1594.9,1600.86,1570.52,1593.63,15471278
2022-09-09 19:25:47,1593.63,1616.09,1546.08,1556.44,2140577
2022-09-10 19:25:47,1556.44,1598.63,1533.61,1567.47,20442124
2022-09-11 19:25:47,1567.47,1585.19,1543.63,1555.53,20722967
2022-09-12 19:25:47,1555.53,1562.83,1514.49,1529.68,8023133
2022-09-13 19:25:47,1529.68,1537.37,1492.17,1498.96,18790287
2022-09-14 19:25:47,1498.96,1542.34,1495.36,1522.43,19181292
2022-09-15 19:25:47,1522.43,1538.03,1490.99,1509.47,30665872
2022-09-16 19:25:47,1509.47,1552.8,1497.08,1552.26,3639919
2022-09-17 19:25:47,1552.26,1578.74,1504.7,1527.42,30572372
2022-09-18 19:25:47,1527.42,1575.64,1520.13,1569.04,7893826
2022-09-19 19:25:47,1569.04,1580.95,1554.21,1577.24,1818278
2022-09-20 19:25:47,1577.24,1626.42,1563.42,1614.8,10558735
2022-09-21 19:25:47,1614.8,1623.69,1588.4,1609.96,44086678
2022-09-22 19:25:47,1609.96,1646.89,1593.46,1633.9,27946111
2022-09-23 19:25:47,1633.9,1645.09,1586.54,1616.2,18210335
2022-09-24 19:25:47,1616.2,1662.81,1610.73,1659.9,17499871
2022-09-25 19:25:47,1659.9,1678.55,1604.69,1628.17,14557987
2022-09-26 19:25:47,1628.17,1652.93,1595.75,1628.63,1153699
2022-09-27 19:25:47,1628.63,1688.31,1624.72,1666.71,8258616
2022-09-28 19:25:47,1666.71,1710.97,1644.31,1698.54,49619106
2022-09-29 19:25:47,1698.54,1760.63,1674.21,1746.74,12553937
2022-09-30 19:25:47,1746.74,1780.75,1703.58,1703.91,35907471
2022-10-01 19:25:47,1703.91,1722.62,1672.27,1676.36,33680479
2022-10-02 19:25:47,1676.36,1683.61,1618.05,1635.03,36265612
2022-10-03 19:25:47,1635.03,1658.41,1599.07,1603.04,2944835
2022-10-04 19:25:47,1603.04,1627.11,1582.63,1615.63,11822609
2022-10-05 19:25:47,1615.63,1634.46,1577.09,1596.28,34054992
2022-10-06 19:25:47,1596.28,1622.46,1539.05,1550.86,18902546
2022-10-07 19:25:47,1550.86,1579.82,1518.54,1534.9,46553888
2022-10-08 19:25:47,1534.9,1537.27,1502.71,1531.07,9595140
2022-10-09 19:25:47,1531.07,1599.04,1526.64,1574.83,8201990
2022-10-10 19:25:47,1574.83,1578.62,1549.98,1565.54,10497859
2022-10-11 19:25:47,1565.54,1572.97,1513.2,1527.53,42920158
2022-10-12 19:25:47,1527.53,1573.28,1508.25,1546.22,49779609
2022-10-13 19:25:47,1546.22,1547.69,1499.87,1501.63,22270012
2022-10-14 19:25:47,1501.63,1534.76,1479.44,1513.23,28242353
2022-10-15 19:25:47,1513.23,1568.89,1498.03,1550.98,46703272
2022-10-16 19:25:47,1550.98,1561.55,1507.47,1516.62,46259721
2022-10-17 19:25:47,1516.62,1571.76,1492.02,1561.08,11771954
2022-10-18 19:25:47,1561.08,1581.66,1507.52,1514.66,44494454
2022-10-19 19:25:47,1514.66,1535.82,1456.86,1483.53,20882315
2022-10-20 19:25:47,1483.53,1508.4,1476.69,1481.41,31898311
2022-10-21 19:25:47,1481.41,1510.38,1466.59,1489.79,21498510
2022-10-22 19:25:47,1489.79,1530.83,1475.69,1513.46,27711989
2022-10-23 19:25:47,1513.46,1521.71,1479.96,1481.53,8149192
2022-10-24 19:25:47,1481.53,1496.71,1444.71,1450.32,2004620
2022-10-25 19:25:47,1450.32,1478.33,1448.74,1469.01,44493943
2022-10-26 19:25:47,1469.01,1496.8,1459.91,1482.96,20974997
2022-10-27 19:25:47,1482.96,1507.57,1454.84,1470.48,18246943
2022-10-28 19:25:47,1470.48,1503.69,1457.06,1486.25,9605524
2022-10-29 19:25:47,1486.25,1537.3,1461.19,1528.96,49522959
2022-10-30 19:25:47,1528.96,1570.84,1518.14,1555.34,32558096
2022-10-31 19:25:47,1555.34,1557.9,1495.57,1519.09,20681810
2022-11-01 19:25:47,1519.09,1540.19,1498.33,1517.58,40486004
2022-11-02 19:25:47,1517.58,1572.44,1516.98,1549.17,6139367
2022-11-03 19:25:47,1549.17,1591.02,1528.38,1567.16,12495066
2022-11-04 19:25:47,1567.16,1590.29,1548.78,1578.98,11980515
2022-11-05 19:25:47,1578.98,1608.73,1554.84,1600.64,47586500
2022-11-06 19:25:47,1600.64,1617.52,1599.5,1616.91,44637321
2022-11-07 19:25:47,1616.91,1637.37,1561.23,1569.32,26333214
2022-11-08 19:25:47,1569.32,1597.18,1564.87,1589.3,11924130
2022-11-09 19:25:47,1589.3,1615.11,1555.0,1583.81,15624936
2022-11-10 19:25:47,1583.81,1627.14,1560.84,1607.87,44333000
2022-11-11 19:25:47,1607.87,1610.41,1592.21,1605.89,44311323
2022-11-12 19:25:47,1605.89,1665.78,1591.78,1634.63,20212025
2022-11-13 19:25:47,1634.63,1657.7,1583.81,1599.4,49143254
2022-11-14 19:25:47,1599.4,1614.16,1534.32,1554.52,7304277
2022-11-15 19:25:47,1554.52,1569.49,1529.02,1536.45,23407370
2022-11-16 19:25:47,1536.45,1538.65,1488.16,1505.14,19263287
2022-11-17 19:25:47,1505.14,1542.28,1500.32,1526.88,44562329
2022-11-18 19:25:47,1526.88,1534.48,1499.94,1517.81,48613772
2022-11-19 19:25:47,1517.81,1530.94,1500.01,1514.19,22562718
2022-11-20 19:25:47,1514.19,1537.63,1506.3,1517.0,46903565
2022-11-21 19:25:47,1517.0,1536.48,1486.8,1502.56,3332411
2022-11-22 19:25:47,1502.56,1532.12,1489.16,1524.82,21284460
2022-11-23 19:25:47,1524.82,1530.9,1504.28,1519.13,49517674
2022-11-24 19:25:47,1519.13,1529.08,1480.19,1487.17,10713589
2022-11-25 19:25:47,1487.17,1515.54,1438.01,1465.41,30056960
2022-11-26 19:25:47,1465.41,1480.37,1404.24,1429.71,19203004
2022-11-27 19:25:47,1429.71,1466.23,1413.89,1441.2,1449194
2022-11-28 19:25:47,1441.2,1471.88,1417.08,1470.22,38537117
2022-11-29 19:25:47,1470.22,1503.25,1466.85,1502.8,11417205
2022-11-30 19:25:47,1502.8,1507.32,1485.95,1486.48,32594226
2022-12-01 19:25:47,1486.48,1508.14,1459.18,1496.73,2728876
2022-12-02 19:25:47,1496.73,1517.84,1459.86,1485.76,1455505
2022-12-03 19:25:47,1485.76,1489.3,1434.25,1455.52,37618332
2022-12-04 19:25:47,1455.52,1482.97,1403.94,1428.33,49815068
2022-12-05 19:25:47,1428.33,1432.72,1424.96,1430.74,10138224
2022-12-06 19:25:47,1430.74,1465.59,1419.1,1458.65,33017973
2022-12-07 19:25:47,1458.65,1504.55,1435.11,1475.53,26196737
2022-12-08 19:25:47,1475.53,1491.17,1435.27,1445.42,16720770
2022-12-09 19:25:47,1445.42,1470.8,1419.76,1468.18,38470759
2022-12-10 19:25:47,1468.18,1486.35,1414.63,1441.36,25181103
2022-12-11 19:25:47,1441.36,1468.69,1421.89,1422.95,15012940
2022-12-12 19:25:47,1422.95,1470.74,1411.16,1444.38,13494421
2022-12-13 19:25:47,1444.38,1481.6,1434.77,1466.91,42458666
2022-12-14 19:25:47,1466.91,1489.09,1445.61,1463.65,14530094
2022-12-15 19:25:47,1463.65,1473.12,1421.24,1444.72,47846104
2022-12-16 19:25:47,1444.72,1469.68,1432.12,1435.72,27508108
2022-12-17 19:25:47,1435.72,1477.9,1408.48,1458.55,38751137
2022-12-18 19:25:47,1458.55,1478.8,1409.46,1437.15,15346913
2022-12-19 19:25:47,1437.15,1458.86,1423.28,1450.01,7740590
2022-12-20 19:25:47,1450.01,1464.05,1448.79,1448.81,10883159
2022-12-21 19:25:47,1448.81,1464.72,1427.51,1441.16,41147264
2022-12-22 19:25:47,1441.16,1458.24,1424.34,1455.78,35069242
2022-12-23 19:25:47,1455.78,1476.68,1435.91,1441.11,45456877
2022-12-24 19:25:47,1441.11,1451.4,1399.29,1427.48,48296894
2022-12-25 19:25:47,1427.48,1429.05,1410.58,1415.66,37953506
2022-12-26 19:25:47,1415.66,1458.28,1414.27,1453.0,25478554
2022-12-27 19:25:47,1453.0,1477.81,1431.53,1467.18,48449232
2022-12-28 19:25:47,1467.18,1487.07,1446.28,1472.26,41448604
2022-12-29 19:25:47,1472.26,1490.37,1465.11,1489.71,26966217
2022-12-30 19:25:47,1489.71,1519.05,1468.17,1512.36,49652452
2022-12-31 19:25:47,1512.36,1542.99,1509.42,1513.95,24950516
2023-01-01 19:25:47,1513.95,1533.6,1512.66,1527.35,10119032
2023-01-02 19:25:47,1527.35,1590.67,1498.03,1566.08,22380246
2023-01-03 19:25:47,1566.08,1624.7,1544.47,1606.76,48804638
2023-01-04 19:25:47,1606.76,1638.75,1541.43,1566.86,28872997
2023-01-05 19:25:47,1566.86,1585.55,1516.63,1533.04,31251234
2023-01-06 19:25:47,1533.04,1544.78,1473.71,1497.2,28464626
2023-01-07 19:25:47,1497.2,1540.88,1468.26,1540.78,21932075
2023-01-08 19:25:47,1540.78,1545.95,1494.48,1509.68,41920094
2023-01-09 19:25:47,1509.68,1572.13,1482.88,1554.3,28901048
2023-01-10 19:25:47,1554.3,1595.63,1540.11,1589.41,40327499
2023-01-11 19:25:47,1589.41,1603.87,1557.49,1559.27,30427778
2023-01-12 19:25:47,1559.27,1582.1,1511.98,1542.36,13088717
2023-01-13 19:25:47,1542.36,1558.64,1522.31,1545.75,25595554
2023-01-14 19:25:47,1545.75,1587.13,1518.5,1566.2,30197914
2023-01-15 19:25:47,1566.2,1592.0,1541.81,1551.63,11195075
2023-01-16 19:25:47,1551.63,1592.11,1539.76,1574.48,13201821
2023-01-17 19:25:47,1574.48,1621.84,1556.15,1590.61,2563837
2023-01-18 19:25:47,1590.61,1652.92,1558.81,1633.39,49356578
2023-01-19 19:25:47,1633.39,1666.3,1606.97,1657.0,20033139
2023-01-20 19:25:47,1657.0,1688.31,1612.67,1638.88,20416654
2023-01-21 19:25:47,1638.88,1670.4,1608.73,1618.93,4534102
2023-01-22 19:25:47,1618.93,1634.34,1566.24,1581.77,10630532
2023-01-23 19:25:47,1581.77,1583.41,1508.04,1535.5,20336601
2023-01-24 19:25:47,1535.5,1580.0,1507.59,1575.52,42499495
2023-01-25 19:25:47,1575.52,1604.86,1556.15,1581.65,13168789
2023-01-26 19:25:47,1581.65,1620.16,1557.49,1615.95,49024924
2023-01-27 19:25:47,1615.95,1665.77,1587.85,1636.84,36128983
2023-01-28 19:25:47,1636.84,1663.65,1633.69,1636.47,6852199
2023-01-29 19:25:47,1636.47,1669.66,1614.22,1647.42,11720764
2023-01-30 19:25:47,1647.42,1660.7,1592.62,1612.22,1481916
2023-01-31 19:25:47,1612.22,1628.83,1586.16,1623.32,13073537
2023-02-01 19:25:47,1623.32,1685.85,1611.92,1660.77,31990941
2023-02-02 19:25:47,1660.77,1700.18,1651.36,1686.57,27239595
2023-02-03 19:25:47,1686.57,1715.34,1636.51,1650.08,12913293
2023-02-04 19:25:47,1650.08,1699.34,1621.1,1678.52,18529794
2023-02-05 19:25:47,1678.52,1721.38,1658.97,1691.53,32794627
2023-02-06 19:25:47,1691.53,1714.51,1643.84,1650.8,26316566
2023-02-07 19:25:47,1650.8,1720.25,1644.31,1697.69,24425905
2023-02-08 19:25:47,1697.69,1715.27,1653.41,1679.17,42668901
2023-02-09 19:25:47,1679.17,1681.94,1631.29,1638.2,18555271
2023-02-10 19:25:47,1638.2,1667.39,1572.18,1593.65,33004350
2023-02-11 19:25:47,1593.65,1641.35,1586.09,1610.13,26174850
2023-02-12 19:25:47,1610.13,1640.28,1579.82,1637.15,48573356
2023-02-13 19:25:47,1637.15,1663.35,1611.66,1629.65,18636415
2023-02-14 19:25:47,1629.65,1632.5,1581.7,1612.88,22920804
2023-02-15 19:25:47,1612.88,1650.83,1591.85,1625.33,28561426
2023-02-16 19:25:47,1625.33,1632.18,1557.25,1581.28,37012970
2023-02-17 19:25:47,1581.28,1600.9,1559.9,1588.63,37173404
2023-02-18 19:25:47,1588.63,1606.33,1582.37,1583.63,29921624
2023-02-19 19:25:47,1583.63,1609.75,1526.16,1538.67,27601531
2023-02-20 19:25:47,1538.67,1551.04,1472.87,1495.17,10301210
2023-02-21 19:25:47,1495.17,1503.45,1457.0,1473.78,49414459
2023-02-22 19:25:47,1473.78,1485.67,1413.07,1433.61,24696310
2023-02-23 19:25:47,1433.61,1487.46,1406.44,1475.51,10917649
2023-02-24 19:25:47,1475.51,1502.53,1438.29,1457.41,23505849
2023-02-25 19:25:47,1457.41,1459.65,1429.89,1446.2,48693141
2023-02-26 19:25:47,1446.2,1471.57,1420.02,1431.98,25543777
2023-02-27 19:25:47,1431.98,1466.85,1416.14,1465.8,19480851
2023-02-28 19:25:47,1465.8,1517.73,1461.15,1498.32,12308083
2023-03-01 19:25:47,1498.32,1530.67,1478.74,1510.47,27355142
2023-03-02 19:25:47,1510.47,1535.66,1467.93,1486.52,25753310
2023-03-03 19:25:47,1486.52,1501.08,1449.68,1472.52,47197687
2023-03-04 19:25:47,1472.52,1479.84,1423.78,1430.97,49751586
2023-03-05 19:25:47,1430.97,1442.13,1402.57,1437.54,48631342
2023-03-06 19:25:47,1437.54,1502.54,1421.48,1477.93,28222514
2023-03-07 19:25:47,1477.93,1516.24,1466.82,1500.01,46731166
2023-03-08 19:25:47,1500.01,1523.29,1485.41,1504.86,44733483
2023-03-09 19:25:47,1504.86,1519.65,1485.44,1490.79,7526962
2023-03-10 19:25:47,1490.79,1510.4,1482.34,1485.65,16917061
2023-03-11 19:25:47,1485.65,1511.19,1448.79,1475.38,25018353
2023-03-12 19:25:47,1475.38,1491.15,1445.2,1463.4,37963804
2023-03-13 19:25:47,1463.4,1490.51,1418.15,1439.12,46798405
2023-03-14 19:25:47,1439.12,1449.51,1425.78,1441.38,49549112
2023-03-15 19:25:47,1441.38,1468.82,1431.7,1458.1,46033944
2023-03-16 19:25:47,1458.1,1479.85,1400.03,1425.11,45788851
2023-03-17 19:25:47,1425.11,1440.04,1380.57,1392.39,28101987
2023-03-18 19:25:47,1392.39,1419.46,1364.68,1364.73,22895464
2023-03-19 19:25:47,1364.73,1370.62,1325.87,1332.33,23550936
2023-03-20 19:25:47,1332.33,1346.5,1294.46,1302.6,49964622
2023-03-21 19:25:47,1302.6,1314.04,1286.56,1301.5,16231398
2023-03-22 19:25:47,1301.5,1324.33,1265.79,1290.16,41091362
2023-03-23 19:25:47,1290.16,1332.13,1283.91,1325.26,15972075
2023-03-24 19:25:47,1325.26,1329.05,1324.42,1325.75,35253845
2023-03-25 19:25:47,1325.75,1356.55,1307.76,1346.73,35511602
2023-03-26 19:25:47,1346.73,1354.55,1308.34,1310.8,7782935
2023-03-27 19:25:47,1310.8,1352.18,1290.19,1347.05,4277265
2023-03-28 19:25:47,1347.05,1369.25,1310.63,1331.96,44687685
2023-03-29 19:25:47,1331.96,1344.42,1308.8,1340.76,16934294
2023-03-30 19:25:47,1340.76,1377.43,1317.68,1364.71,13133774
2023-03-31 19:25:47,1364.71,1405.92,1356.01,1398.31,29872085
2023-04-01 19:25:47,1398.31,1402.27,1347.7,1366.39,28441415
2023-04-02 19:25:47,1366.39,1370.21,1325.69,1335.17,27335870
2023-04-03 19:25:47,1335.17,1342.54,1307.84,1307.94,22705745
2023-04-04 19:25:47,1307.94,1326.12,1278.32,1284.74,3010498
2023-04-05 19:25:47,1284.74,1291.54,1268.12,1281.24,24024978
2023-04-06 19:25:47,1281.24,1317.57,1269.07,1303.2,40882241
2023-04-07 19:25:47,1303.2,1327.08,1285.77,1294.51,18281595
2023-04-08 19:25:47,1294.51,1333.8,1285.82,1326.13,49545513
2023-04-09 19:25:47,1326.13,1388.57,1319.84,1363.27,36274238
2023-04-10 19:25:47,1363.27,1403.55,1361.4,1381.5,46718082
2023-04-11 19:25:47,1381.5,1406.97,1359.6,1377.09,18597385
2023-04-12 19:25:47,1377.09,1409.16,1372.88,1402.29,49802092
2023-04-13 19:25:47,1402.29,1452.05,1385.8,1431.22,20766730
2023-04-14 19:25:47,1431.22,1451.86,1410.03,1438.17,22143297
2023-04-15 19:25:47,1438.17,1440.09,1405.26,1421.01,24827329
2023-04-16 19:25:47,1421.01,1444.52,1419.44,1434.32,15978127
2023-04-17 19:25:47,1434.32,1439.71,1405.89,1406.81,34085919
2023-04-18 19:25:47,1406.81,1424.54,1389.79,1423.64,42474779
2023-04-19 19:25:47,1423.64,1460.36,1396.68,1449.28,23491431
2023-04-20 19:25:47,1449.28,1478.36,1440.54,1468.41,5574882
2023-04-21 19:25:47,1468.41,1495.36,1439.63,1475.96,48907833
2023-04-22 19:25:47,1475.96,1497.6,1410.73,1432.91,30868933
2023-04-23 19:25:47,1432.91,1454.98,1421.53,1423.0,23610752
2023-04-24 19:25:47,1423.0,1439.98,1410.49,1425.89,31346835
2023-04-25 19:25:47,1425.89,1430.15,1413.86,1420.34,10656446
2023-04-26 19:25:47,1420.34,1433.6,1388.02,1412.65,26571682
2023-04-27 19:25:47,1412.65,1425.59,1391.87,1399.27,44285766
2023-04-28 19:25:47,1399.27,1403.68,1370.86,1386.9,36423827
2023-04-29 19:25:47,1386.9,1433.34,1382.77,1408.78,44486976
2023-04-30 19:25:47,1408.78,1420.34,1381.9,1383.66,9718671
2023-05-01 19:25:47,1383.66,1431.5,1381.3,1412.36,39765723
2023-05-02 19:25:47,1412.36,1438.59,1385.71,1413.38,28625463
2023-05-03 19:25:47,1413.38,1426.2,1376.58,1396.43,21700703
2023-05-04 19:25:47,1396.43,1425.78,1386.6,1424.53,15533180
2023-05-05 19:25:47,1424.53,1433.37,1381.18,1385.28,14859780
2023-05-06 19:25:47,1385.28,1399.43,1364.35,1388.17,32245623
2023-05-07 19:25:47,1388.17,1403.54,1365.44,1369.77,13946447
2023-05-08 19:25:47,1369.77,1393.08,1328.29,1338.58,46507168
2023-05-09 19:25:47,1338.58,1366.69,1337.59,1340.18,7720722
2023-05-10 19:25:47,1340.18,1385.76,1334.44,1380.2,16956803
2023-05-11 19:25:47,1380.2,1382.87,1336.37,1353.98,18630144
2023-05-12 19:25:47,1353.98,1406.87,1335.67,1387.1,40849756
2023-05-13 19:25:47,1387.1,1447.03,1382.62,1423.8,45022862
2023-05-14 19:25:47,1423.8,1465.88,1395.94,1455.24,1192003
2023-05-15 19:25:47,1455.24,1458.36,1412.33,1424.61,1779546
2023-05-16 19:25:47,1424.61,1444.65,1392.61,1414.75,19410738
2023-05-17 19:25:47,1414.75,1456.01,1389.52,1442.1,49959597
2023-05-18 19:25:47,1442.1,1481.08,1425.89,1461.32,49911039
2023-05-19 19:25:47,1461.32,1519.75,1449.25,1502.56,1624977
2023-05-20 19:25:47,1502.56,1550.56,1487.52,1544.01,7345235
2023-05-21 19:25:47,1544.01,1560.32,1502.06,1516.44,20896994
2023-05-22 19:25:47,1516.44,1527.78,1446.65,1474.98,40538503
2023-05-23 19:25:47,1474.98,1526.15,1452.48,1509.68,39121967
2023-05-24 19:25:47,1509.68,1539.1,1454.13,1478.24,1268700
2023-05-25 19:25:47,1478.24,1500.78,1416.81,1439.34,49597006
2023-05-26 19:25:47,1439.34,1491.6,1434.6,1465.49,44568797
2023-05-27 19:25:47,1465.49,1490.23,1449.95,1486.32,43030185
2023-05-28 19:25:47,1486.32,1499.45,1483.89,1499.26,21250843
2023-05-29 19:25:47,1499.26,1539.88,1481.6,1522.16,47831918
2023-05-30 19:25:47,1522.16,1545.7,1492.24,1543.82,7066738
2023-05-31 19:25:47,1543.82,1597.74,1527.46,1572.53,36394961
2023-06-01 19:25:47,1572.53,1598.31,1568.35,1596.15,39700638
2023-06-02 19:25:47,1596.15,1629.89,1591.28,1610.24,34376932
2023-06-03 19:25:47,1610.24,1661.04,1608.54,1645.32,4710037
2023-06-04 19:25:47,1645.32,1670.23,1600.79,1609.44,49556529
2023-06-05 19:25:47,1609.44,1678.88,1603.18,1651.29,5809566
2023-06-06 19:25:47,1651.29,1686.89,1624.57,1669.67,46663191
2023-06-07 19:25:47,1669.67,1680.11,1645.04,1665.16,31403252
2023-06-08 19:25:47,1665.16,1690.32,1611.09,1626.86,49842343
2023-06-09 19:25:47,1626.86,1653.92,1589.71,1593.75,25085644
2023-06-10 19:25:47,1593.75,1632.04,1587.12,1620.9,21789614
2023-06-11 19:25:47,1620.9,1652.41,1553.34,1579.76,22609621
2023-06-12 19:25:47,1579.76,1652.46,1550.56,1623.4,44627804
2023-06-13 19:25:47,1623.4,1646.84,1590.13,1620.44,12099744
2023-06-14 19:25:47,1620.44,1626.64,1597.82,1600.44,13640648
2023-06-15 19:25:47,1600.44,1612.21,1592.72,1608.82,37320078
2023-06-16 19:25:47,1608.82,1639.53,1588.87,1605.47,39482891
2023-06-17 19:25:47,1605.47,1621.21,1593.66,1618.88,45819360
2023-06-18 19:25:47,1618.88,1666.79,1610.86,1645.63,48247404
2023-06-19 19:25:47,1645.63,1662.75,1633.97,1655.22,37873060
2023-06-20 19:25:47,1655.22,1665.61,1627.77,1636.4,12668212
2023-06-21 19:25:47,1636.4,1656.71,1619.21,1654.57,43476507
2023-06-22 19:25:47,1654.57,1670.26,1650.91,1657.04,1224935
2023-06-23 19:25:47,1657.04,1728.89,1640.93,1703.55,44369562
2023-06-24 19:25:47,1703.55,1733.69,1662.22,1685.66,48878703
2023-06-25 19:25:47,1685.66,1689.4,1626.47,1655.5,6391694
2023-06-26 19:25:47,1655.5,1709.08,1632.29,1680.54,32842392
2023-06-27 19:25:47,1680.54,1731.97,1659.69,1716.79,15466451
2023-06-28 19:25:47,1716.79,1742.74,1691.71,1732.99,7968375
2023-06-29 19:25:47,1732.99,1743.19,1681.56,1686.75,3702569
2023-06-30 19:25:47,1686.75,1688.42,1638.5,1652.77,40808280
2023-07-01 19:25:47,1652.77,1660.01,1595.56,1623.72,43006392
2023-07-02 19:25:47,1623.72,1653.51,1614.62,1621.88,2538444
2023-07-03 19:25:47,1621.88,1652.57,1608.16,1643.73,2368991
2023-07-04 19:25:47,1643.73,1707.39,1613.89,1689.61,11265205
2023-07-05 19:25:47,1689.61,1715.63,1656.8,1661.38,23267104
2023-07-06 19:25:47,1661.38,1738.26,1655.49,1708.34,42991366
2023-07-07 19:25:47,1708.34,1718.75,1686.04,1701.63,34352048
2023-07-08 19:25:47,1701.63,1757.97,1682.57,1743.81,49450129
2023-07-09 19:25:47,1743.81,1750.91,1681.21,1696.75,19854426
2023-07-10 19:25:47,1696.75,1710.64,1613.02,1645.91,25261798
2023-07-11 19:25:47,1645.91,1654.2,1568.04,1597.83,47920449
2023-07-12 19:25:47,1597.83,1625.63,1531.54,1559.66,24047060
2023-07-13 19:25:47,1559.66,1582.23,1507.0,1517.17,6510639
2023-07-14 19:25:47,1517.17,1526.92,1466.96,1486.21,26355408
2023-07-15 19:25:47,1486.21,1536.52,1466.78,1518.91,47087037
2023-07-16 19:25:47,1518.91,1537.47,1473.13,1478.12,39298079
2023-07-17 19:25:47,1478.12,1537.18,1454.71,1517.65,40820194
2023-07-18 19:25:47,1517.65,1556.7,1491.91,1552.76,6061185
2023-07-19 19:25:47,1552.76,1555.57,1537.28,1549.75,39084176
2023-07-20 19:25:47,1549.75,1614.11,1525.61,1588.78,30529295
2023-07-21 19:25:47,1588.78,1621.95,1566.87,1596.47,15483819
2023-07-22 19:25:47,1596.47,1617.17,1560.66,1578.88,33804147
2023-07-23 19:25:47,1578.88,1586.77,1502.34,1532.13,3064660
2023-07-24 19:25:47,1532.13,1551.97,1480.69,1493.7,30019042
2023-07-25 19:25:47,1493.7,1514.58,1446.01,1458.75,17730396
2023-07-26 19:25:47,1458.75,1460.81,1430.7,1434.51,2022809
2023-07-27 19:25:47,1434.51,1482.14,1414.35,1472.95,44135362
2023-07-28 19:25:47,1472.95,1481.58,1438.73,1467.97,9843823
2023-07-29 19:25:47,1467.97,1503.46,1466.39,1500.41,21130693
2023-07-30 19:25:47,1500.41,1526.07,1495.68,1508.12,38218857
2023-07-31 19:25:47,1508.12,1513.52,1470.17,1491.28,33643823
2023-08-01 19:25:47,1491.28,1500.21,1483.91,1488.95,6735555
2023-08-02 19:25:47,1488.95,1505.94,1472.57,1486.74,10764219
2023-08-03 19:25:47,1486.74,1488.19,1467.11,1478.64,14060564
2023-08-04 19:25:47,1478.64,1524.38,1450.53,1498.19,5763511
2023-08-05 19:25:47,1498.19,1543.38,1473.16,1541.1,19821762
2023-08-06 19:25:47,1541.1,1544.33,1519.69,1540.38,5978667
2023-08-07 19:25:47,1540.38,1604.03,1534.93,1574.31,30011209
2023-08-08 19:25:47,1574.31,1639.33,1571.62,1619.22,32033169
2023-08-09 19:25:47,1619.22,1620.95,1614.14,1620.78,28228495
2023-08-10 19:25:47,1620.78,1680.01,1597.19,1660.74,39468144
2023-08-11 19:25:47,1660.74,1676.95,1656.36,1669.03,21084389
2023-08-12 19:25:47,1669.03,1669.67,1601.92,1632.72,12924385
2023-08-13 19:25:47,1632.72,1693.24,1624.38,1677.86,20967949
2023-08-14 19:25:47,1677.86,1697.12,1647.38,1648.23,32360507
2023-08-15 19:25:47,1648.23,1660.59,1585.31,1603.1,49163626
2023-08-16 19:25:47,1603.1,1621.79,1569.06,1591.94,29586755
2023-08-17 19:25:47,1591.94,1627.79,1586.83,1614.63,22668434
2023-08-18 19:25:47,1614.63,1669.02,1601.32,1662.05,43198013
2023-08-19 19:25:47,1662.05,1684.29,1636.74,1684.09,2172780
2023-08-20 19:25:47,1684.09,1687.78,1676.92,1680.24,15860945
2023-08-21 19:25:47,1680.24,1704.78,1628.22,1660.38,16575741
2023-08-22 19:25:47,1660.38,1662.91,1646.65,1662.17,42310559
2023-08-23 19:25:47,1662.17,1678.36,1602.93,1623.36,41510463
2023-08-24 19:25:47,1623.36,1645.91,1618.01,1630.2,36059098
2023-08-25 19:25:47,1630.2,1650.47,1579.92,1586.42,30764426
2023-08-26 19:25:47,1586.42,1597.68,1543.69,1567.28,16340160
2023-08-27 19:25:47,1567.28,1571.25,1529.32,1530.41,13190485
2023-08-28 19:25:47,1530.41,1564.91,1510.79,1550.09,46949385
2023-08-29 19:25:47,1550.09,1579.06,1482.69,1505.36,27150990
2023-08-30 19:25:47,1505.36,1554.19,1501.2,1527.88,8278151
2023-08-31 19:25:47,1527.88,1538.12,1483.64,1485.4,4992952
2023-09-01 19:25:47,1485.4,1513.07,1448.49,1457.68,1890876
2023-09-02 19:25:47,1457.68,1466.28,1421.84,1429.99,23376021
2023-09-03 19:25:47,1429.99,1458.3,1421.16,1434.41,24577783
2023-09-04 19:25:47,1434.41,1438.23,1406.25,1435.72,29577353
2023-09-05 19:25:47,1435.72,1451.57,1405.96,1425.82,1802697
2023-09-06 19:25:47,1425.82,1443.89,1410.21,1426.8,45422180
2023-09-07 19:25:47,1426.8,1437.12,1371.29,1399.25,31481174
2023-09-08 19:25:47,1399.25,1464.47,1391.32,1439.06,5021196
2023-09-09 19:25:47,1439.06,1466.9,1410.58,1450.39,47483168
2023-09-10 19:25:47,1450.39,1478.9,1434.02,1461.34,32168113
2023-09-11 19:25:47,1461.34,1471.42,1400.54,1425.12,41515556
2023-09-12 19:25:47,1425.12,1443.41,1412.4,1435.41,23779044
2023-09-13 19:25:47,1435.41,1472.09,1433.58,1445.1,43264311
2023-09-14 19:25:47,1445.1,1479.95,1419.37,1457.6,3405439
2023-09-15 19:25:47,1457.6,1518.36,1452.04,1499.32,16652250
2023-09-16 19:25:47,1499.32,1517.36,1470.77,1506.95,3166226
2023-09-17 19:25:47,1506.95,1510.62,1474.49,1503.86,12096580
2023-09-18 19:25:47,1503.86,1519.58,1445.29,1466.96,4233554
2023-09-19 19:25:47,1466.96,1486.84,1449.28,1449.73,26365768
2023-09-20 19:25:47,1449.73,1488.0,1439.1,1483.05,7469090
2023-09-21 19:25:47,1483.05,1523.17,1469.81,1495.0,36936559
2023-09-22 19:25:47,1495.0,1519.6,1480.12,1484.7,22696503
2023-09-23 19:25:47,1484.7,1505.45,1429.59,1454.85,3731771
2023-09-24 19:25:47,1454.85,1458.22,1446.73,1452.54,32670238
2023-09-25 19:25:47,1452.54,1507.24,1436.27,1486.7,6093617
2023-09-26 19:25:47,1486.7,1497.54,1484.17,1495.37,19684341
2023-09-27 19:25:47,1495.37,1530.36,1490.4,1515.72,2551988
2023-09-28 19:25:47,1515.72,1529.24,1470.68,1491.76,22570175
2023-09-29 19:25:47,1491.76,1495.37,1457.07,1479.84,45619556
2023-09-30 19:25:47,1479.84,1519.44,1458.83,1509.97,30424124
2023-10-01 19:25:47,1509.97,1530.97,1452.24,1465.41,13049457
2023-10-02 19:25:47,1465.41,1473.27,1438.35,1444.2,12617982
2023-10-03 19:25:47,1444.2,1474.88,1427.13,1464.16,29056456
2023-10-04 19:25:47,1464.16,1515.31,1452.5,1501.94,20849421
2023-10-05 19:25:47,1501.94,1569.5,1499.87,1542.6,45726819
2023-10-06 19:25:47,1542.6,1554.71,1517.86,1523.97,19127116
2023-10-07 19:25:47,1523.97,1556.91,1500.26,1551.33,19741282
2023-10-08 19:25:47,1551.33,1587.58,1537.49,1563.29,23630107
2023-10-09 19:25:47,1563.29,1581.58,1537.83,1539.01,15438083
2023-10-10 19:25:47,1539.01,1555.5,1497.25,1512.06,33896204
2023-10-11 19:25:47,1512.06,1536.18,1498.84,1533.21,26527154
2023-10-12 19:25:47,1533.21,1559.39,1532.0,1532.51,24053051
2023-10-13 19:25:47,1532.51,1597.02,1521.24,1567.94,17318409
2023-10-14 19:25:47,1567.94,1592.12,1531.91,1532.78,49167176
2023-10-15 19:25:47,1532.78,1542.87,1513.67,1526.07,41076439
2023-10-16 19:25:47,1526.07,1548.26,1497.61,1516.62,34463355
2023-10-17 19:25:47,1516.62,1517.92,1511.16,1517.01,28591635
2023-10-18 19:25:47,1517.01,1554.3,1503.63,1535.11,23120723
2023-10-19 19:25:47,1535.11,1594.8,1532.02,1578.0,18208535
2023-10-20 19:25:47,1578.0,1622.77,1563.42,1619.04,38739194
2023-10-21 19:25:47,1619.04,1643.12,1609.74,1634.03,33706473
2023-10-22 19:25:47,1634.03,1654.49,1563.32,1594.9,13790593
2023-10-23 19:25:47,1594.9,1657.51,1582.44,1639.19,14050363
2023-10-24 19:25:47,1639.19,1665.92,1579.02,1601.33,5385645
2023-10-25 19:25:47,1601.33,1608.57,1575.41,1583.51,16550223
2023-10-26 19:25:47,1583.51,1607.74,1537.03,1554.6,44664374
2023-10-27 19:25:47,1554.6,1565.36,1515.52,1525.18,32563819
2023-10-28 19:25:47,1525.18,1544.47,1465.87,1481.55,13758142
2023-10-29 19:25:47,1481.55,1508.08,1473.01,1476.38,43746260
2023-10-30 19:25:47,1476.38,1497.5,1463.33,1495.06,32551191
2023-10-31 19:25:47,1495.06,1539.75,1492.82,1530.56,49448284
2023-11-01 19:25:47,1530.56,1583.23,1520.78,1557.67,15751541
2023-11-02 19:25:47,1557.67,1586.78,1543.78,1548.9,26686282
2023-11-03 19:25:47,1548.9,1559.87,1495.01,1502.9,32512026
2023-11-04 19:25:47,1502.9,1531.62,1472.34,1477.27,1066302
2023-11-05 19:25:47,1477.27,1478.25,1427.07,1454.53,21483302
2023-11-06 19:25:47,1454.53,1474.26,1439.28,1460.58,37375244
2023-11-07 19:25:47,1460.58,1464.71,1426.98,1430.18,1530980
2023-11-08 19:25:47,1430.18,1435.68,1377.54,1405.46,28719540
2023-11-09 19:25:47,1405.46,1459.87,1381.48,1439.1,36064414
2023-11-10 19:25:47,1439.1,1459.81,1394.24,1418.6,47229666
2023-11-11 19:25:47,1418.6,1432.53,1361.67,1378.76,4263993
2023-11-12 19:25:47,1378.76,1381.19,1354.26,1378.86,7566514
2023-11-13 19:25:47,1378.86,1435.05,1365.18,1413.83,47261796
2023-11-14 19:25:47,1413.83,1415.03,1406.46,1409.57,31004061
2023-11-15 19:25:47,1409.57,1450.15,1392.65,1441.69,41460620
2023-11-16 19:25:47,1441.69,1465.97,1392.83,1398.56,10239763
2023-11-17 19:25:47,1398.56,1453.97,1384.35,1438.58,19571943
2023-11-18 19:25:47,1438.58,1458.82,1415.97,1432.11,24907258
2023-11-19 19:25:47,1432.11,1473.28,1431.55,1467.88,8177966
2023-11-20 19:25:47,1467.88,1486.08,1460.47,1474.53,41284796
2023-11-21 19:25:47,1474.53,1513.87,1451.0,1502.82,40615732
2023-11-22 19:25:47,1502.82,1551.41,1501.15,1522.09,20272078
2023-11-23 19:25:47,1522.09,1531.79,1497.19,1512.31,46330503
2023-11-24 19:25:47,1512.31,1517.56,1455.95,1485.28,6487374
2023-11-25 19:25:47,1485.28,1510.33,1460.43,1484.3,48309380
2023-11-26 19:25:47,1484.3,1511.58,1446.78,1451.29,28113527
2023-11-27 19:25:47,1451.29,1475.82,1402.06,1413.76,17274635
2023-11-28 19:25:47,1413.76,1444.62,1400.5,1430.93,41874699
2023-11-29 19:25:47,1430.93,1433.89,1389.72,1391.18,9127411
2023-11-30 19:25:47,1391.18,1440.98,1377.33,1414.15,18483054
2023-12-01 19:25:47,1414.15,1432.38,1356.41,1375.49,49631207
2023-12-02 19:25:47,1375.49,1399.68,1312.95,1337.14,25520076
2023-12-03 19:25:47,1337.14,1339.46,1326.01,1330.81,12164152
2023-12-04 19:25:47,1330.81,1354.83,1304.71,1315.64,45999858
2023-12-05 19:25:47,1315.64,1338.42,1255.84,1279.07,32137062
2023-12-06 19:25:47,1279.07,1314.89,1264.61,1303.59,1652883
2023-12-07 19:25:47,1303.59,1312.15,1284.7,1286.81,28784361
2023-12-08 19:25:47,1286.81,1305.29,1275.73,1295.47,28647811
2023-12-09 19:25:47,1295.47,1316.7,1292.73,1310.1,15640127
2023-12-10 19:25:47,1310.1,1354.41,1307.7,1346.82,35381920
2023-12-11 19:25:47,1346.82,1380.29,1325.06,1358.36,26140864
2023-12-12 19:25:47,1358.36,1384.51,1324.34,1341.31,33839027
2023-12-13 19:25:47,1341.31,1365.9,1301.64,1303.85,2877382
2023-12-14 19:25:47,1303.85,1337.69,1284.83,1320.81,48043725
2023-12-15 19:25:47,1320.81,1348.85,1304.97,1325.79,29317648
2023-12-16 19:25:47,1325.79,1358.72,1305.5,1350.2,19124139
2023-12-17 19:25:47,1350.2,1370.19,1325.75,1325.92,48412023
2023-12-18 19:25:47,1325.92,1330.23,1297.37,1319.29,41151586
2023-12-19 19:25:47,1319.29,1336.32,1299.82,1313.89,1394414
2023-12-20 19:25:47,1313.89,1326.33,1262.78,1286.06,47273179
2023-12-21 19:25:47,1286.06,1340.5,1261.05,1324.51,12483517
2023-12-22 19:25:47,1324.51,1377.56,1320.94,1353.87,24424395
2023-12-23 19:25:47,1353.87,1368.26,1309.84,1328.83,44006640
2023-12-24 19:25:47,1328.83,1350.07,1306.41,1331.14,20576408
2023-12-25 19:25:47,1331.14,1341.25,1309.24,1336.22,29581802
2023-12-26 19:25:47,1336.22,1368.09,1310.99,1353.63,39964817
2023-12-27 19:25:47,1353.63,1378.08,1348.82,1358.59,38233332
2023-12-28 19:25:47,1358.59,1376.77,1350.22,1355.67,10931347
2023-12-29 19:25:47,1355.67,1377.97,1305.53,1324.84,24375567
2023-12-30 19:25:47,1324.84,1353.79,1313.26,1349.51,10666194
2023-12-31 19:25:47,1349.51,1388.03,1334.12,1374.01,32769332
2024-01-01 19:25:47,1374.01,1387.82,1364.4,1378.98,4877098
2024-01-02 19:25:47,1378.98,1415.14,1353.48,1400.88,10677280
2024-01-03 19:25:47,1400.88,1446.47,1379.08,1421.96,1218880
2024-01-04 19:25:47,1421.96,1427.32,1362.88,1389.07,28615516
2024-01-05 19:25:47,1389.07,1416.43,1362.48,1411.57,14060824
2024-01-06 19:25:47,1411.57,1415.43,1360.63,1382.45,36427387
2024-01-07 19:25:47,1382.45,1397.47,1340.83,1346.95,27428319
2024-01-08 19:25:47,1346.95,1347.35,1326.38,1332.52,25109159
2024-01-09 19:25:47,1332.52,1349.42,1314.1,1315.55,42585633
2024-01-10 19:25:47,1315.55,1317.7,1253.24,1278.56,9892866
2024-01-11 19:25:47,1278.56,1300.58,1245.22,1269.48,34359955
2024-01-12 19:25:47,1269.48,1294.74,1259.23,1277.52,1548156
2024-01-13 19:25:47,1277.52,1322.98,1265.05,1298.07,41978878
2024-01-14 19:25:47,1298.07,1343.47,1297.8,1325.68,32680093
2024-01-15 19:25:47,1325.68,1355.41,1311.67,1345.52,28702743
2024-01-16 19:25:47,1345.52,1369.99,1320.86,1336.88,33601178
2024-01-17 19:25:47,1336.88,1370.75,1324.84,1349.74,6346882
2024-01-18 19:25:47,1349.74,1408.92,1342.79,1381.68,44631726
2024-01-19 19:25:47,1381.68,1402.98,1362.23,1373.49,47946107
2024-01-20 19:25:47,1373.49,1382.6,1367.89,1380.86,7314747
2024-01-21 19:25:47,1380.86,1407.05,1371.84,1395.48,15787852
2024-01-22 19:25:47,1395.48,1419.01,1353.59,1370.02,2435305
2024-01-23 19:25:47,1370.02,1401.02,1369.17,1378.97,30201738
2024-01-24 19:25:47,1378.97,1384.93,1336.29,1363.34,35065180
2024-01-25 19:25:47,1363.34,1377.1,1335.61,1351.41,45371741
2024-01-26 19:25:47,1351.41,1358.37,1328.74,1328.85,6940163
2024-01-27 19:25:47,1328.85,1346.35,1301.55,1323.86,21392404
2024-01-28 19:25:47,1323.86,1348.73,1308.32,1323.06,42937844
2024-01-29 19:25:47,1323.06,1341.66,1291.99,1306.96,13649592
2024-01-30 19:25:47,1306.96,1351.15,1281.99,1333.46,19627263
2024-01-31 19:25:47,1333.46,1339.48,1291.24,1315.87,2973491
2024-02-01 19:25:47,1315.87,1370.31,1304.59,1351.06,17364049
2024-02-02 19:25:47,1351.06,1360.54,1315.77,1330.05,48183622
2024-02-03 19:25:47,1330.05,1349.68,1303.82,1311.61,33829215
2024-02-04 19:25:47,1311.61,1319.55,1268.69,1292.3,15032982
2024-02-05 19:25:47,1292.3,1308.14,1272.98,1277.15,25163436
2024-02-06 19:25:47,1277.15,1326.42,1275.33,1313.26,24498222
2024-02-07 19:25:47,1313.26,1320.23,1252.23,1277.75,26425785
2024-02-08 19:25:47,1277.75,1303.02,1236.19,1245.28,15225453
2024-02-09 19:25:47,1245.28,1247.67,1200.78,1214.69,17352842
2024-02-10 19:25:47,1214.69,1217.43,1176.72,1187.24,41401310
2024-02-11 19:25:47,1187.24,1230.32,1173.01,1208.76,6644604
2024-02-12 19:25:47,1208.76,1233.01,1207.24,1217.65,39579675
2024-02-13 19:25:47,1217.65,1272.4,1208.38,1253.08,15277921
2024-02-14 19:25:47,1253.08,1289.96,1236.13,1273.04,17636172
2024-02-15 19:25:47,1273.04,1315.2,1253.96,1307.2,38016912
2024-02-16 19:25:47,1307.2,1320.65,1301.02,1306.77,35407173
2024-02-17 19:25:47,1306.77,1328.03,1282.18,1289.02,49002104
2024-02-18 19:25:47,1289.02,1316.17,1281.61,1296.87,42386713
2024-02-19 19:25:47,1296.87,1345.54,1279.86,1330.68,21565519
2024-02-20 19:25:47,1330.68,1370.97,1307.26,1355.54,49012158
2024-02-21 19:25:47,1355.54,1384.91,1335.29,1364.1,38573090
2024-02-22 19:25:47,1364.1,1408.17,1349.13,1381.33,41472727
2024-02-23 19:25:47,1381.33,1415.34,1361.26,1401.92,5354233
2024-02-24 19:25:47,1401.92,1402.89,1359.27,1386.95,39740927
2024-02-25 19:25:47,1386.95,1430.55,1386.86,1418.37,3030976
2024-02-26 19:25:47,1418.37,1424.71,1383.41,1408.33,49534612
2024-02-27 19:25:47,1408.33,1412.17,1382.44,1389.8,46840077
2024-02-28 19:25:47,1389.8,1415.29,1343.63,1360.42,21851808
2024-02-29 19:25:47,1360.42,1366.59,1338.01,1349.73,37373150
2024-03-01 19:25:47,1349.73,1375.79,1330.45,1341.06,17418526
2024-03-02 19:25:47,1341.06,1356.17,1329.01,1335.93,36715405
2024-03-03 19:25:47,1335.93,1362.01,1311.14,1334.97,41273003
2024-03-04 19:25:47,1334.97,1367.63,1320.6,1354.57,12833355
2024-03-05 19:25:47,1354.57,1418.27,1334.3,1394.17,41273015
2024-03-06 19:25:47,1394.17,1427.45,1390.91,1409.73,33790383
2024-03-07 19:25:47,1409.73,1429.08,1359.7,1382.5,6253705
2024-03-08 19:25:47,1382.5,1396.55,1325.44,1346.79,3703067
2024-03-09 19:25:47,1346.79,1364.0,1308.04,1329.74,7748647
2024-03-10 19:25:47,1329.74,1361.31,1323.62,1342.22,22579156
2024-03-11 19:25:47,1342.22,1393.3,1325.73,1375.14,13595029
2024-03-12 19:25:47,1375.14,1380.39,1339.85,1363.3,36760003
2024-03-13 19:25:47,1363.3,1384.62,1343.07,1384.15,2866412
2024-03-14 19:25:47,1384.15,1405.5,1366.1,1384.94,23076728
2024-03-15 19:25:47,1384.94,1438.23,1373.09,1411.28,26263471
2024-03-16 19:25:47,1411.28,1441.9,1384.62,1414.85,35020837
2024-03-17 19:25:47,1414.85,1461.65,1408.21,1443.64,31231051
2024-03-18 19:25:47,1443.64,1451.59,1440.37,1443.53,10723977
2024-03-19 19:25:47,1443.53,1460.77,1427.98,1458.62,4643728
2024-03-20 19:25:47,1458.62,1515.8,1451.37,1498.68,35940788
2024-03-21 19:25:47,1498.68,1550.28,1483.99,1521.17,17554448
2024-03-22 19:25:47,1521.17,1580.57,1502.63,1554.4,28065029
2024-03-23 19:25:47,1554.4,1565.8,1536.79,1554.82,14268812
2024-03-24 19:25:47,1554.82,1572.19,1526.39,1560.43,30059416
2024-03-25 19:25:47,1560.43,1624.27,1533.81,1594.05,11569663
2024-03-26 19:25:47,1594.05,1625.69,1592.86,1623.69,43004223
2024-03-27 19:25:47,1623.69,1673.74,1592.79,1647.03,38776832
2024-03-28 19:25:47,1647.03,1650.13,1611.65,1633.46,5099184
2024-03-29 19:25:47,1633.46,1651.66,1608.12,1621.94,30686449
2024-03-30 19:25:47,1621.94,1627.5,1618.07,1623.01,31507987
2024-03-31 19:25:47,1623.01,1660.59,1607.84,1635.55,27373328
2024-04-01 19:25:47,1635.55,1658.26,1584.9,1600.96,12199462
2024-04-02 19:25:47,1600.96,1617.49,1580.78,1599.84,49806416
2024-04-03 19:25:47,1599.84,1630.15,1572.46,1619.79,47322980
2024-04-04 19:25:47,1619.79,1651.98,1595.58,1598.85,34607521
2024-04-05 19:25:47,1598.85,1606.53,1589.99,1602.46,45323117
2024-04-06 19:25:47,1602.46,1625.42,1578.95,1593.83,15137824
2024-04-07 19:25:47,1593.83,1622.41,1584.62,1613.67,26239010
2024-04-08 19:25:47,1613.67,1680.82,1611.71,1660.1,27553245
2024-04-09 19:25:47,1660.1,1679.61,1610.72,1612.18,26723318
2024-04-10 19:25:47,1612.18,1660.74,1611.62,1650.14,4203181
2024-04-11 19:25:47,1650.14,1675.21,1602.28,1602.89,31832868
2024-04-12 19:25:47,1602.89,1621.19,1549.32,1557.6,46681738
2024-04-13 19:25:47,1557.6,1581.84,1526.17,1526.58,12530994
2024-04-14 19:25:47,1526.58,1576.04,1517.13,1568.66,29781903
2024-04-15 19:25:47,1568.66,1591.1,1517.55,1527.18,10578644
2024-04-16 19:25:47,1527.18,1585.04,1497.61,1567.96,19082170
2024-04-17 19:25:47,1567.96,1614.93,1560.12,1585.76,2748728
2024-04-18 19:25:47,1585.76,1615.85,1569.4,1583.65,49772649
2024-04-19 19:25:47,1583.65,1596.48,1560.3,1566.08,1050906
2024-04-20 19:25:47,1566.08,1579.82,1526.63,1536.32,15479107
2024-04-21 19:25:47,1536.32,1559.19,1489.62,1508.54,7651997
2024-04-22 19:25:47,1508.54,1538.27,1498.87,1513.82,12112049
2024-04-23 19:25:47,1513.82,1538.02,1509.38,1518.74,9302239
2024-04-24 19:25:47,1518.74,1527.14,1470.38,1485.56,12356877
2024-04-25 19:25:47,1485.56,1528.93,1463.59,1521.04,10024305
2024-04-26 19:25:47,1521.04,1534.86,1509.79,1534.32,42491291
2024-04-27 19:25:47,1534.32,1558.52,1491.07,1493.86,18333074
2024-04-28 19:25:47,1493.86,1525.98,1474.07,1499.98,13465176
2024-04-29 19:25:47,1499.98,1516.78,1450.3,1462.14,9376764
2024-04-30 19:25:47,1462.14,1484.57,1413.64,1422.52,13963800
2024-05-01 19:25:47,1422.52,1437.24,1382.34,1399.8,27408795
2024-05-02 19:25:47,1399.8,1436.61,1391.05,1436.34,10688011
2024-05-03 19:25:47,1436.34,1488.02,1422.98,1471.7,48494215
2024-05-04 19:25:47,1471.7,1485.64,1441.09,1467.67,43678935
2024-05-05 19:25:47,1467.67,1514.23,1452.72,1491.34,5463677
2024-05-06 19:25:47,1491.34,1547.03,1471.03,1523.11,23949727
2024-05-07 19:25:47,1523.11,1567.23,1514.21,1562.86,40663432
2024-05-08 19:25:47,1562.86,1570.02,1552.25,1562.79,34122971
2024-05-09 19:25:47,1562.79,1581.62,1541.27,1568.18,20354556
2024-05-10 19:25:47,1568.18,1601.76,1553.74,1583.73,3475253
2024-05-11 19:25:47,1583.73,1623.95,1553.11,1615.38,14770492
2024-05-12 19:25:47,1615.38,1637.3,1592.88,1613.6,37764069
2024-05-13 19:25:47,1613.6,1674.88,1589.96,1658.47,21644483
2024-05-14 19:25:47,1658.47,1690.91,1606.7,1629.62,30918460
2024-05-15 19:25:47,1629.62,1655.12,1620.09,1623.53,35506271
2024-05-16 19:25:47,1623.53,1631.71,1621.53,1625.45,47243407
2024-05-17 19:25:47,1625.45,1627.7,1589.48,1596.67,38460689
2024-05-18 19:25:47,1596.67,1613.89,1567.23,1593.53,28264050
2024-05-19 19:25:47,1593.53,1625.05,1554.61,1569.29,12992232
2024-05-20 19:25:47,1569.29,1602.13,1544.63,1580.91,14804372
2024-05-21 19:25:47,1580.91,1585.03,1514.36,1543.84,17625577
2024-05-22 19:25:47,1543.84,1560.73,1530.28,1540.61,45924033
2024-05-23 19:25:47,1540.61,1580.1,1515.85,1561.23,6121517
2024-05-24 19:25:47,1561.23,1568.89,1533.76,1561.64,39798021
2024-05-25 19:25:47,1561.64,1602.03,1549.54,1571.4,12825202
2024-05-26 19:25:47,1571.4,1603.7,1543.73,1580.9,16933822
2024-05-27 19:25:47,1580.9,1612.33,1543.73,1554.69,19706401
2024-05-28 19:25:47,1554.69,1598.78,1549.6,1591.63,3217447
2024-05-29 19:25:47,1591.63,1618.16,1561.1,1599.36,10073334
2024-05-30 19:25:47,1599.36,1624.11,1592.99,1615.48,43753794
2024-05-31 19:25:47,1615.48,1623.32,1600.63,1604.06,5857805
2024-06-01 19:25:47,1604.06,1642.75,1602.86,1613.37,36206568
2024-06-02 19:25:47,1613.37,1656.59,1597.18,1651.85,5322170
2024-06-03 19:25:47,1651.85,1701.42,1626.61,1682.5,40005715
2024-06-04 19:25:47,1682.5,1690.07,1639.65,1643.87,17324587
2024-06-05 19:25:47,1643.87,1649.23,1615.81,1629.99,4778896
2024-06-06 19:25:47,1629.99,1633.16,1569.91,1581.59,40087971
2024-06-07 19:25:47,1581.59,1617.54,1569.84,1615.34,39149537
2024-06-08 19:25:47,1615.34,1629.79,1591.01,1592.34,44835571
2024-06-09 19:25:47,1592.34,1622.25,1545.2,1547.28,34280510
2024-06-10 19:25:47,1547.28,1607.12,1543.83,1575.88,18264989
2024-06-11 19:25:47,1575.88,1604.58,1560.9,1585.47,8788699
2024-06-12 19:25:47,1585.47,1606.86,1524.56,1546.9,1571168
2024-06-13 19:25:47,1546.9,1617.77,1532.96,1588.06,9668126
2024-06-14 19:25:47,1588.06,1616.21,1530.54,1556.22,31676401
2024-06-15 19:25:47,1556.22,1565.56,1530.9,1536.75,23234281
2024-06-16 19:25:47,1536.75,1567.44,1512.33,1528.84,19231026
2024-06-17 19:25:47,1528.84,1532.97,1509.81,1512.06,32005850
2024-06-18 19:25:47,1512.06,1515.86,1481.18,1492.46,41376377
2024-06-19 19:25:47,1492.46,1511.37,1461.78,1481.38,26017690
2024-06-20 19:25:47,1481.38,1482.51,1429.97,1442.24,36254942
2024-06-21 19:25:47,1442.24,1484.17,1432.45,1465.78,44254266
2024-06-22 19:25:47,1465.78,1515.29,1445.74,1493.68,35918996
2024-06-23 19:25:47,1493.68,1522.31,1480.23,1495.46,17017328
2024-06-24 19:25:47,1495.46,1514.35,1456.14,1461.02,49811224
2024-06-25 19:25:47,1461.02,1526.07,1442.76,1504.76,27572870
2024-06-26 19:25:47,1504.76,1548.76,1491.15,1520.55,9575920
2024-06-27 19:25:47,1520.55,1538.26,1481.85,1509.46,10063214
2024-06-28 19:25:47,1509.46,1543.71,1501.96,1538.03,31930031
2024-06-29 19:25:47,1538.03,1604.24,1532.26,1574.7,15182136
2024-06-30 19:25:47,1574.7,1618.32,1562.57,1587.75,41718483
2024-07-01 19:25:47,1587.75,1615.72,1553.68,1564.21,29702860
2024-07-02 19:25:47,1564.21,1610.51,1539.89,1589.42,40009624
2024-07-03 19:25:47,1589.42,1605.01,1548.37,1554.88,17415709
2024-07-04 19:25:47,1554.88,1603.17,1552.95,1597.38,43078969
2024-07-05 19:25:47,1597.38,1625.77,1592.75,1599.6,34243930
2024-07-06 19:25:47,1599.6,1647.62,1570.69,1615.38,24901732
2024-07-07 19:25:47,1615.38,1668.88,1594.22,1644.98,37107980
2024-07-08 19:25:47,1644.98,1707.94,1626.98,1687.93,45215118
2024-07-09 19:25:47,1687.93,1691.88,1652.28,1674.03,13473278
2024-07-10 19:25:47,1674.03,1739.42,1643.39,1720.75,7842200
2024-07-11 19:25:47,1720.75,1733.17,1688.1,1731.91,3640904
2024-07-12 19:25:47,1731.91,1752.73,1680.28,1696.63,36038883
2024-07-13 19:25:47,1696.63,1715.31,1645.61,1672.12,2275737
2024-07-14 19:25:47,1672.12,1689.35,1645.34,1668.15,16061344
2024-07-15 19:25:47,1668.15,1678.3,1647.03,1666.91,17168059
2024-07-16 19:25:47,1666.91,1679.09,1635.43,1637.64,12011988
2024-07-17 19:25:47,1637.64,1652.23,1565.36,1595.19,49436461
2024-07-18 19:25:47,1595.19,1610.24,1570.93,1601.39,26272249
2024-07-19 19:25:47,1601.39,1661.06,1597.35,1633.48,13332279
2024-07-20 19:25:47,1633.48,1659.27,1629.44,1631.38,27334075
2024-07-21 19:25:47,1631.38,1639.74,1586.46,1588.13,46312855
2024-07-22 19:25:47,1588.13,1591.77,1550.66,1557.18,6469500
2024-07-23 19:25:47,1557.18,1582.88,1504.55,1530.75,23212776
2024-07-24 19:25:47,1530.75,1562.61,1503.65,1558.92,23414525
2024-07-25 19:25:47,1558.92,1585.19,1546.83,1550.07,31465079
2024-07-26 19:25:47,1550.07,1598.26,1531.63,1595.23,47072186
2024-07-27 19:25:47,1595.23,1602.18,1590.96,1598.91,18622661
2024-07-28 19:25:47,1598.91,1606.81,1554.07,1557.85,13665373
2024-07-29 19:25:47,1557.85,1579.79,1498.57,1528.6,42308379
2024-07-30 19:25:47,1528.6,1537.95,1519.31,1524.89,39983235
2024-07-31 19:25:47,1524.89,1537.26,1484.8,1497.42,22882134
2024-08-01 19:25:47,1497.42,1507.28,1475.55,1486.27,44949651
2024-08-02 19:25:47,1486.27,1489.25,1456.49,1465.91,11095664
2024-08-03 19:25:47,1465.91,1491.74,1453.2,1458.92,12795775
2024-08-04 19:25:47,1458.92,1461.71,1418.99,1445.19,8509477
2024-08-05 19:25:47,1445.19,1470.5,1404.92,1431.15,18017558
2024-08-06 19:25:47,1431.15,1487.4,1414.43,1465.15,30624989
2024-08-07 19:25:47,1465.15,1478.36,1433.1,1461.27,24924536
2024-08-08 19:25:47,1461.27,1467.48,1445.71,1450.78,10604716
2024-08-09 19:25:47,1450.78,1471.59,1431.21,1449.63,17033677
2024-08-10 19:25:47,1449.63,1487.78,1430.68,1470.1,9640322
2024-08-11 19:25:47,1470.1,1484.97,1413.75,1435.29,3291307
2024-08-12 19:25:47,1435.29,1461.8,1426.99,1453.94,7049430
2024-08-13 19:25:47,1453.94,1476.61,1406.25,1434.5,46866060
2024-08-14 19:25:47,1434.5,1450.41,1412.18,1437.92,27776305
2024-08-15 19:25:47,1437.92,1442.64,1371.56,1398.49,28470906
2024-08-16 19:25:47,1398.49,1439.89,1374.14,1436.28,5612043
2024-08-17 19:25:47,1436.28,1448.45,1434.02,1442.16,8916642
2024-08-18 19:25:47,1442.16,1486.79,1437.1,1481.41,43406111
2024-08-19 19:25:47,1481.41,1488.72,1427.8,1451.96,14471438
2024-08-20 19:25:47,1451.96,1495.85,1447.3,1479.4,6257424
2024-08-21 19:25:47,1479.4,1519.45,1456.06,1510.77,34354622
2024-08-22 19:25:47,1510.77,1563.83,1498.1,1538.29,47582397
2024-08-23 19:25:47,1538.29,1588.56,1533.6,1562.2,45208640
2024-08-24 19:25:47,1562.2,1619.95,1559.49,1593.2,48700446
2024-08-25 19:25:47,1593.2,1640.91,1580.51,1637.43,5537644
2024-08-26 19:25:47,1637.43,1671.92,1610.59,1669.33,2721683
2024-08-27 19:25:47,1669.33,1728.65,1644.06,1702.41,42112650
2024-08-28 19:25:47,1702.41,1721.17,1624.08,1653.29,13929609
2024-08-29 19:25:47,1653.29,1661.5,1614.04,1622.96,47592124
2024-08-30 19:25:47,1622.96,1634.64,1607.18,1624.12,43656405
2024-08-31 19:25:47,1624.12,1655.97,1601.11,1617.79,47912931
2024-09-01 19:25:47,1617.79,1690.14,1598.94,1665.55,9934857
2024-09-02 19:25:47,1665.55,1684.62,1596.63,1623.81,34605775
2024-09-03 19:25:47,1623.81,1655.52,1588.96,1591.01,6221670
2024-09-04 19:25:47,1591.01,1649.21,1578.11,1619.54,2474403
2024-09-05 19:25:47,1619.54,1641.44,1612.69,1617.91,8039752
2024-09-06 19:25:47,1617.91,1666.11,1615.39,1648.29,5549830
2024-09-07 19:25:47,1648.29,1685.08,1622.88,1654.95,35827760
2024-09-08 19:25:47,1654.95,1673.6,1633.15,1644.02,41073024
2024-09-09 19:25:47,1644.02,1658.61,1595.54,1609.14,5617692
2024-09-10 19:25:47,1609.14,1645.56,1606.92,1618.42,27386565
2024-09-11 19:25:47,1618.42,1637.31,1596.74,1613.2,39430253
2024-09-12 19:25:47,1613.2,1624.47,1557.56,1575.3,47346667
2024-09-13 19:25:47,1575.3,1597.73,1574.98,1592.31,21885692
2024-09-14 19:25:47,1592.31,1617.15,1553.74,1563.98,26330277
2024-09-15 19:25:47,1563.98,1598.29,1548.68,1575.29,7612094
2024-09-16 19:25:47,1575.29,1638.85,1547.81,1618.99,23382047
2024-09-17 19:25:47,1618.99,1635.44,1572.84,1599.41,6707610
2024-09-18 19:25:47,1599.41,1659.79,1588.78,1634.97,23739084
2024-09-19 19:25:47,1634.97,1649.36,1625.86,1632.8,15701965
2024-09-20 19:25:47,1632.8,1672.6,1606.95,1652.92,28764579
2024-09-21 19:25:47,1652.92,1704.29,1622.73,1692.79,12604711
2024-09-22 19:25:47,1692.79,1695.9,1637.77,1661.68,42068289
2024-09-23 19:25:47,1661.68,1710.28,1654.52,1708.41,16176152
2024-09-24 19:25:47,1708.41,1719.01,1682.36,1714.54,16479071
2024-09-25 19:25:47,1714.54,1740.76,1669.34,1676.25,30361640
2024-09-26 19:25:47,1676.25,1701.85,1658.71,1683.82,35396466
2024-09-27 19:25:47,1683.82,1690.73,1634.56,1653.55,49782007
2024-09-28 19:25:47,1653.55,1657.02,1602.26,1623.71,9503538
2024-09-29 19:25:47,1623.71,1657.36,1606.18,1639.08,1930560
2024-09-30 19:25:47,1639.08,1705.38,1629.94,1672.03,9058210
2024-10-01 19:25:47,1672.03,1673.68,1607.11,1631.42,33694043
2024-10-02 19:25:47,1631.42,1680.86,1629.16,1653.6,35493356
2024-10-03 19:25:47,1653.6,1678.31,1627.2,1645.44,18625728
2024-10-04 19:25:47,1645.44,1647.7,1586.0,1601.84,38611260
2024-10-05 19:25:47,1601.84,1651.57,1596.57,1634.93,35523297
2024-10-06 19:25:47,1634.93,1668.21,1602.99,1636.12,13571203
2024-10-07 19:25:47,1636.12,1665.31,1578.75,1588.35,45479473
2024-10-08 19:25:47,1588.35,1633.5,1559.33,1604.87,26975165
2024-10-09 19:25:47,1604.87,1606.38,1591.81,1602.67,40099225
2024-10-10 19:25:47,1602.67,1630.03,1571.18,1620.99,41737854
2024-10-11 19:25:47,1620.99,1637.38,1605.28,1608.26,42351866
2024-10-12 19:25:47,1608.26,1629.63,1578.47,1607.54,14605577
2024-10-13 19:25:47,1607.54,1628.31,1559.66,1572.28,6794871
2024-10-14 19:25:47,1572.28,1590.2,1543.84,1578.83,24732589
2024-10-15 19:25:47,1578.83,1586.2,1560.08,1565.08,38820045
2024-10-16 19:25:47,1565.08,1580.84,1504.32,1518.37,6707039
2024-10-17 19:25:47,1518.37,1578.98,1492.09,1556.59,11598404
2024-10-18 19:25:47,1556.59,1567.87,1511.24,1519.35,25220916
2024-10-19 19:25:47,1519.35,1549.57,1469.41,1489.23,10485473
2024-10-20 19:25:47,1489.23,1518.95,1472.98,1499.67,41212584
2024-10-21 19:25:47,1499.67,1538.04,1479.92,1527.86,39581638
2024-10-22 19:25:47,1527.86,1576.78,1513.07,1549.59,41397504
2024-10-23 19:25:47,1549.59,1560.12,1537.55,1547.57,41346458
2024-10-24 19:25:47,1547.57,1561.35,1512.09,1516.7,17988887
2024-10-25 19:25:47,1516.7,1527.45,1467.13,1474.38,27498337
2024-10-26 19:25:47,1474.38,1492.55,1431.88,1459.24,5398592
2024-10-27 19:25:47,1459.24,1508.52,1431.69,1496.4,20163750
2024-10-28 19:25:47,1496.4,1535.05,1490.9,1522.47,11915525
2024-10-29 19:25:47,1522.47,1547.82,1510.24,1544.4,35293169
2024-10-30 19:25:47,1544.4,1583.39,1524.48,1562.74,22793347
2024-10-31 19:25:47,1562.74,1599.95,1539.9,1598.8,23830134
2024-11-01 19:25:47,1598.8,1627.26,1539.95,1558.06,2366074
2024-11-02 19:25:47,1558.06,1621.56,1528.34,1601.22,15732317
2024-11-03 19:25:47,1601.22,1604.06,1589.02,1594.74,45445835
2024-11-04 19:25:47,1594.74,1620.32,1570.05,1596.9,11482130
2024-11-05 19:25:47,1596.9,1626.43,1585.51,1595.61,14553017
2024-11-06 19:25:47,1595.61,1610.5,1589.01,1603.12,37976658
2024-11-07 19:25:47,1603.12,1629.49,1573.41,1623.56,33793342
2024-11-08 19:25:47,1623.56,1628.7,1597.86,1601.37,28516938
2024-11-09 19:25:47,1601.37,1613.15,1525.52,1554.5,45542048
2024-11-10 19:25:47,1554.5,1575.87,1518.1,1531.13,36622898
2024-11-11 19:25:47,1531.13,1557.8,1529.72,1557.21,8457645
2024-11-12 19:25:47,1557.21,1588.05,1509.88,1526.96,6053054
2024-11-13 19:25:47,1526.96,1547.39,1483.66,1493.49,18766304
2024-11-14 19:25:47,1493.49,1502.11,1444.63,1468.65,11046471
2024-11-15 19:25:47,1468.65,1536.04,1454.47,1508.14,43127369
2024-11-16 19:25:47,1508.14,1549.26,1479.27,1540.73,17571735
2024-11-17 19:25:47,1540.73,1550.39,1483.01,1508.59,1474252
2024-11-18 19:25:47,1508.59,1560.72,1489.54,1546.34,43167994
2024-11-19 19:25:47,1546.34,1562.92,1525.71,1527.99,15321119
2024-11-20 19:25:47,1527.99,1550.89,1471.12,1487.89,42187465
2024-11-21 19:25:47,1487.89,1509.48,1477.02,1482.77,13720473
2024-11-22 19:25:47,1482.77,1529.14,1476.07,1510.68,12182323
2024-11-23 19:25:47,1510.68,1554.16,1504.92,1541.0,42129379
2024-11-24 19:25:47,1541.0,1543.1,1520.08,1541.65,48800076
2024-11-25 19:25:47,1541.65,1551.06,1510.54,1513.57,43649563
2024-11-26 19:25:47,1513.57,1544.74,1506.45,1542.34,5773092
2024-11-27 19:25:47,1542.34,1548.25,1497.78,1523.83,16991267
2024-11-28 19:25:47,1523.83,1538.83,1467.75,1485.85,22956563
2024-11-29 19:25:47,1485.85,1522.89,1459.98,1511.55,17447559
2024-11-30 19:25:47,1511.55,1555.58,1500.48,1531.16,5590699
2024-12-01 19:25:47,1531.16,1577.2,1508.3,1552.95,15426366
2024-12-02 19:25:47,1552.95,1574.36,1535.21,1536.54,9766775
2024-12-03 19:25:47,1536.54,1562.6,1528.55,1545.64,23628314
2024-12-04 19:25:47,1545.64,1564.87,1531.64,1533.74,14060347
2024-12-05 19:25:47,1533.74,1581.66,1527.28,1574.79,49426667
2024-12-06 19:25:47,1574.79,1601.26,1529.83,1550.3,7266317
2024-12-07 19:25:47,1550.3,1587.08,1535.28,1577.54,44814079
2024-12-08 19:25:47,1577.54,1614.09,1556.38,1610.41,12251085
2024-12-09 19:25:47,1610.41,1640.69,1586.02,1591.07,38173524
2024-12-10 19:25:47,1591.07,1600.43,1522.31,1547.51,43002412
2024-12-11 19:25:47,1547.51,1567.52,1526.42,1529.52,1214454
2024-12-12 19:25:47,1529.52,1573.97,1504.88,1557.92,22622481
2024-12-13 19:25:47,1557.92,1580.11,1543.26,1553.39,24039371
2024-12-14 19:25:47,1553.39,1572.73,1552.76,1570.31,4584478
2024-12-15 19:25:47,1570.31,1623.04,1564.68,1599.01,46310110
2024-12-16 19:25:47,1599.01,1625.33,1586.74,1613.27,9216367
2024-12-17 19:25:47,1613.27,1656.88,1582.72,1626.84,10542592
2024-12-18 19:25:47,1626.84,1640.6,1601.0,1626.36,46083974
2024-12-19 19:25:47,1626.36,1680.15,1596.85,1655.11,28635124
2024-12-20 19:25:47,1655.11,1685.16,1609.05,1628.53,47163024
2024-12-21 19:25:47,1628.53,1685.66,1597.42,1652.85,30524290
2024-12-22 19:25:47,1652.85,1731.86,1647.91,1700.98,30647772
2024-12-23 19:25:47,1700.98,1736.31,1673.64,1706.61,32743007
2024-12-24 19:25:47,1706.61,1733.0,1680.77,1683.12,4607741
2024-12-25 19:25:47,1683.12,1704.98,1630.72,1647.75,44534714
2024-12-26 19:25:47,1647.75,1694.07,1637.48,1665.28,47950144
2024-12-27 19:25:47,1665.28,1687.44,1659.36,1663.68,9549527
2024-12-28 19:25:47,1663.68,1722.65,1637.58,1711.6,32317975
2024-12-29 19:25:47,1711.6,1736.78,1683.17,1723.57,36232374
2024-12-30 19:25:47,1723.57,1736.51,1712.56,1728.64,42416555
2024-12-31 19:25:47,1728.64,1752.06,1716.35,1738.25,46731184
2025-01-01 19:25:47,1738.25,1789.14,1737.72,1783.23,22549472
2025-01-02 19:25:47,1783.23,1833.12,1766.43,1797.21,49083803
2025-01-03 19:25:47,1797.21,1820.22,1747.89,1773.32,3846552
2025-01-04 19:25:47,1773.32,1800.15,1765.99,1779.25,45249608
2025-01-05 19:25:47,1779.25,1810.55,1772.17,1806.57,39429691
2025-01-06 19:25:47,1806.57,1837.5,1803.55,1836.84,42197262
2025-01-07 19:25:47,1836.84,1858.64,1824.99,1827.75,4716139
2025-01-08 19:25:47,1827.75,1851.0,1761.29,1794.73,29329032
2025-01-09 19:25:47,1794.73,1828.94,1753.89,1777.36,45754921
2025-01-10 19:25:47,1777.36,1795.59,1717.75,1725.49,37326835
2025-01-11 19:25:47,1725.49,1737.31,1682.36,1714.18,12357211
2025-01-12 19:25:47,1714.18,1714.77,1677.93,1704.72,17366538
2025-01-13 19:25:47,1704.72,1760.19,1684.28,1732.0,44462058
2025-01-14 19:25:47,1732.0,1792.0,1731.72,1771.54,35508358
2025-01-15 19:25:47,1771.54,1792.77,1736.93,1758.89,13296436
2025-01-16 19:25:47,1758.89,1816.85,1744.58,1782.45,26857539
2025-01-17 19:25:47,1782.45,1811.55,1730.01,1742.49,3766172
2025-01-18 19:25:47,1742.49,1770.8,1725.41,1732.09,5480595
2025-01-19 19:25:47,1732.09,1756.42,1720.59,1728.25,12035107
2025-01-20 19:25:47,1728.25,1729.02,1701.63,1708.25,26115857
2025-01-21 19:25:47,1708.25,1742.34,1679.28,1695.73,36191971
2025-01-22 19:25:47,1695.73,1703.72,1643.23,1649.97,26887428
2025-01-23 19:25:47,1649.97,1693.3,1625.79,1665.12,32178590
2025-01-24 19:25:47,1665.12,1713.93,1648.3,1683.31,14416155
2025-01-25 19:25:47,1683.31,1734.45,1674.4,1720.53,25694843
2025-01-26 19:25:47,1720.53,1765.52,1697.23,1733.56,24676395
2025-01-27 19:25:47,1733.56,1752.79,1733.35,1740.74,19929382
2025-01-28 19:25:47,1740.74,1755.63,1716.47,1718.19,28379017
2025-01-29 19:25:47,1718.19,1725.0,1687.4,1689.62,42219556
2025-01-30 19:25:47,1689.62,1690.83,1672.26,1672.65,45901274
2025-01-31 19:25:47,1672.65,1686.58,1647.37,1679.39,42969948
2025-02-01 19:25:47,1679.39,1681.25,1639.49,1670.8,30559717
2025-02-02 19:25:47,1670.8,1678.65,1653.07,1658.83,33574733
2025-02-03 19:25:47,1658.83,1686.59,1618.83,1626.12,21156124
2025-02-04 19:25:47,1626.12,1673.12,1597.19,1644.53,49262182
2025-02-05 19:25:47,1644.53,1698.19,1633.87,1678.05,46868395
2025-02-06 19:25:47,1678.05,1678.94,1651.0,1671.17,2409871
2025-02-07 19:25:47,1671.17,1708.08,1646.86,1699.06,9891774
2025-02-08 19:25:47,1699.06,1773.87,1695.87,1748.89,18442551
2025-02-09 19:25:47,1748.89,1768.33,1710.0,1735.68,5574341
2025-02-10 19:25:47,1735.68,1756.48,1685.96,1706.08,46346944
2025-02-11 19:25:47,1706.08,1709.91,1666.83,1682.42,22654302
2025-02-12 19:25:47,1682.42,1693.63,1653.88,1658.09,48166652
2025-02-13 19:25:47,1658.09,1697.34,1649.86,1668.27,6073042
2025-02-14 19:25:47,1668.27,1711.99,1650.42,1697.22,7149680
2025-02-15 19:25:47,1697.22,1701.72,1682.53,1699.74,9239049
2025-02-16 19:25:47,1699.74,1704.49,1665.47,1680.69,47060735
2025-02-17 19:25:47,1680.69,1710.44,1631.85,1647.73,39681292
2025-02-18 19:25:47,1647.73,1703.56,1620.48,1683.54,32577338
2025-02-19 19:25:47,1683.54,1699.49,1626.42,1635.55,45820594
2025-02-20 19:25:47,1635.55,1685.01,1624.59,1663.21,31909791
2025-02-21 19:25:47,1663.21,1667.37,1609.9,1619.16,41417138
2025-02-22 19:25:47,1619.16,1628.08,1585.93,1604.73,7257107
2025-02-23 19:25:47,1604.73,1638.98,1574.91,1617.21,40317753
2025-02-24 19:25:47,1617.21,1650.84,1598.6,1636.13,43165443
2025-02-25 19:25:47,1636.13,1662.05,1605.11,1617.63,1271045
2025-02-26 19:25:47,1617.63,1645.37,1587.89,1640.84,35650837
2025-02-27 19:25:47,1640.84,1645.41,1583.06,1599.59,47829432
2025-02-28 19:25:47,1599.59,1636.87,1577.71,1615.91,3436726
2025-03-01 19:25:47,1615.91,1645.72,1570.76,1598.94,13805538
2025-03-02 19:25:47,1598.94,1605.34,1583.68,1604.65,18946576
2025-03-03 19:25:47,1604.65,1620.61,1573.46,1581.56,13560341
2025-03-04 19:25:47,1581.56,1611.62,1526.42,1557.49,49730360
2025-03-05 19:25:47,1557.49,1595.23,1555.17,1594.74,19924574
2025-03-06 19:25:47,1594.74,1604.12,1570.65,1587.66,1909357
2025-03-07 19:25:47,1587.66,1619.15,1560.52,1608.32,48109681
2025-03-08 19:25:47,1608.32,1609.94,1542.44,1562.29,44122290
2025-03-09 19:25:47,1562.29,1604.74,1543.75,1600.09,33904659
2025-03-10 19:25:47,1600.09,1666.58,1581.8,1646.23,12576392
2025-03-11 19:25:47,1646.23,1681.35,1630.73,1661.18,15432709
2025-03-12 19:25:47,1661.18,1687.43,1642.57,1678.34,5928752
2025-03-13 19:25:47,1678.34,1691.63,1646.46,1672.63,22204553
2025-03-14 19:25:47,1672.63,1716.29,1645.55,1690.67,33465901
2025-03-15 19:25:47,1690.67,1737.09,1659.83,1718.16,41631612
2025-03-16 19:25:47,1718.16,1783.99,1684.87,1767.5,13643320
2025-03-17 19:25:47,1767.5,1775.99,1719.3,1738.95,32649014
2025-03-18 19:25:47,1738.95,1765.35,1714.55,1733.52,33042901
2025-03-19 19:25:47,1733.52,1751.26,1718.73,1746.16,15574798
2025-03-20 19:25:47,1746.16,1760.97,1726.35,1743.55,21513500
2025-03-21 19:25:47,1743.55,1760.22,1677.19,1693.86,39116324
2025-03-22 19:25:47,1693.86,1746.31,1678.8,1744.3,18843486
2025-03-23 19:25:47,1744.3,1778.64,1737.36,1762.22,15100623
2025-03-24 19:25:47,1762.22,1783.39,1726.47,1744.65,42296554
2025-03-25 19:25:47,1744.65,1786.67,1738.02,1759.84,30887072
2025-03-26 19:25:47,1759.84,1783.82,1749.49,1783.03,38932511
2025-03-27 19:25:47,1783.03,1794.13,1772.65,1793.84,32478061
2025-03-28 19:25:47,1793.84,1794.41,1772.53,1787.26,36864345
2025-03-29 19:25:47,1787.26,1802.58,1739.53,1749.22,10341011
2025-03-30 19:25:47,1749.22,1811.62,1743.07,1799.06,7996565
2025-03-31 19:25:47,1799.06,1869.09,1787.31,1841.02,36642323
2025-04-01 19:25:47,1841.02,1845.17,1803.69,1806.15,21221053
2025-04-02 19:25:47,1806.15,1869.33,1775.83,1839.76,5337580
2025-04-03 19:25:47,1839.76,1871.44,1818.25,1863.06,34423267
2025-04-04 19:25:47,1863.06,1876.24,1832.25,1866.17,14489258
2025-04-05 19:25:47,1866.17,1937.4,1829.14,1908.79,9476481
2025-04-06 19:25:47,1908.79,1939.04,1875.37,1875.97,35314688
2025-04-07 19:25:47,1875.97,1946.45,1863.85,1909.21,39843336
2025-04-08 19:25:47,1909.21,1933.33,1888.09,1907.18,1915407
2025-04-09 19:25:47,1907.18,1939.74,1876.59,1935.62,38403338
2025-04-10 19:25:47,1935.62,1967.7,1896.34,1909.46,1150482
2025-04-11 19:25:47,1909.46,1938.76,1886.13,1903.77,48364928
2025-04-12 19:25:47,1903.77,1919.7,1882.97,1905.4,17219164
2025-04-13 19:25:47,1905.4,1908.6,1838.42,1856.77,48049666
2025-04-14 19:25:47,1856.77,1880.37,1852.4,1870.89,23110846
2025-04-15 19:25:47,1870.89,1904.81,1854.13,1867.02,9815384
2025-04-16 19:25:47,1867.02,1892.84,1836.11,1850.45,13151246
2025-04-17 19:25:47,1850.45,1926.59,1828.32,1892.37,2620051
2025-04-18 19:25:47,1892.37,1904.32,1811.56,1847.21,35138639
2025-04-19 19:25:47,1847.21,1857.42,1797.0,1813.52,33238652
2025-04-20 19:25:47,1813.52,1839.41,1785.11,1817.97,45162210
2025-04-21 19:25:47,1817.97,1854.5,1794.19,1851.39,35232418
2025-04-22 19:25:47,1851.39,1861.07,1825.94,1859.08,11679613
2025-04-23 19:25:47,1859.08,1913.47,1834.64,1905.53,33360368
2025-04-24 19:25:47,1905.53,1976.05,1885.57,1944.51,16897821
2025-04-25 19:25:47,1944.51,1981.68,1935.01,1938.43,38072631
2025-04-26 19:25:47,1938.43,1995.58,1913.32,1962.01,12209535
2025-04-27 19:25:47,1962.01,1965.12,1874.26,1911.37,43039104
2025-04-28 19:25:47,1911.37,1934.77,1849.62,1872.87,48496996
2025-04-29 19:25:47,1872.87,1951.99,1843.25,1915.34,41618287
2025-04-30 19:25:47,1915.34,1938.45,1853.6,1861.15,23768938
2025-05-01 19:25:47,1861.15,1878.14,1860.96,1875.58,3380528
2025-05-02 19:25:47,1875.58,1880.93,1851.67,1854.79,35933656
2025-05-03 19:25:47,1854.79,1874.68,1836.01,1858.86,30745634
2025-05-04 19:25:47,1858.86,1897.55,1858.22,1882.16,19056274
2025-05-05 19:25:47,1882.16,1906.08,1811.75,1843.54,7072814
2025-05-06 19:25:47,1843.54,1856.75,1804.74,1833.21,38312529
2025-05-07 19:25:47,1833.21,1845.37,1790.82,1800.62,16673429
2025-05-08 19:25:47,1800.62,1884.12,1765.6,1848.03,5079129
2025-05-09 19:25:47,1848.03,1852.53,1774.89,1808.69,18903481
2025-05-10 19:25:47,1808.69,1857.03,1785.45,1853.61,44415736
2025-05-11 19:25:47,1853.61,1898.75,1846.51,1883.14,48749379
2025-05-12 19:25:47,1883.14,1939.62,1853.14,1909.47,37453147
2025-05-13 19:25:47,1909.47,1961.7,1884.86,1945.84,30051750
2025-05-14 19:25:47,1945.84,1963.33,1912.67,1954.82,35448910
2025-05-15 19:25:47,1954.82,2001.37,1918.39,1970.22,6615857
2025-05-16 19:25:47,1970.22,1991.79,1938.09,1960.03,6277573
2025-05-17 19:25:47,1960.03,1964.88,1917.91,1923.13,11209201
2025-05-18 19:25:47,1923.13,1952.05,1847.19,1880.3,43214389
2025-05-19 19:25:47,1880.3,1921.65,1867.97,1899.98,48679575
2025-05-20 19:25:47,1899.98,1937.86,1895.24,1911.57,17894774
2025-05-21 19:25:47,1911.57,1926.55,1895.75,1901.1,43852874
2025-05-22 19:25:47,1901.1,1924.78,1831.06,1844.64,25462936
2025-05-23 19:25:47,1844.64,1870.55,1810.61,1821.19,4299391
2025-05-24 19:25:47,1821.19,1890.36,1803.68,1868.03,6691280
2025-05-25 19:25:47,1868.03,1900.18,1820.79,1843.92,1716682
2025-05-26 19:25:47,1843.92,1871.75,1802.77,1812.27,4836907
2025-05-27 19:25:47,1812.27,1833.92,1772.95,1783.11,28462078
2025-05-28 19:25:47,1783.11,1789.01,1778.4,1786.03,20982290
2025-05-29 19:25:47,1786.03,1788.49,1757.08,1773.39,15472229
2025-05-30 19:25:47,1773.39,1828.67,1742.81,1807.93,28123880
2025-05-31 19:25:47,1807.93,1858.02,1775.18,1827.83,16060349
2025-06-01 19:25:47,1827.83,1874.34,1811.77,1856.3,1099454
2025-06-02 19:25:47,1856.3,1892.89,1828.93,1842.14,27206499
2025-06-03 19:25:47,1842.14,1919.84,1822.97,1890.31,4591161
2025-06-04 19:25:47,1890.31,1939.32,1856.77,1914.95,41826128
2025-06-05 19:25:47,1914.95,1940.64,1838.8,1870.54,1569578
2025-06-06 19:25:47,1870.54,1888.11,1815.01,1844.92,19698152
2025-06-07 19:25:47,1844.92,1865.6,1814.44,1820.03,13531265
2025-06-08 19:25:47,1820.03,1872.97,1813.55,1848.44,49573642
2025-06-09 19:25:47,1848.44,1882.67,1809.89,1816.53,49942063
2025-06-10 19:25:47,1816.53,1831.82,1780.0,1784.5,26334530
2025-06-11 19:25:47,1784.5,1847.56,1765.54,1824.35,30706738
2025-06-12 19:25:47,1824.35,1844.65,1765.51,1785.68,38007405
2025-06-13 19:25:47,1785.68,1795.49,1759.49,1772.52,47634804
2025-06-14 19:25:47,1772.52,1840.47,1742.19,1821.76,23272036
2025-06-15 19:25:47,1821.76,1889.26,1817.93,1853.01,26605942
2025-06-16 19:25:47,1853.01,1876.01,1847.2,1860.04,6323402
2025-06-17 19:25:47,1860.04,1929.76,1851.1,1907.58,36231132
2025-06-18 19:25:47,1907.58,1960.35,1877.23,1927.62,11207174
2025-06-19 19:25:47,1927.62,1941.56,1910.24,1933.15,2720793
2025-06-20 19:25:47,1933.15,1981.91,1894.77,1952.25,36318535
2025-06-21 19:25:47,1952.25,1973.83,1933.99,1971.09,43034879
2025-06-22 19:25:47,1971.09,2031.29,1943.58,2019.84,40262883
2025-06-23 19:25:47,2019.84,2030.64,1953.9,1973.0,45859801
2025-06-24 19:25:47,1973.0,2014.3,1960.63,1998.03,1930064
2025-06-25 19:25:47,1998.03,2038.63,1961.93,2014.53,36618589
2025-06-26 19:25:47,2014.53,2063.42,1994.47,2059.81,39927205
2025-06-27 19:25:47,2059.81,2094.09,1998.31,2035.09,1090695
2025-06-28 19:25:47,2035.09,2061.42,1993.87,2009.74,49112612
2025-06-29 19:25:47,2009.74,2044.83,1932.81,1970.8,30396971
2025-06-30 19:25:47,1970.8,1991.46,1909.78,1926.16,15442677
2025-07-01 19:25:47,1926.16,1965.87,1903.32,1934.31,43174512
2025-07-02 19:25:47,1934.31,1971.67,1859.24,1889.91,16740762
2025-07-03 19:25:47,1889.91,1911.49,1837.45,1839.9,44867083
2025-07-04 19:25:47,1839.9,1882.05,1822.89,1873.45,40987256
2025-07-05 19:25:47,1873.45,1948.79,1845.75,1925.87,36703156
2025-07-06 19:25:47,1925.87,1963.99,1917.28,1936.98,35809631
2025-07-07 19:25:47,1936.98,1989.4,1924.89,1983.15,26955964
2025-07-08 19:25:47,1983.15,2015.49,1901.9,1925.93,47841419
2025-07-09 19:25:47,1925.93,1958.84,1911.06,1918.8,10791471
2025-07-10 19:25:47,1918.8,1941.63,1903.41,1912.51,33896978
2025-07-11 19:25:47,1912.51,1975.03,1892.5,1936.66,13460942
2025-07-12 19:25:47,1936.66,1973.02,1916.3,1937.5,49390925
2025-07-13 19:25:47,1937.5,1958.43,1887.41,1893.21,38452139
2025-07-14 19:25:47,1893.21,1924.5,1850.06,1866.45,6298908
2025-07-15 19:25:47,1866.45,1894.6,1852.37,1889.67,28516310
2025-07-16 19:25:47,1889.67,1894.44,1827.4,1853.54,43651088
2025-07-17 19:25:47,1853.54,1930.8,1840.58,1908.86,38368735
2025-07-18 19:25:47,1908.86,1940.61,1855.18,1868.26,43571714
2025-07-19 19:25:47,1868.26,1903.12,1837.85,1843.75,14903057
2025-07-20 19:25:47,1843.75,1860.12,1793.85,1798.19,44602477
2025-07-21 19:25:47,1798.19,1855.98,1773.74,1845.87,47953427
2025-07-22 19:25:47,1845.87,1911.0,1836.69,1875.28,49872784
2025-07-23 19:25:47,1875.28,1895.44,1860.57,1886.52,33705088
2025-07-24 19:25:47,1886.52,1904.99,1824.44,1847.83,31145412
2025-07-25 19:25:47,1847.83,1851.67,1803.1,1812.46,36522215
2025-07-26 19:25:47,1812.46,1845.65,1786.01,1817.67,7087161
2025-07-27 19:25:47,1817.67,1842.92,1811.7,1833.44,33567511
2025-07-28 19:25:47,1833.44,1868.33,1820.71,1860.67,46431517
2025-07-29 19:25:47,1860.67,1871.22,1820.88,1844.74,21149700
2025-07-30 19:25:47,1844.74,1890.63,1816.18,1873.81,46333136
2025-07-31 19:25:47,1873.81,1890.6,1811.72,1824.22,44659388
2025-08-01 19:25:47,1824.22,1891.65,1814.6,1863.53,5812409
2025-08-02 19:25:47,1863.53,1908.73,1834.07,1886.05,43781698
2025-08-03 19:25:47,1886.05,1921.77,1859.27,1892.43,1162656
2025-08-04 19:25:47,1892.43,1893.05,1876.9,1890.02,22656494
2025-08-05 19:25:47,1890.02,1945.26,1876.15,1912.79,29702132
2025-08-06 19:25:47,1912.79,1945.91,1847.18,1872.01,12827904
2025-08-07 19:25:47,1872.01,1915.0,1847.09,1893.75,27844826
2025-08-08 19:25:47,1893.75,1946.7,1865.18,1945.95,43231447
2025-08-09 19:25:47,1945.95,2002.2,1907.38,1980.97,6946626
2025-08-10 19:25:47,1980.97,2010.21,1909.55,1922.28,42527378
2025-08-11 19:25:47,1922.28,1929.48,1846.2,1876.48,34430389
2025-08-12 19:25:47,1876.48,1912.61,1871.83,1884.3,8004825
2025-08-13 19:25:47,1884.3,1901.77,1858.97,1864.25,41021804
2025-08-14 19:25:47,1864.25,1939.35,1855.61,1910.53,36966282
2025-08-15 19:25:47,1910.53,1943.43,1909.11,1915.48,34030559
2025-08-16 19:25:47,1915.48,1951.81,1884.85,1906.19,49366007
2025-08-17 19:25:47,1906.19,1929.19,1847.23,1864.49,14821270
2025-08-18 19:25:47,1864.49,1912.01,1848.54,1890.06,17720648
2025-08-19 19:25:47,1890.06,1916.84,1874.58,1878.87,24365169
2025-08-20 19:25:47,1878.87,1938.24,1850.27,1918.03,37453010
2025-08-21 19:25:47,1918.03,1940.0,1908.5,1924.82,32200563
2025-08-22 19:25:47,1924.82,1936.98,1835.17,1867.84,42227899
2025-08-23 19:25:47,1867.84,1886.76,1821.9,1831.51,14564293
2025-08-24 19:25:47,1831.51,1831.59,1778.72,1809.76,33288241
2025-08-25 19:25:47,1809.76,1827.06,1750.45,1772.54,29483437
2025-08-26 19:25:47,1772.54,1825.95,1759.57,1791.11,49408542
2025-08-27 19:25:47,1791.11,1805.31,1759.15,1803.54,29715630
2025-08-28 19:25:47,1803.54,1809.26,1775.03,1797.69,46547652
2025-08-29 19:25:47,1797.69,1806.99,1755.09,1787.77,25399583
2025-08-30 19:25:47,1787.77,1869.27,1777.26,1837.62,36146253
2025-08-31 19:25:47,1837.62,1871.49,1773.88,1787.14,9153587
2025-09-01 19:25:47,1787.14,1858.16,1756.74,1822.8,26136119
2025-09-02 19:25:47,1822.8,1848.42,1743.87,1775.56,27982543
2025-09-03 19:25:47,1775.56,1835.14,1764.91,1822.27,40926354
2025-09-04 19:25:47,1822.27,1825.28,1768.36,1783.25,33860636
2025-09-05 19:25:47,1783.25,1809.83,1765.85,1782.93,5800548
2025-09-06 19:25:47,1782.93,1810.77,1739.66,1767.64,33856289
2025-09-07 19:25:47,1767.64,1814.15,1753.85,1781.77,18205090
2025-09-08 19:25:47,1781.77,1837.24,1760.27,1803.66,19430786
2025-09-09 19:25:47,1803.66,1829.26,1764.88,1767.96,2594825
2025-09-10 19:25:47,1767.96,1786.59,1701.93,1718.69,4674828
2025-09-11 19:25:47,1718.69,1723.02,1696.76,1721.61,43910217
2025-09-12 19:25:47,1721.61,1761.76,1703.25,1754.79,25563084
2025-09-13 19:25:47,1754.79,1766.25,1739.47,1760.81,13312519
2025-09-14 19:25:47,1760.81,1768.0,1705.7,1724.8,1623171
2025-09-15 19:25:47,1724.8,1750.44,1707.48,1731.13,33773562
2025-09-16 19:25:47,1731.13,1748.29,1727.44,1747.17,7636080
2025-09-17 19:25:47,1747.17,1759.97,1714.07,1723.47,7701336
2025-09-18 19:25:47,1723.47,1799.43,1697.03,1768.53,2389653
2025-09-19 19:25:47,1768.53,1779.48,1710.27,1730.67,42714473
2025-09-20 19:25:47,1730.67,1773.17,1715.14,1772.78,4177375
2025-09-21 19:25:47,1772.78,1818.05,1763.96,1801.15,13607599
2025-09-22 19:25:47,1801.15,1833.82,1722.22,1756.7,49293793
2025-09-23 19:25:47,1756.7,1788.61,1706.02,1739.11,49963805
2025-09-24 19:25:47,1739.11,1764.63,1693.92,1725.39,12361868
2025-09-25 19:25:47,1725.39,1768.95,1719.17,1750.74,6821239
2025-09-26 19:25:47,1750.74,1761.67,1705.69,1722.96,46415844
2025-09-27 19:25:47,1722.96,1753.16,1662.85,1685.96,22362010
2025-09-28 19:25:47,1685.96,1711.54,1670.45,1670.74,30802347
2025-09-29 19:25:47,1670.74,1716.32,1647.09,1710.66,41044695
2025-09-30 19:25:47,1710.66,1780.69,1701.85,1757.32,25094705
2025-10-01 19:25:47,1757.32,1769.38,1725.78,1732.71,43794838
2025-10-02 19:25:47,1732.71,1759.24,1666.64,1682.22,20836263
2025-10-03 19:25:47,1682.22,1694.95,1654.88,1667.12,9176614
2025-10-04 19:25:47,1667.12,1690.91,1644.49,1690.41,28818389
2025-10-05 19:25:47,1690.41,1747.55,1687.04,1721.08,8401993
2025-10-06 19:25:47,1721.08,1785.0,1691.1,1750.94,7515446
2025-10-07 19:25:47,1750.94,1781.26,1719.62,1731.31,2815127
2025-10-08 19:25:47,1731.31,1784.89,1720.43,1767.22,22805762
2025-10-09 19:25:47,1767.22,1850.25,1734.11,1814.79,18404943
2025-10-10 19:25:47,1814.79,1882.99,1785.64,1855.43,39483447
2025-10-11 19:25:47,1855.43,1871.5,1848.38,1867.99,21983044
2025-10-12 19:25:47,1867.99,1890.95,1840.27,1885.68,48574914
2025-10-13 19:25:47,1885.68,1939.13,1851.27,1935.95,34670461
2025-10-14 19:25:47,1935.95,1991.31,1913.89,1959.42,24416563
2025-10-15 19:25:47,1959.42,1985.74,1902.25,1922.99,23666911
2025-10-16 19:25:47,1922.99,1955.36,1886.63,1942.18,37728669
2025-10-17 19:25:47,1942.18,1957.6,1915.67,1926.04,45781020
2025-10-18 19:25:47,1926.04,1941.81,1917.12,1939.39,1850077
2025-10-19 19:25:47,1939.39,2007.26,1915.86,1981.22,16658482
2025-10-20 19:25:47,1981.22,2016.58,1973.59,1999.02,21522544
2025-10-21 19:25:47,1999.02,2039.7,1975.76,2010.43,47852211
2025-10-22 19:25:47,2010.43,2047.69,1972.71,2013.14,45943152
2025-10-23 19:25:47,2013.14,2022.23,1965.19,1999.41,31954032
2025-10-24 19:25:47,1999.41,2029.3,1974.28,2014.35,23821423
2025-10-25 19:25:47,2014.35,2049.88,1992.92,2016.49,42688670
2025-10-26 19:25:47,2016.49,2054.74,1943.68,1969.39,39611312
2025-10-27 19:25:47,1969.39,1981.98,1926.26,1928.38,19414143
2025-10-28 19:25:47,1928.38,1958.05,1916.59,1944.48,49677766
2025-10-29 19:25:47,1944.48,1977.16,1902.67,1927.76,11442492
2025-10-30 19:25:47,1927.76,1990.1,1926.0,1960.55,16504983
2025-10-31 19:25:47,1960.55,1987.32,1960.52,1976.42,21268117
2025-11-01 19:25:47,1976.42,2045.11,1958.04,2020.23,32618730
2025-11-02 19:25:47,2020.23,2054.29,1992.03,2001.49,46500601
2025-11-03 19:25:47,2001.49,2076.1,1988.03,2038.65,29684524
2025-11-04 19:25:47,2038.65,2043.33,1997.33,2016.24,2453617
2025-11-05 19:25:47,2016.24,2078.26,2013.6,2054.61,5039291
2025-11-06 19:25:47,2054.61,2089.2,1987.72,2025.58,5976338
2025-11-07 19:25:47,2025.58,2094.5,1985.95,2078.44,35899576
2025-11-08 19:25:47,2078.44,2172.7,2040.34,2139.09,12780743
2025-11-09 19:25:47,2139.09,2149.73,2094.84,2129.15,29795161
2025-11-10 19:25:47,2129.15,2166.8,2105.44,2106.97,8554885
2025-11-11 19:25:47,2106.97,2145.05,2072.29,2090.94,31155101
2025-11-12 19:25:47,2090.94,2114.07,2056.76,2077.76,36971792
2025-11-13 19:25:47,2077.76,2112.98,2024.36,2051.79,28624152
2025-11-14 19:25:47,2051.79,2114.68,2027.02,2113.03,10966184
2025-11-15 19:25:47,2113.03,2201.08,2073.19,2160.96,24655321
2025-11-16 19:25:47,2160.96,2202.26,2068.06,2107.62,47758258
2025-11-17 19:25:47,2107.62,2114.51,2042.34,2052.9,29456479
2025-11-18 19:25:47,2052.9,2073.57,2018.34,2065.44,14157398
2025-11-19 19:25:47,2065.44,2143.74,2029.58,2114.2,5496248
2025-11-20 19:25:47,2114.2,2126.37,2090.64,2113.55,8190186
2025-11-21 19:25:47,2113.55,2114.46,2031.21,2067.09,21827854
2025-11-22 19:25:47,2067.09,2128.69,2049.6,2125.64,6438020
2025-11-23 19:25:47,2125.64,2160.74,2101.36,2102.82,34227763
2025-11-24 19:25:47,2102.82,2108.55,2095.3,2102.65,23790990
2025-11-25 19:25:47,2102.65,2115.62,2077.87,2086.46,14750830
2025-11-26 19:25:47,2086.46,2102.64,2021.3,2042.99,44974764
2025-11-27 19:25:47,2042.99,2046.28,1971.89,2007.85,33035352
2025-11-28 19:25:47,2007.85,2036.55,2004.12,2033.31,34168977
2025-11-29 19:25:47,2033.31,2051.54,1978.69,1991.28,19659774
2025-11-30 19:25:47,1991.28,2072.79,1979.29,2035.52,3976618
2025-12-01 19:25:47,2035.52,2084.99,2016.41,2060.82,33894543
2025-12-02 19:25:47,2060.82,2127.79,2040.28,2097.28,42992016
2025-12-03 19:25:47,2097.28,2149.87,2082.13,2112.65,5078386
2025-12-04 19:25:47,2112.65,2167.23,2074.36,2164.3,1524037
2025-12-05 19:25:47,2164.3,2200.12,2145.9,2182.57,4288548
2025-12-06 19:25:47,2182.57,2251.57,2144.45,2237.54,10593100
2025-12-07 19:25:47,2237.54,2315.25,2223.91,2297.0,18689435
2025-12-08 19:25:47,2297.0,2304.88,2242.55,2283.85,25533458
2025-12-09 19:25:47,2283.85,2314.92,2229.76,2240.94,36277506
2025-12-10 19:25:47,2240.94,2317.68,2196.45,2272.54,24002152
2025-12-11 19:25:47,2272.54,2353.1,2254.17,2329.56,17691256
2025-12-12 19:25:47,2329.56,2347.19,2297.87,2299.59,38224393
2025-12-13 19:25:47,2299.59,2346.78,2284.1,2320.84,42227568
2025-12-14 19:25:47,2320.84,2379.14,2276.09,2368.14,31984596
2025-12-15 19:25:47,2368.14,2440.43,2352.86,2402.97,14720935
2025-12-16 19:25:47,2402.97,2425.01,2370.07,2415.67,37429331
2025-12-17 19:25:47,2415.67,2435.66,2306.14,2352.45,24844266
2025-12-18 19:25:47,2352.45,2384.46,2310.21,2362.54,13837217
2025-12-19 19:25:47,2362.54,2367.71,2265.42,2308.26,19526842
2025-12-20 19:25:47,2308.26,2327.7,2255.35,2263.98,26750486
2025-12-21 19:25:47,2263.98,2328.94,2262.1,2288.7,48931147
2025-12-22 19:25:47,2288.7,2330.43,2255.79,2326.15,33205573
2025-12-23 19:25:47,2326.15,2347.87,2276.75,2294.63,46733607
2025-12-24 19:25:47,2294.63,2315.89,2270.28,2309.56,23682218
2025-12-25 19:25:47,2309.56,2382.58,2279.28,2339.83,40306974
2025-12-26 19:25:47,2339.83,2426.85,2308.45,2384.7,9454056
2025-12-27 19:25:47,2384.7,2422.25,2317.15,2341.48,3094169
2025-12-28 19:25:47,2341.48,2419.49,2325.19,2405.68,49157186
2025-12-29 19:25:47,2405.68,2444.51,2382.8,2388.88,38747544
2025-12-30 19:25:47,2388.88,2464.47,2357.36,2426.12,39588151
2025-12-31 19:25:47,2426.12,2432.84,2371.49,2379.68,35461590
2026-01-01 19:25:47,2379.68,2452.68,2337.76,2432.34,33678339
2026-01-02 19:25:47,2432.34,2489.86,2406.92,2475.68,35890102
2026-01-03 19:25:47,2475.68,2479.31,2435.66,2474.49,13101230
2026-01-04 19:25:47,2474.49,2532.09,2459.94,2526.92,19134921
2026-01-05 19:25:47,2526.92,2644.58,2485.3,2594.48,3647786
2026-01-06 19:25:47,2594.48,2673.21,2548.82,2667.23,37917955
2026-01-07 19:25:47,2667.23,2698.59,2658.62,2666.42,15640203
2026-01-08 19:25:47,2666.42,2722.25,2619.19,2689.52,11060115
2026-01-09 19:25:47,2689.52,2776.94,2659.81,2767.02,35516058
2026-01-10 19:25:47,2767.02,2841.93,2763.35,2812.87,3468405
2026-01-11 19:25:47,2812.87,2911.74,2807.4,2881.76,34297864
2026-01-12 19:25:47,2881.76,2935.12,2854.08,2909.76,12782355
2026-01-13 19:25:47,2909.76,2944.78,2825.24,2870.28,40655728
2026-01-14 19:25:47,2870.28,2974.18,2835.1,2918.35,29752296
2026-01-15 19:25:47,2918.35,2921.6,2881.72,2912.75,3489930
2026-01-16 19:25:47,2912.75,3018.19,2877.0,2978.23,26619934
2026-01-17 19:25:47,2978.23,3051.85,2962.97,3039.08,49647594
2026-01-18 19:25:47,3039.08,3087.46,3019.64,3074.64,30074656
2026-01-19 19:25:47,3074.64,3161.85,3068.62,3152.61,38120131
2026-01-20 19:25:47,3152.61,3194.64,3078.15,3136.52,49511411
2026-01-21 19:25:47,3136.52,3174.45,3049.89,3107.73,26132729
2026-01-22 19:25:47,3107.73,3110.65,3066.48,3080.65,33117872
2026-01-23 19:25:47,3080.65,3090.15,3037.99,3052.34,31195946
2026-01-24 19:25:47,3052.34,3106.8,2982.76,2996.66,10245686
2026-01-25 19:25:47,2996.66,3042.33,2891.67,2915.29,26513398
2026-01-26 19:25:47,2915.29,2949.92,2850.92,2878.35,39332234
2026-01-27 19:25:47,2878.35,2887.17,2814.5,2871.0,4080295
2026-01-28 19:25:47,2871.0,2973.17,2837.77,2950.89,39189393
2026-01-29 19:25:47,2950.89,2995.51,2927.05,2940.57,35849113
2026-01-30 19:25:47,2940.57,2996.78,2890.79,2903.66,2478171
2026-01-31 19:25:47,2903.66,2921.79,2865.46,2910.11,20335090
2026-02-01 19:25:47,2910.11,2925.51,2807.47,2837.26,37557452
2026-02-02 19:25:47,2837.26,2887.67,2804.79,2818.51,48344185
2026-02-03 19:25:47,2818.51,2835.28,2721.25,2768.66,36529377
2026-02-04 19:25:47,2768.66,2791.72,2689.55,2728.36,12684790
2026-02-05 19:25:47,2728.36,2792.75,2684.79,2790.58,2100485
2026-02-06 19:25:47,2790.58,2815.19,2715.31,2764.43,14142933
2026-02-07 19:25:47,2764.43,2877.67,2761.82,2832.29,47666695
2026-02-08 19:25:47,2832.29,2888.56,2727.37,2776.45,17748705
2026-02-09 19:25:47,2776.45,2792.78,2698.01,2724.43,26486766
2026-02-10 19:25:47,2724.43,2811.34,2670.51,2789.22,47819360
2026-02-11 19:25:47,2789.22,2816.95,2686.35,2731.02,7472215
2026-02-12 19:25:47,2731.02,2842.49,2676.96,2800.72,35349332
2026-02-13 19:25:47,2800.72,2812.17,2725.52,2779.86,11436588
2026-02-14 19:25:47,2779.86,2785.32,2706.2,2724.37,42012862
2026-02-15 19:25:47,2724.37,2860.21,2715.29,2804.83,20090431
2026-02-16 19:25:47,2804.83,2847.69,2769.76,2791.24,49279437
2026-02-17 19:25:47,2791.24,2830.89,2766.86,2830.05,28992275
2026-02-18 19:25:47,2830.05,2909.96,2795.73,2875.23,5106358
2026-02-19 19:25:47,2875.23,2891.43,2776.87,2805.25,28613427
2026-02-20 19:25:47,2805.25,2838.25,2729.83,2749.05,44584260
2026-02-21 19:25:47,2749.05,2860.2,2729.39,2805.85,8398615
2026-02-22 19:25:47,2805.85,2846.76,2770.78,2797.01,11371682
2026-02-23 19:25:47,2797.01,2874.31,2750.43,2867.41,21995515
2026-02-24 19:25:47,2867.41,2949.79,2846.99,2922.16,19349561
2026-02-25 19:25:47,2922.16,2964.78,2841.81,2899.23,37398678
2026-02-26 19:25:47,2899.23,2941.63,2863.86,2924.44,6445247
2026-02-27 19:25:47,2924.44,2930.32,2854.75,2896.32,31152487
2026-02-28 19:25:47,2896.32,2924.21,2813.18,2855.14,32185418
2026-03-01 19:25:47,2855.14,2904.63,2821.64,2862.33,36070331
2026-03-02 19:25:47,2862.33,2864.29,2773.25,2780.66,27681197
2026-03-03 19:25:47,2780.66,2831.14,2755.34,2825.52,21994561
2026-03-04 19:25:47,2825.52,2869.25,2771.19,2826.2,4181674
2026-03-05 19:25:47,2826.2,2964.0,2786.08,2906.79,4449498
2026-03-06 19:25:47,2906.79,2962.53,2877.19,2939.17,30655388
2026-03-07 19:25:47,2939.17,2963.87,2908.7,2911.15,33447833
2026-03-08 19:25:47,2911.15,3002.81,2894.74,2960.63,23288477
2026-03-09 19:25:47,2960.63,2980.57,2910.0,2963.91,48123742
2026-03-10 19:25:47,2963.91,3015.67,2900.78,2957.21,7254453
2026-03-11 19:25:47,2957.21,2976.13,2931.46,2938.56,2772848
2026-03-12 19:25:47,2938.56,3028.97,2921.19,3018.69,9653176
2026-03-13 19:25:47,3018.69,3143.73,3014.45,3108.46,6055579
2026-03-14 19:25:47,3108.46,3228.1,3081.15,3187.05,19476777
2026-03-15 19:25:47,3187.05,3221.68,3095.35,3118.31,30216339
2026-03-16 19:25:47,3118.31,3132.85,3077.25,3118.9,44513407
2026-03-17 19:25:47,3118.9,3207.6,3067.09,3167.76,19723844
2026-03-18 19:25:47,3167.76,3208.44,3108.99,3159.24,4371888
2026-03-19 19:25:47,3159.24,3274.12,3154.37,3214.95,46424219
2026-03-20 19:25:47,3214.95,3337.83,3173.18,3293.17,28935258
2026-03-21 19:25:47,3293.17,3453.95,3268.56,3387.35,15881997
2026-03-22 19:25:47,3387.35,3419.03,3331.74,3360.42,49346404
2026-03-23 19:25:47,3360.42,3360.46,3321.99,3349.0,36258708
2026-03-24 19:25:47,3349.0,3408.07,3312.98,3386.33,2362120
2026-03-25 19:25:47,3386.33,3407.39,3284.91,3315.6,49228486
2026-03-26 19:25:47,3315.6,3347.77,3285.38,3295.24,32068979
2026-03-27 19:25:47,3295.24,3306.36,3207.39,3211.67,16260412
2026-03-28 19:25:47,3211.67,3233.66,3102.61,3154.1,17621838
2026-03-29 19:25:47,3154.1,3163.06,3028.43,3076.41,15084574
2026-03-30 19:25:47,3076.41,3159.85,3069.94,3106.88,24962408
2026-03-31 19:25:47,3106.88,3159.57,3070.37,3120.37,3517640
2026-04-01 19:25:47,3120.37,3148.97,3077.26,3143.89,21238531
2026-04-02 19:25:47,3143.89,3169.07,3040.92,3069.86,13519047
2026-04-03 19:25:47,3069.86,3098.01,3004.32,3025.96,48005361
2026-04-04 19:25:47,3025.96,3061.83,2970.03,2993.78,11013559
2026-04-05 19:25:47,2993.78,3045.99,2906.65,2928.41,38231752
2026-04-06 19:25:47,2928.41,2932.0,2865.55,2899.55,37383778
2026-04-07 19:25:47,2899.55,2920.7,2869.01,2906.08,41989852
2026-04-08 19:25:47,2906.08,2985.26,2860.67,2956.27,21119587
2026-04-09 19:25:47,2956.27,3002.94,2842.44,2884.88,17754980
2026-04-10 19:25:47,2884.88,2898.3,2765.96,2808.02,8714527
2026-04-11 19:25:47,2808.02,2875.77,2802.54,2866.51,3614128
2026-04-12 19:25:47,2866.51,2867.32,2745.49,2801.43,35147893
2026-04-13 19:25:47,2801.43,2805.33,2741.68,2793.08,24137533
2026-04-14 19:25:47,2793.08,2841.5,2778.68,2829.96,19792631
2026-04-15 19:25:47,2829.96,2895.25,2795.31,2883.36,14224591
2026-04-16 19:25:47,2883.36,2939.05,2859.97,2933.4,36551181
2026-04-17 19:25:47,2933.4,3045.86,2886.59,2997.03,36754858
2026-04-18 19:25:47,2997.03,3046.27,2930.1,2965.89,46647164
2026-04-19 19:25:47,2965.89,3028.33,2920.51,2985.11,21281883
2026-04-20 19:25:47,2985.11,3067.46,2959.49,3015.31,45113104
2026-04-21 19:25:47,3015.31,3107.26,2980.37,3054.66,17570239
2026-04-22 19:25:47,3054.66,3076.63,2955.67,2995.09,19242437
2026-04-23 19:25:47,2995.09,3049.68,2994.64,3049.59,1869535
2026-04-24 19:25:47,3049.59,3083.98,3040.21,3062.36,11561383
2026-04-25 19:25:47,3062.36,3087.56,3003.01,3038.07,47259648
2026-04-26 19:25:47,3038.07,3090.52,2962.85,3000.73,19889049
2026-04-27 19:25:47,3000.73,3042.5,2965.19,3033.05,48029404
2026-04-28 19:25:47,3033.05,3066.89,2924.87,2981.91,17893469
2026-04-29 19:25:47,2981.91,3039.12,2904.09,2929.53,36212578
2026-04-30 19:25:47,2929.53,2999.19,2882.94,2959.69,45861330
2026-05-01 19:25:47,2959.69,2987.99,2890.28,2927.05,45295143
2026-05-02 19:25:47,2927.05,2970.09,2882.25,2931.03,35566183
2026-05-03 19:25:47,2931.03,3052.76,2903.11,3014.28,5392381
2026-05-04 19:25:47,3014.28,3141.46,3010.63,3102.27,38824545
2026-05-05 19:25:47,3102.27,3135.82,3030.28,3081.14,31764066
2026-05-06 19:25:47,3081.14,3094.79,2982.53,3033.05,33719008
2026-05-07 19:25:47,3033.05,3036.11,2984.12,3015.16,6023287
2026-05-08 19:25:47,3015.16,3060.52,2962.37,2964.3,38300395
2026-05-09 19:25:47,2964.3,2993.78,2881.19,2902.01,17968254
2026-05-10 19:25:47,2902.01,2994.91,2854.37,2944.85,27064887
2026-05-11 19:25:47,2944.85,3031.91,2933.85,2991.44,16819877
2026-05-12 19:25:47,2991.44,3041.14,2952.36,2982.42,43698788
2026-05-13 19:25:47,2982.42,2984.35,2847.02,2895.3,14920583
2026-05-14 19:25:47,2895.3,2926.62,2808.94,2856.73,34895082
2026-05-15 19:25:47,2856.73,2909.42,2811.1,2825.73,44234004
2026-05-16 19:25:47,2825.73,2852.5,2742.59,2746.89,39523152
2026-05-17 19:25:47,2746.89,2760.53,2700.79,2758.66,6144107
2026-05-18 19:25:47,2758.66,2834.5,2742.2,2795.22,30170746
2026-05-19 19:25:47,2795.22,2815.3,2693.33,2712.5,5332192
2026-05-20 19:25:47,2712.5,2761.39,2624.33,2635.85,13042914
2026-05-21 19:25:47,2635.85,2728.21,2614.18,2701.49,3008581
2026-05-22 19:25:47,2701.49,2752.71,2620.38,2672.16,30640635
2026-05-23 19:25:47,2672.16,2738.01,2653.05,2692.98,40642609
2026-05-24 19:25:47,2692.98,2790.54,2666.07,2769.63,46143405
2026-05-25 19:25:47,2769.63,2850.28,2754.9,2840.5,47500130
2026-05-26 19:25:47,2840.5,2882.55,2731.33,2778.46,34303542
2026-05-27 19:25:47,2778.46,2810.42,2757.97,2792.66,10038520
2026-05-28 19:25:47,2792.66,2850.67,2747.86,2828.36,32595804
2026-05-29 19:25:47,2828.36,2879.78,2727.84,2756.35,40856355
2026-05-30 19:25:47,2756.35,2856.5,2722.64,2803.64,1815794
2026-05-31 19:25:47,2803.64,2851.67,2759.0,2850.88,17388940
2026-06-01 19:25:47,2850.88,2939.73,2819.96,2900.53,29947122
2026-06-02 19:25:47,2900.53,2952.56,2828.99,2859.51,15783860
2026-06-03 19:25:47,2859.51,2915.57,2840.76,2884.64,18685596
2026-06-04 19:25:47,2884.64,2910.21,2780.67,2826.07,11515049
2026-06-05 19:25:47,2826.07,2905.51,2817.46,2903.31,4878028
2026-06-06 19:25:47,2903.31,2913.99,2833.84,2853.62,18699947
2026-06-07 19:25:47,2853.62,2888.73,2827.63,2859.98,44805537
2026-06-08 19:25:47,2859.98,2903.06,2771.5,2807.08,41381427
2026-06-09 19:25:47,2807.08,2814.0,2701.17,2747.13,33108628
2026-06-10 19:25:47,2747.13,2799.04,2672.01,2711.63,44518783
2026-06-11 19:25:47,2711.63,2809.45,2676.7,2759.09,25584468
2026-06-12 19:25:47,2759.09,2802.68,2732.95,2771.1,31439073
2026-06-13 19:25:47,2771.1,2823.64,2655.45,2698.49,14457304
2026-06-14 19:25:47,2698.49,2732.86,2655.99,2713.62,37872618
2026-06-15 19:25:47,2713.62,2740.34,2702.44,2719.21,40141791
2026-06-16 19:25:47,2719.21,2830.38,2676.72,2797.63,19131300
2026-06-17 19:25:47,2797.63,2826.68,2684.49,2722.04,46714308
2026-06-18 19:25:47,2722.04,2756.27,2696.42,2753.34,21884257
2026-06-19 19:25:47,2753.34,2859.84,2715.53,2813.11,26942843
2026-06-20 19:25:47,2813.11,2840.72,2685.97,2729.47,17974825
2026-06-21 19:25:47,2729.47,2783.05,2699.55,2715.54,3972433
2026-06-22 19:25:47,2715.54,2758.9,2677.76,2688.9,12080830
2026-06-23 19:25:47,2688.9,2758.7,2658.03,2745.49,14967222
2026-06-24 19:25:47,2745.49,2747.9,2734.73,2735.3,7599705
2026-06-25 19:25:47,2735.3,2750.75,2731.73,2744.41,22140719
2026-06-26 19:25:47,2744.41,2785.43,2723.99,2781.06,22339232
2026-06-27 19:25:47,2781.06,2803.82,2673.49,2715.7,1626292
2026-06-28 19:25:47,2715.7,2767.44,2609.81,2640.1,41244601
2026-06-29 19:25:47,2640.1,2682.55,2625.47,2656.34,25729568
2026-06-30 19:25:47,2656.34,2695.75,2610.66,2651.0,1322635
2026-07-01 19:25:47,2651.0,2685.29,2578.89,2615.12,10738681
2026-07-02 19:25:47,2615.12,2730.39,2574.98,2686.79,14900899
2026-07-03 19:25:47,2686.79,2704.8,2599.95,2610.98,41065640
2026-07-04 19:25:47,2610.98,2617.64,2542.69,2546.49,8984721
2026-07-05 19:25:47,2546.49,2560.33,2528.29,2539.41,3759815
2026-07-06 19:25:47,2539.41,2590.84,2517.76,2574.55,35885270
2026-07-07 19:25:47,2574.55,2590.62,2500.55,2516.11,40601615
2026-07-08 19:25:47,2516.11,2530.45,2502.34,2504.87,4863036
2026-07-09 19:25:47,2504.87,2548.61,2400.21,2433.04,17496928
2026-07-10 19:25:47,2433.04,2456.13,2411.12,2439.74,28867704
2026-07-11 19:25:47,2439.74,2542.15,2439.43,2511.34,7458414
2026-07-12 19:25:47,2511.34,2529.99,2484.21,2518.17,4791869
2026-07-13 19:25:47,2518.17,2584.89,2478.58,2559.98,3627154
2026-07-14 19:25:47,2559.98,2580.91,2506.36,2543.26,47252715
2026-07-15 19:25:47,2543.26,2547.66,2516.15,2518.0,39970298
2026-07-16 19:25:47,2518.0,2554.62,2476.23,2544.09,36176641
2026-07-17 19:25:47,2544.09,2632.14,2511.28,2582.2,48359697
2026-07-18 19:25:47,2582.2,2682.45,2548.84,2657.39,42027571
2026-07-19 19:25:47,2657.39,2746.48,2628.07,2728.34,5672585
2026-07-20 19:25:47,2728.34,2756.49,2671.88,2700.66,19720519
2026-07-21 19:25:47,2700.66,2754.07,2613.94,2649.26,14058215
2026-07-22 19:25:47,2649.26,2677.67,2532.89,2570.24,12029537
2026-07-23 19:25:47,2570.24,2638.96,2537.03,2609.58,14373838
2026-07-24 19:25:47,2609.58,2632.48,2589.04,2620.48,13390838
2026-07-25 19:25:47,2620.48,2668.6,2550.21,2581.01,35173201
2026-07-26 19:25:47,2581.01,2617.99,2511.13,2524.12,5550303
2026-07-27 19:25:47,2524.12,2534.85,2440.01,2488.8,40967265
2026-07-28 19:25:47,2488.8,2518.43,2467.33,2503.84,44278012
2026-07-29 19:25:47,2503.84,2540.37,2458.04,2465.5,34372032
2026-07-30 19:25:47,2465.5,2508.9,2434.76,2489.41,40648083
2026-07-31 19:25:47,2489.41,2495.19,2432.04,2479.2,33715928
2026-08-01 19:25:47,2479.2,2482.53,2413.11,2456.48,40830045
2026-08-02 19:25:47,2456.48,2508.59,2409.02,2508.18,23855475
2026-08-03 19:25:47,2508.18,2528.86,2505.66,2520.17,22376606
2026-08-04 19:25:47,2520.17,2538.57,2427.92,2458.77,29328774
2026-08-05 19:25:47,2458.77,2471.3,2386.48,2403.46,44433160
2026-08-06 19:25:47,2403.46,2443.46,2363.86,2381.77,41115074
2026-08-07 19:25:47,2381.77,2420.97,2311.85,2322.13,19368911
2026-08-08 19:25:47,2322.13,2333.6,2264.09,2304.0,43604990
2026-08-09 19:25:47,2304.0,2317.62,2294.82,2294.98,31992966
2026-08-10 19:25:47,2294.98,2369.95,2257.73,2324.88,45957324
2026-08-11 19:25:47,2324.88,2418.47,2296.26,2372.2,37351406
2026-08-12 19:25:47,2372.2,2397.27,2269.84,2306.95,46983714
2026-08-13 19:25:47,2306.95,2313.66,2257.82,2283.55,3745837
2026-08-14 19:25:47,2283.55,2315.68,2274.5,2296.84,8374536
2026-08-15 19:25:47,2296.84,2368.72,2293.87,2339.52,14481460
2026-08-16 19:25:47,2339.52,2371.21,2250.75,2293.81,13340376
2026-08-17 19:25:47,2293.81,2295.26,2200.1,2239.16,45910516
2026-08-18 19:25:47,2239.16,2266.62,2234.02,2260.68,11244821
2026-08-19 19:25:47,2260.68,2279.14,2175.66,2201.21,24793344
2026-08-20 19:25:47,2201.21,2252.54,2172.15,2243.31,21647202
2026-08-21 19:25:47,2243.31,2286.09,2200.66,2235.25,9144795
2026-08-22 19:25:47,2235.25,2276.42,2208.26,2222.61,29776478
2026-08-23 19:25:47,2222.61,2235.63,2201.54,2231.48,35018875
2026-08-24 19:25:47,2231.48,2304.72,2220.17,2262.1,38290076
2026-08-25 19:25:47,2262.1,2368.64,2253.8,2326.93,4966926
2026-08-26 19:25:47,2326.93,2382.7,2314.37,2355.58,4443019
2026-08-27 19:25:47,2355.58,2413.11,2333.47,2380.97,33586453
2026-08-28 19:25:47,2380.97,2480.94,2347.24,2445.85,13854387
2026-08-29 19:25:47,2445.85,2514.93,2400.43,2499.82,44735481
2026-08-30 19:25:47,2499.82,2539.76,2468.27,2512.7,11962269
