time,open,high,low,close,volume
2016-09-02 19:25:47,160,160.56,157.36,159.02,25418293
2016-09-03 19:25:47,159.02,160.48,155.4,156.63,32113116
2016-09-04 19:25:47,156.63,159.64,151.49,152.4,8963981
2016-09-05 19:25:47,152.4,154.81,150.06,151.0,14176856
2016-09-06 19:25:47,151.0,156.23,148.18,153.76,1303220
2016-09-07 19:25:47,153.76,155.4,152.24,154.83,44253712
2016-09-08 19:25:47,154.83,154.85,149.98,151.16,18676368
2016-09-09 19:25:47,151.16,157.58,149.62,154.91,11046164
2016-09-10 19:25:47,154.91,157.28,151.9,154.46,2875946
2016-09-11 19:25:47,154.46,155.91,151.72,155.03,19497114
2016-09-12 19:25:47,155.03,155.58,149.02,150.69,34266587
2016-09-13 19:25:47,150.69,151.08,148.27,148.61,20579985
2016-09-14 19:25:47,148.61,153.89,147.3,151.49,9367920
2016-09-15 19:25:47,151.49,154.51,148.61,151.75,9295463
2016-09-16 19:25:47,151.75,154.77,150.63,151.65,20133459
2016-09-17 19:25:47,151.65,153.67,145.57,148.31,24927956
2016-09-18 19:25:47,148.31,150.82,144.07,146.02,34045585
2016-09-19 19:25:47,146.02,151.66,145.18,149.48,20195615
2016-09-20 19:25:47,149.48,152.58,149.37,150.35,24345615
2016-09-21 19:25:47,150.35,152.82,145.85,146.19,42566121
2016-09-22 19:25:47,146.19,149.34,144.91,147.91,4969055
2016-09-23 19:25:47,147.91,149.77,146.03,146.43,32469819
2016-09-24 19:25:47,146.43,148.92,140.49,142.56,38535275
2016-09-25 19:25:47,142.56,144.26,139.62,142.21,37907164
2016-09-26 19:25:47,142.21,144.18,139.07,139.49,12728414
2016-09-27 19:25:47,139.49,143.63,136.83,142.92,38641539
2016-09-28 19:25:47,142.92,146.11,141.69,143.63,8779192
2016-09-29 19:25:47,143.63,148.24,143.49,147.4,41658594
2016-09-30 19:25:47,147.4,147.77,141.19,143.18,40537023
2016-10-01 19:25:47,143.18,144.06,141.55,142.27,2478339
2016-10-02 19:25:47,142.27,144.22,137.27,140.07,39706180
2016-10-03 19:25:47,140.07,141.4,139.97,140.25,47908197
2016-10-04 19:25:47,140.25,140.78,137.21,138.66,16293425
2016-10-05 19:25:47,138.66,139.3,137.08,138.94,11950867
2016-10-06 19:25:47,138.94,140.94,133.68,135.61,26360909
2016-10-07 19:25:47,135.61,137.52,135.61,137.2,31506216
2016-10-08 19:25:47,137.2,139.06,136.58,137.39,11210651
2016-10-09 19:25:47,137.39,139.51,134.67,138.34,25274373
2016-10-10 19:25:47,138.34,140.5,133.9,136.12,8643444
2016-10-11 19:25:47,136.12,136.56,135.34,135.42,8543425
2016-10-12 19:25:47,135.42,137.28,132.73,133.51,38562958
2016-10-13 19:25:47,133.51,136.92,131.38,135.14,20075460
2016-10-14 19:25:47,135.14,140.51,133.07,137.95,25573589
2016-10-15 19:25:47,137.95,140.2,137.41,138.7,31011690
2016-10-16 19:25:47,138.7,140.63,136.4,139.78,30477696
2016-10-17 19:25:47,139.78,142.1,134.99,135.73,5080287
2016-10-18 19:25:47,135.73,136.16,131.56,131.67,13206428
2016-10-19 19:25:47,131.67,134.29,127.49,129.92,2344002
2016-10-20 19:25:47,129.92,130.49,125.85,126.98,13208961
2016-10-21 19:25:47,126.98,131.54,124.61,129.77,15762608
2016-10-22 19:25:47,129.77,132.3,128.08,130.42,46375082
2016-10-23 19:25:47,130.42,131.91,125.83,127.34,14536414
2016-10-24 19:25:47,127.34,129.21,125.62,126.29,16524769
2016-10-25 19:25:47,126.29,128.36,126.1,126.96,32590924
2016-10-26 19:25:47,126.96,129.91,126.51,127.46,9442257
2016-10-27 19:25:47,127.46,128.75,125.25,125.57,13024393
2016-10-28 19:25:47,125.57,126.14,121.12,122.16,9362102
2016-10-29 19:25:47,122.16,123.25,119.34,120.27,33816927
2016-10-30 19:25:47,120.27,122.66,118.02,120.24,27604308
2016-10-31 19:25:47,120.24,121.43,118.65,119.49,36498800
2016-11-01 19:25:47,119.49,119.51,116.54,118.36,23770036
2016-11-02 19:25:47,118.36,119.42,117.44,118.87,44522779
2016-11-03 19:25:47,118.87,121.18,117.2,118.41,41609214
2016-11-04 19:25:47,118.41,121.95,118.21,121.9,39801155
2016-11-05 19:25:47,121.9,125.29,121.6,123.53,42138386
2016-11-06 19:25:47,123.53,125.43,122.25,122.88,31752747
2016-11-07 19:25:47,122.88,124.83,120.64,123.54,24151009
2016-11-08 19:25:47,123.54,125.59,121.64,123.74,24565914
2016-11-09 19:25:47,123.74,127.47,121.78,127.41,14774286
2016-11-10 19:25:47,127.41,129.88,123.5,123.83,10782208
2016-11-11 19:25:47,123.83,125.16,121.79,122.9,4928412
2016-11-12 19:25:47,122.9,124.87,120.54,121.23,15262006
2016-11-13 19:25:47,121.23,122.18,117.69,119.59,25800024
2016-11-14 19:25:47,119.59,120.15,119.51,119.6,10435621
2016-11-15 19:25:47,119.6,124.98,118.68,122.84,33825159
2016-11-16 19:25:47,122.84,126.85,120.68,125.07,25864135
2016-11-17 19:25:47,125.07,128.54,123.03,128.06,40559298
2016-11-18 19:25:47,128.06,130.23,127.34,127.5,42797157
2016-11-19 19:25:47,127.5,128.02,122.9,125.34,34739269
2016-11-20 19:25:47,125.34,128.26,124.49,127.87,3812256
2016-11-21 19:25:47,127.87,128.18,124.88,126.19,38526912
2016-11-22 19:25:47,126.19,128.26,122.28,122.82,17130278
2016-11-23 19:25:47,122.82,125.63,121.03,124.8,24078068
2016-11-24 19:25:47,124.8,126.14,123.4,123.62,31371873
2016-11-25 19:25:47,123.62,124.45,123.37,124.07,6075172
2016-11-26 19:25:47,124.07,128.97,122.01,126.64,21701342
2016-11-27 19:25:47,126.64,128.56,125.01,125.93,24996227
2016-11-28 19:25:47,125.93,127.79,120.98,122.55,11311785
2016-11-29 19:25:47,122.55,124.95,120.42,122.67,20885288
2016-11-30 19:25:47,122.67,123.19,119.03,121.42,39452568
2016-12-01 19:25:47,121.42,125.09,119.95,122.74,14283683
2016-12-02 19:25:47,122.74,123.42,120.89,123.15,47270347
2016-12-03 19:25:47,123.15,124.53,118.95,119.94,2611441
2016-12-04 19:25:47,119.94,120.79,118.38,118.42,1650346
2016-12-05 19:25:47,118.42,120.58,116.23,118.46,3210265
2016-12-06 19:25:47,118.46,119.97,115.93,117.06,30241569
2016-12-07 19:25:47,117.06,118.9,115.71,118.2,21041227
2016-12-08 19:25:47,118.2,119.35,115.37,116.18,29931816
2016-12-09 19:25:47,116.18,116.95,113.99,116.44,23329305
2016-12-10 19:25:47,116.44,118.19,112.54,114.79,42718240
2016-12-11 19:25:47,114.79,117.5,114.17,115.34,33489971
2016-12-12 19:25:47,115.34,115.99,113.71,115.83,13530539
2016-12-13 19:25:47,115.83,116.33,110.62,112.75,32367308
2016-12-14 19:25:47,112.75,116.15,111.96,114.79,8726350
2016-12-15 19:25:47,114.79,120.14,113.07,118.04,23223263
2016-12-16 19:25:47,118.04,119.87,116.09,117.91,38709163
2016-12-17 19:25:47,117.91,119.27,116.71,117.37,13225915
2016-12-18 19:25:47,117.37,121.58,115.9,120.85,7416950
2016-12-19 19:25:47,120.85,122.67,117.24,118.38,4771470
2016-12-20 19:25:47,118.38,120.75,116.83,118.88,13204532
2016-12-21 19:25:47,118.88,121.09,118.6,119.92,30672788
2016-12-22 19:25:47,119.92,120.87,116.24,118.53,13646143
2016-12-23 19:25:47,118.53,121.43,118.31,119.71,31337833
2016-12-24 19:25:47,119.71,123.28,118.12,122.78,9380204
2016-12-25 19:25:47,122.78,123.68,118.79,121.05,47816763
2016-12-26 19:25:47,121.05,124.88,119.5,123.94,36929056
2016-12-27 19:25:47,123.94,126.25,123.83,125.99,27767351
2016-12-28 19:25:47,125.99,129.67,125.0,127.75,25019697
2016-12-29 19:25:47,127.75,129.08,127.13,127.8,32526329
2016-12-30 19:25:47,127.8,131.8,127.05,129.58,8962743
2016-12-31 19:25:47,129.58,133.7,128.78,131.49,15479766
2017-01-01 19:25:47,131.49,132.3,128.53,130.28,19590898
2017-01-02 19:25:47,130.28,132.06,126.2,128.58,45717411
2017-01-03 19:25:47,128.58,131.43,127.75,129.84,34577738
2017-01-04 19:25:47,129.84,131.82,126.43,128.73,10001364
2017-01-05 19:25:47,128.73,131.18,128.5,129.31,17913867
2017-01-06 19:25:47,129.31,132.93,127.27,132.41,49488112
2017-01-07 19:25:47,132.41,136.85,131.6,135.1,49698591
2017-01-08 19:25:47,135.1,137.15,134.39,135.63,42892204
2017-01-09 19:25:47,135.63,136.39,132.53,133.4,46258731
2017-01-10 19:25:47,133.4,136.53,131.19,136.44,34095369
2017-01-11 19:25:47,136.44,140.37,134.95,138.24,23999746
2017-01-12 19:25:47,138.24,140.25,134.05,136.03,45791714
2017-01-13 19:25:47,136.03,141.05,134.84,139.31,18241416
2017-01-14 19:25:47,139.31,141.63,135.57,136.55,23334958
2017-01-15 19:25:47,136.55,138.48,134.01,136.92,45595985
2017-01-16 19:25:47,136.92,138.2,131.37,133.56,39802041
2017-01-17 19:25:47,133.56,135.12,132.67,134.96,25369838
2017-01-18 19:25:47,134.96,137.11,134.6,135.92,29528784
2017-01-19 19:25:47,135.92,136.09,131.74,133.51,45507004
2017-01-20 19:25:47,133.51,133.98,132.24,133.71,38110944
2017-01-21 19:25:47,133.71,134.99,128.54,130.28,49254988
2017-01-22 19:25:47,130.28,135.48,127.76,133.97,35170703
2017-01-23 19:25:47,133.97,136.35,133.2,133.85,27802256
2017-01-24 19:25:47,133.85,137.56,133.76,136.83,26641670
2017-01-25 19:25:47,136.83,139.36,131.09,133.3,10764020
2017-01-26 19:25:47,133.3,133.59,128.25,130.81,42879355
2017-01-27 19:25:47,130.81,131.03,126.68,128.72,47247777
2017-01-28 19:25:47,128.72,129.56,127.92,129.38,2384399
2017-01-29 19:25:47,129.38,133.96,127.47,132.16,5928626
2017-01-30 19:25:47,132.16,134.78,131.16,133.85,9865801
2017-01-31 19:25:47,133.85,136.44,132.16,136.4,12304522
2017-02-01 19:25:47,136.4,141.09,135.32,138.8,35956406
2017-02-02 19:25:47,138.8,142.3,138.57,141.37,14413220
2017-02-03 19:25:47,141.37,144.17,136.18,137.46,39486491
2017-02-04 19:25:47,137.46,139.91,136.49,137.29,8868267
2017-02-05 19:25:47,137.29,139.23,132.82,134.58,21621734
2017-02-06 19:25:47,134.58,137.28,133.98,135.36,19335050
2017-02-07 19:25:47,135.36,139.34,132.98,137.63,8956583
2017-02-08 19:25:47,137.63,139.48,136.63,136.93,16156461
2017-02-09 19:25:47,136.93,137.94,131.44,133.2,24174349
2017-02-10 19:25:47,133.2,133.67,132.04,133.6,13380884
2017-02-11 19:25:47,133.6,136.28,131.82,134.03,34790529
2017-02-12 19:25:47,134.03,135.39,132.72,135.01,43877187
2017-02-13 19:25:47,135.01,138.69,133.45,136.77,1591887
2017-02-14 19:25:47,136.77,139.72,135.61,138.42,3398010
2017-02-15 19:25:47,138.42,141.04,133.68,135.31,4592437
2017-02-16 19:25:47,135.31,139.83,132.89,137.2,22544763
2017-02-17 19:25:47,137.2,138.29,134.53,135.38,30307226
2017-02-18 19:25:47,135.38,137.97,130.85,132.66,43936235
2017-02-19 19:25:47,132.66,134.98,127.24,128.88,39440034
2017-02-20 19:25:47,128.88,129.85,125.61,126.91,32194490
2017-02-21 19:25:47,126.91,130.56,124.68,128.96,7672837
2017-02-22 19:25:47,128.96,130.71,127.42,130.22,37414391
2017-02-23 19:25:47,130.22,132.62,126.82,126.87,10239146
2017-02-24 19:25:47,126.87,128.78,120.86,123.13,40558016
2017-02-25 19:25:47,123.13,126.39,121.25,124.84,17807265
2017-02-26 19:25:47,124.84,129.09,122.86,128.06,44187541
2017-02-27 19:25:47,128.06,131.29,127.03,130.41,35580717
2017-02-28 19:25:47,130.41,131.28,126.23,128.31,36506538
2017-03-01 19:25:47,128.31,130.76,124.45,124.67,35448995
2017-03-02 19:25:47,124.67,126.92,122.63,124.1,49346986
2017-03-03 19:25:47,124.1,126.31,123.57,124.04,40017376
2017-03-04 19:25:47,124.04,126.69,121.77,125.41,33031337
2017-03-05 19:25:47,125.41,127.31,121.15,122.54,40385474
2017-03-06 19:25:47,122.54,123.32,122.28,122.95,25766299
2017-03-07 19:25:47,122.95,124.01,120.05,121.73,29994749
2017-03-08 19:25:47,121.73,122.62,118.61,119.27,3561814
2017-03-09 19:25:47,119.27,123.05,118.77,122.34,6206593
2017-03-10 19:25:47,122.34,124.55,117.76,118.93,15360333
2017-03-11 19:25:47,118.93,119.62,116.23,118.19,32051220
2017-03-12 19:25:47,118.19,118.48,112.99,115.21,5688460
2017-03-13 19:25:47,115.21,115.48,113.07,113.79,13080530
2017-03-14 19:25:47,113.79,115.55,113.4,114.85,42279824
2017-03-15 19:25:47,114.85,117.01,114.16,115.57,25753631
2017-03-16 19:25:47,115.57,116.31,111.96,112.45,8109790
2017-03-17 19:25:47,112.45,117.44,111.49,115.27,42968854
2017-03-18 19:25:47,115.27,115.57,111.49,113.73,29591426
2017-03-19 19:25:47,113.73,114.13,111.47,113.97,19522903
2017-03-20 19:25:47,113.97,117.75,111.81,116.99,45258367
2017-03-21 19:25:47,116.99,121.95,116.88,120.03,26376564
2017-03-22 19:25:47,120.03,121.84,119.44,121.07,23476613
2017-03-23 19:25:47,121.07,121.96,119.48,120.22,46094725
2017-03-24 19:25:47,120.22,122.11,114.88,116.84,38343118
2017-03-25 19:25:47,116.84,116.86,112.89,114.42,23348339
2017-03-26 19:25:47,114.42,114.69,112.73,114.34,8466039
2017-03-27 19:25:47,114.34,115.75,111.53,112.21,25030935
2017-03-28 19:25:47,112.21,112.55,107.18,108.92,32715034
2017-03-29 19:25:47,108.92,109.68,108.38,109.09,39499769
2017-03-30 19:25:47,109.09,110.4,109.09,109.31,46838955
2017-03-31 19:25:47,109.31,111.95,108.17,110.19,32178217
2017-04-01 19:25:47,110.19,111.83,109.09,109.4,6205183
2017-04-02 19:25:47,109.4,112.69,109.27,111.41,23869104
2017-04-03 19:25:47,111.41,112.5,111.32,111.4,43070913
2017-04-04 19:25:47,111.4,112.86,108.94,109.6,30627383
2017-04-05 19:25:47,109.6,112.08,109.33,109.97,6094106
2017-04-06 19:25:47,109.97,113.42,108.19,113.08,5180793
2017-04-07 19:25:47,113.08,117.56,111.14,115.35,10934420
2017-04-08 19:25:47,115.35,118.1,115.12,116.76,25922647
2017-04-09 19:25:47,116.76,117.29,114.33,115.68,27741166
2017-04-10 19:25:47,115.68,119.56,114.34,118.73,6573735
2017-04-11 19:25:47,118.73,119.28,116.17,116.98,5073121
2017-04-12 19:25:47,116.98,119.64,115.55,117.69,32681031
2017-04-13 19:25:47,117.69,120.62,115.78,119.0,43682525
2017-04-14 19:25:47,119.0,123.72,116.82,122.21,21384673
2017-04-15 19:25:47,122.21,122.36,118.01,118.66,19428884
2017-04-16 19:25:47,118.66,118.7,116.09,117.61,46454859
2017-04-17 19:25:47,117.61,120.98,116.73,120.67,25203043
2017-04-18 19:25:47,120.67,121.59,118.26,120.07,33234241
2017-04-19 19:25:47,120.07,120.7,119.51,120.18,33015116
2017-04-20 19:25:47,120.18,122.15,119.73,120.37,39086421
2017-04-21 19:25:47,120.37,121.8,115.82,117.73,23420405
2017-04-22 19:25:47,117.73,121.63,116.55,120.84,4760318
2017-04-23 19:25:47,120.84,122.6,118.51,121.82,10627695
2017-04-24 19:25:47,121.82,122.9,120.13,120.37,46004041
2017-04-25 19:25:47,120.37,121.95,119.71,121.7,32136268
2017-04-26 19:25:47,121.7,126.15,120.5,124.82,29427222
2017-04-27 19:25:47,124.82,129.56,123.28,128.11,48766175
2017-04-28 19:25:47,128.11,128.39,127.64,128.21,49408392
2017-04-29 19:25:47,128.21,132.56,126.88,131.58,5347121
2017-04-30 19:25:47,131.58,134.49,129.42,132.22,45385596
2017-05-01 19:25:47,132.22,138.03,131.26,135.8,21244233
2017-05-02 19:25:47,135.8,136.87,134.92,135.9,35233947
2017-05-03 19:25:47,135.9,140.29,134.88,138.38,13649163
2017-05-04 19:25:47,138.38,142.62,136.73,142.05,45194257
2017-05-05 19:25:47,142.05,144.26,138.99,140.74,26313687
2017-05-06 19:25:47,140.74,141.67,137.87,140.45,20763849
2017-05-07 19:25:47,140.45,141.25,134.89,137.63,44894433
2017-05-08 19:25:47,137.63,138.61,133.82,134.15,14984756
2017-05-09 19:25:47,134.15,139.39,132.05,138.15,48005827
2017-05-10 19:25:47,138.15,140.08,133.93,135.53,26802886
2017-05-11 19:25:47,135.53,139.34,134.55,137.09,22119533
2017-05-12 19:25:47,137.09,137.61,131.18,133.57,12571905
2017-05-13 19:25:47,133.57,135.97,132.17,133.26,32940715
2017-05-14 19:25:47,133.26,133.41,130.71,133.02,6657260
2017-05-15 19:25:47,133.02,134.26,130.26,131.5,20414640
2017-05-16 19:25:47,131.5,137.37,130.88,135.05,27116273
2017-05-17 19:25:47,135.05,138.79,132.5,137.07,49832216
2017-05-18 19:25:47,137.07,141.77,134.51,140.64,31426406
2017-05-19 19:25:47,140.64,141.07,136.86,137.62,19109084
2017-05-20 19:25:47,137.62,138.78,134.62,136.82,29238470
2017-05-21 19:25:47,136.82,138.99,135.9,138.57,2420901
2017-05-22 19:25:47,138.57,139.95,137.04,138.04,6472185
2017-05-23 19:25:47,138.04,138.12,136.5,136.93,9078960
2017-05-24 19:25:47,136.93,137.98,131.33,133.3,47208281
2017-05-25 19:25:47,133.3,136.71,130.92,135.45,16916924
2017-05-26 19:25:47,135.45,138.3,134.36,136.33,19927709
2017-05-27 19:25:47,136.33,137.65,131.94,133.0,37663538
2017-05-28 19:25:47,133.0,136.63,131.21,134.79,1321341
2017-05-29 19:25:47,134.79,136.96,132.52,134.99,23782439
2017-05-30 19:25:47,134.99,136.11,131.23,131.32,16745783
2017-05-31 19:25:47,131.32,131.84,127.34,127.87,24928488
2017-06-01 19:25:47,127.87,127.91,124.9,125.53,29195427
2017-06-02 19:25:47,125.53,127.17,122.46,123.36,24484012
2017-06-03 19:25:47,123.36,124.01,119.47,120.95,13400998
2017-06-04 19:25:47,120.95,126.16,118.88,124.07,16466109
2017-06-05 19:25:47,124.07,128.45,123.42,126.99,41547826
2017-06-06 19:25:47,126.99,128.32,123.54,125.33,23067745
2017-06-07 19:25:47,125.33,126.31,122.84,124.49,35487324
2017-06-08 19:25:47,124.49,129.14,122.8,127.33,30486125
2017-06-09 19:25:47,127.33,132.57,125.43,130.73,23226907
2017-06-10 19:25:47,130.73,133.21,128.23,128.86,22092389
2017-06-11 19:25:47,128.86,133.29,126.55,131.52,29181931
2017-06-12 19:25:47,131.52,133.27,129.92,130.64,3000046
2017-06-13 19:25:47,130.64,134.51,128.84,132.89,19636622
2017-06-14 19:25:47,132.89,136.94,130.99,135.47,29474074
2017-06-15 19:25:47,135.47,135.94,130.86,132.49,48140758
2017-06-16 19:25:47,132.49,133.37,130.73,133.14,8134812
2017-06-17 19:25:47,133.14,135.61,130.61,134.62,12825843
2017-06-18 19:25:47,134.62,136.02,130.53,131.05,26467227
2017-06-19 19:25:47,131.05,132.92,128.64,131.85,31883251
2017-06-20 19:25:47,131.85,132.29,128.37,128.58,27479499
2017-06-21 19:25:47,128.58,129.71,127.67,128.48,1238249
2017-06-22 19:25:47,128.48,130.3,128.27,129.08,24470479
2017-06-23 19:25:47,129.08,131.64,124.29,126.58,24603820
2017-06-24 19:25:47,126.58,127.47,121.83,123.27,22839503
2017-06-25 19:25:47,123.27,129.12,121.9,126.61,35354691
2017-06-26 19:25:47,126.61,130.31,126.0,129.9,9993698
2017-06-27 19:25:47,129.9,133.21,129.4,132.99,14969783
2017-06-28 19:25:47,132.99,135.53,127.69,130.07,5979974
2017-06-29 19:25:47,130.07,130.92,128.29,128.53,27257384
2017-06-30 19:25:47,128.53,131.08,126.86,128.39,41009816
2017-07-01 19:25:47,128.39,133.13,125.86,130.95,38173753
2017-07-02 19:25:47,130.95,132.11,129.1,129.4,43798768
2017-07-03 19:25:47,129.4,133.55,127.16,131.01,13812928
2017-07-04 19:25:47,131.01,134.29,130.82,132.24,49710958
2017-07-05 19:25:47,132.24,134.65,129.26,130.43,29222202
2017-07-06 19:25:47,130.43,135.64,129.33,133.7,24668679
2017-07-07 19:25:47,133.7,133.9,132.53,133.51,20897299
2017-07-08 19:25:47,133.51,133.91,129.6,131.66,32445178
2017-07-09 19:25:47,131.66,133.46,127.75,128.17,37868906
2017-07-10 19:25:47,128.17,132.82,127.16,131.49,6553352
2017-07-11 19:25:47,131.49,133.47,127.96,128.35,32500729
2017-07-12 19:25:47,128.35,130.18,126.38,126.71,45935192
2017-07-13 19:25:47,126.71,130.59,124.26,130.02,31866017
2017-07-14 19:25:47,130.02,132.4,124.79,126.34,15129985
2017-07-15 19:25:47,126.34,127.37,122.71,123.12,27044616
2017-07-16 19:25:47,123.12,123.12,118.26,119.99,39551983
2017-07-17 19:25:47,119.99,120.98,114.96,116.55,5911462
2017-07-18 19:25:47,116.55,119.92,114.74,119.48,33704565
2017-07-19 19:25:47,119.48,122.78,117.87,120.83,36081481
2017-07-20 19:25:47,120.83,122.43,118.6,120.11,30235379
2017-07-21 19:25:47,120.11,121.25,117.92,119.14,20239389
2017-07-22 19:25:47,119.14,120.39,116.35,118.11,43714052
2017-07-23 19:25:47,118.11,121.77,116.51,120.26,33444098
2017-07-24 19:25:47,120.26,121.95,117.97,120.16,13574627
2017-07-25 19:25:47,120.16,120.51,116.54,117.1,10667316
2017-07-26 19:25:47,117.1,121.74,116.37,120.58,36429567
2017-07-27 19:25:47,120.58,121.09,116.37,117.01,41834542
2017-07-28 19:25:47,117.01,118.41,112.87,113.77,12541553
2017-07-29 19:25:47,113.77,115.85,112.17,112.65,32888176
2017-07-30 19:25:47,112.65,114.21,111.34,112.63,43643893
2017-07-31 19:25:47,112.63,113.63,111.03,111.66,25399637
2017-08-01 19:25:47,111.66,112.59,108.75,109.4,3010206
2017-08-02 19:25:47,109.4,110.64,107.18,107.76,44620112
2017-08-03 19:25:47,107.76,110.48,105.62,108.88,46636936
2017-08-04 19:25:47,108.88,109.86,106.5,108.66,10270846
2017-08-05 19:25:47,108.66,108.86,106.05,107.59,33651293
2017-08-06 19:25:47,107.59,108.55,106.15,106.94,12716889
2017-08-07 19:25:47,106.94,109.8,105.19,107.85,32927950
2017-08-08 19:25:47,107.85,110.15,107.27,109.03,20946321
2017-08-09 19:25:47,109.03,109.88,105.27,107.32,24896140
2017-08-10 19:25:47,107.32,109.76,105.24,108.21,18047162
2017-08-11 19:25:47,108.21,109.76,106.5,107.46,33615416
2017-08-12 19:25:47,107.46,109.03,105.38,108.68,31346228
2017-08-13 19:25:47,108.68,112.39,107.7,110.65,16730547
2017-08-14 19:25:47,110.65,112.08,110.63,111.98,32027426
2017-08-15 19:25:47,111.98,114.39,110.45,113.69,14434985
2017-08-16 19:25:47,113.69,117.57,112.44,115.47,21510468
2017-08-17 19:25:47,115.47,118.73,113.3,117.7,4909222
2017-08-18 19:25:47,117.7,121.95,115.48,119.99,1971720
2017-08-19 19:25:47,119.99,121.56,119.64,120.34,41983081
2017-08-20 19:25:47,120.34,121.42,115.37,117.25,43833846
2017-08-21 19:25:47,117.25,118.88,116.85,117.15,1414975
2017-08-22 19:25:47,117.15,120.56,116.11,118.73,38323155
2017-08-23 19:25:47,118.73,118.99,117.01,117.6,2458946
2017-08-24 19:25:47,117.6,118.89,115.66,116.88,46954821
2017-08-25 19:25:47,116.88,119.47,116.83,117.33,13630768
2017-08-26 19:25:47,117.33,117.82,113.74,115.8,18003713
2017-08-27 19:25:47,115.8,119.02,115.54,117.95,21860084
2017-08-28 19:25:47,117.95,118.43,115.86,118.11,2413919
2017-08-29 19:25:47,118.11,122.17,116.7,121.22,21845715
2017-08-30 19:25:47,121.22,122.19,119.16,122.01,11833764
2017-08-31 19:25:47,122.01,122.83,118.72,119.34,10116686
2017-09-01 19:25:47,119.34,123.25,119.02,122.23,11235313
2017-09-02 19:25:47,122.23,124.0,118.14,119.31,29225036
2017-09-03 19:25:47,119.31,123.22,118.8,121.24,15371605
2017-09-04 19:25:47,121.24,124.65,120.91,124.0,28578585
2017-09-05 19:25:47,124.0,126.78,121.56,126.38,23821425
2017-09-06 19:25:47,126.38,126.68,122.52,124.8,46838987
2017-09-07 19:25:47,124.8,128.28,123.78,126.13,22824767
2017-09-08 19:25:47,126.13,127.59,124.1,126.14,43334471
2017-09-09 19:25:47,126.14,127.82,122.99,124.57,13615953
2017-09-10 19:25:47,124.57,125.64,124.24,124.43,11896646
2017-09-11 19:25:47,124.43,125.36,121.51,121.92,38300104
2017-09-12 19:25:47,121.92,122.33,118.23,118.92,47020461
2017-09-13 19:25:47,118.92,120.52,116.52,117.24,27548646
2017-09-14 19:25:47,117.24,118.18,115.14,116.73,5467500
2017-09-15 19:25:47,116.73,120.87,114.42,118.94,18622658
2017-09-16 19:25:47,118.94,120.29,114.27,116.37,23076869
2017-09-17 19:25:47,116.37,120.27,115.02,118.24,11080529
2017-09-18 19:25:47,118.24,120.58,117.98,118.71,3728672
2017-09-19 19:25:47,118.71,121.95,118.12,121.72,12396098
2017-09-20 19:25:47,121.72,122.96,118.8,120.83,47109900
2017-09-21 19:25:47,120.83,122.13,119.69,120.15,29898655
2017-09-22 19:25:47,120.15,121.43,114.66,116.86,49716477
2017-09-23 19:25:47,116.86,122.41,116.83,120.01,31505337
2017-09-24 19:25:47,120.01,124.72,119.98,123.22,31658282
2017-09-25 19:25:47,123.22,125.05,118.12,120.22,15175181
2017-09-26 19:25:47,120.22,123.13,118.27,121.59,14626772
2017-09-27 19:25:47,121.59,121.88,118.79,120.69,21367678
2017-09-28 19:25:47,120.69,124.75,119.91,123.37,24231063
2017-09-29 19:25:47,123.37,125.04,120.08,121.49,43425623
2017-09-30 19:25:47,121.49,124.72,119.83,123.66,4382358
2017-10-01 19:25:47,123.66,124.11,119.71,122.07,31706923
2017-10-02 19:25:47,122.07,125.84,120.33,123.92,22558283
2017-10-03 19:25:47,123.92,127.94,123.09,126.74,31384768
2017-10-04 19:25:47,126.74,130.24,124.33,129.16,2753865
2017-10-05 19:25:47,129.16,130.53,123.57,125.93,35247009
2017-10-06 19:25:47,125.93,128.82,125.08,126.3,18745717
2017-10-07 19:25:47,126.3,127.87,122.65,125.0,28616132
2017-10-08 19:25:47,125.0,125.26,124.48,125.17,1846877
2017-10-09 19:25:47,125.17,131.31,122.7,128.78,9186830
2017-10-10 19:25:47,128.78,130.04,125.59,125.69,48039174
2017-10-11 19:25:47,125.69,128.85,123.42,128.67,9010323
2017-10-12 19:25:47,128.67,131.38,126.12,131.07,47353398
2017-10-13 19:25:47,131.07,133.28,128.87,129.84,7732805
2017-10-14 19:25:47,129.84,130.77,126.01,127.92,37580044
2017-10-15 19:25:47,127.92,130.93,127.31,129.6,14607695
2017-10-16 19:25:47,129.6,130.17,127.95,130.15,44023887
2017-10-17 19:25:47,130.15,130.42,128.87,130.11,46031735
2017-10-18 19:25:47,130.11,132.27,127.07,127.76,46210661
2017-10-19 19:25:47,127.76,129.67,124.11,124.63,44452592
2017-10-20 19:25:47,124.63,126.43,121.81,124.09,49614126
2017-10-21 19:25:47,124.09,125.16,121.67,122.36,34511259
2017-10-22 19:25:47,122.36,123.08,119.54,120.62,14079412
2017-10-23 19:25:47,120.62,124.59,120.11,122.42,37203546
2017-10-24 19:25:47,122.42,124.0,119.87,120.8,26268497
2017-10-25 19:25:47,120.8,121.92,119.09,120.4,8536456
2017-10-26 19:25:47,120.4,120.46,118.72,119.17,2111548
2017-10-27 19:25:47,119.17,120.9,115.14,116.33,6874362
2017-10-28 19:25:47,116.33,117.73,112.71,114.43,21119639
2017-10-29 19:25:47,114.43,118.91,112.37,117.0,30273881
2017-10-30 19:25:47,117.0,119.11,116.82,117.11,43645824
2017-10-31 19:25:47,117.11,117.44,114.16,115.95,36913952
2017-11-01 19:25:47,115.95,118.73,115.08,118.47,19936425
2017-11-02 19:25:47,118.47,120.05,116.64,118.03,45983610
2017-11-03 19:25:47,118.03,119.84,112.5,114.76,36340162
2017-11-04 19:25:47,114.76,115.06,111.09,113.16,20388769
2017-11-05 19:25:47,113.16,113.27,111.62,112.74,5259121
2017-11-06 19:25:47,112.74,113.42,112.62,112.85,11405229
2017-11-07 19:25:47,112.85,114.87,108.59,110.28,16194833
2017-11-08 19:25:47,110.28,113.75,109.58,113.13,27997892
2017-11-09 19:25:47,113.13,114.08,110.78,112.36,16585982
2017-11-10 19:25:47,112.36,115.5,111.59,114.75,44956078
2017-11-11 19:25:47,114.75,116.34,112.49,114.75,14149668
2017-11-12 19:25:47,114.75,119.3,112.98,117.75,16188956
2017-11-13 19:25:47,117.75,119.3,116.85,117.78,41529852
2017-11-14 19:25:47,117.78,120.01,115.66,116.95,9260088
2017-11-15 19:25:47,116.95,117.28,115.39,116.65,42437785
2017-11-16 19:25:47,116.65,117.78,114.58,115.87,22941173
2017-11-17 19:25:47,115.87,115.89,110.89,113.08,49221542
2017-11-18 19:25:47,113.08,114.83,111.19,111.32,48419353
2017-11-19 19:25:47,111.32,112.62,109.98,110.65,3066131
2017-11-20 19:25:47,110.65,111.37,108.54,110.88,27701430
2017-11-21 19:25:47,110.88,113.8,109.13,112.43,43366509
2017-11-22 19:25:47,112.43,113.58,108.41,110.36,26791752
2017-11-23 19:25:47,110.36,113.72,110.07,113.63,32301574
2017-11-24 19:25:47,113.63,114.11,108.87,110.75,17942546
2017-11-25 19:25:47,110.75,112.66,107.68,109.83,20866820
2017-11-26 19:25:47,109.83,111.9,107.8,111.48,31718421
2017-11-27 19:25:47,111.48,112.04,109.09,110.04,49415863
2017-11-28 19:25:47,110.04,111.96,106.42,108.26,27368026
2017-11-29 19:25:47,108.26,109.75,107.85,108.07,10731096
2017-11-30 19:25:47,108.07,109.17,105.45,105.45,46042939
2017-12-01 19:25:47,105.45,105.64,103.82,104.21,47973950
2017-12-02 19:25:47,104.21,107.94,104.1,106.8,20433007
2017-12-03 19:25:47,106.8,110.31,106.47,108.98,3054231
2017-12-04 19:25:47,108.98,113.56,107.2,111.34,9370181
2017-12-05 19:25:47,111.34,112.74,109.26,112.05,8444655
2017-12-06 19:25:47,112.05,112.71,110.17,111.01,31428661
2017-12-07 19:25:47,111.01,113.31,109.29,111.24,45551683
2017-12-08 19:25:47,111.24,111.88,106.22,108.15,29876404
2017-12-09 19:25:47,108.15,109.2,106.77,107.3,38327821
2017-12-10 19:25:47,107.3,107.74,106.71,107.43,16407420
2017-12-11 19:25:47,107.43,111.65,106.49,109.79,24856877
2017-12-12 19:25:47,109.79,112.39,109.27,111.01,26229877
2017-12-13 19:25:47,111.01,114.76,109.59,113.24,5238761
2017-12-14 19:25:47,113.24,114.99,109.06,110.86,3469282
2017-12-15 19:25:47,110.86,113.28,110.32,111.99,32281634
2017-12-16 19:25:47,111.99,114.93,111.18,114.01,25939711
2017-12-17 19:25:47,114.01,114.05,109.25,110.97,42650806
2017-12-18 19:25:47,110.97,112.89,107.89,109.15,35271806
2017-12-19 19:25:47,109.15,110.22,105.41,106.97,17348193
2017-12-20 19:25:47,106.97,107.73,103.65,104.51,39063645
2017-12-21 19:25:47,104.51,105.17,101.44,103.22,11863875
2017-12-22 19:25:47,103.22,103.64,101.13,102.94,19743610
2017-12-23 19:25:47,102.94,106.25,100.92,104.71,21251153
2017-12-24 19:25:47,104.71,105.52,104.49,105.28,28464863
2017-12-25 19:25:47,105.28,105.41,104.35,105.09,9154586
2017-12-26 19:25:47,105.09,106.02,103.04,103.25,36999961
2017-12-27 19:25:47,103.25,105.77,101.69,104.35,15014000
2017-12-28 19:25:47,104.35,106.31,102.08,103.7,18867438
2017-12-29 19:25:47,103.7,107.53,103.4,106.09,32455570
2017-12-30 19:25:47,106.09,106.85,105.02,106.74,31026892
2017-12-31 19:25:47,106.74,109.01,105.47,107.36,3113989
2018-01-01 19:25:47,107.36,110.1,107.31,108.32,15841769
2018-01-02 19:25:47,108.32,111.77,106.77,110.8,43542938
2018-01-03 19:25:47,110.8,111.83,108.27,108.97,32892808
2018-01-04 19:25:47,108.97,111.73,107.73,110.89,5731222
2018-01-05 19:25:47,110.89,111.35,110.18,110.7,40935853
2018-01-06 19:25:47,110.7,111.65,107.51,109.21,6772799
2018-01-07 19:25:47,109.21,111.02,106.02,107.03,28565265
2018-01-08 19:25:47,107.03,108.12,106.15,107.84,5866546
2018-01-09 19:25:47,107.84,109.2,106.69,109.02,34702121
2018-01-10 19:25:47,109.02,113.07,106.88,112.23,29348602
2018-01-11 19:25:47,112.23,112.5,111.74,112.08,34617255
2018-01-12 19:25:47,112.08,117.12,111.26,115.09,42270648
2018-01-13 19:25:47,115.09,115.19,114.78,114.9,16064698
2018-01-14 19:25:47,114.9,115.55,111.76,113.84,17174118
2018-01-15 19:25:47,113.84,114.73,109.67,111.49,39626705
2018-01-16 19:25:47,111.49,114.93,111.4,113.82,29097699
2018-01-17 19:25:47,113.82,115.45,109.93,111.07,38368230
2018-01-18 19:25:47,111.07,115.34,110.03,114.0,46493308
2018-01-19 19:25:47,114.0,114.41,109.75,111.89,36722891
2018-01-20 19:25:47,111.89,116.65,110.67,115.01,20718229
2018-01-21 19:25:47,115.01,115.92,114.41,114.47,46782517
2018-01-22 19:25:47,114.47,116.61,113.81,115.83,31773066
2018-01-23 19:25:47,115.83,117.8,112.03,114.11,17256084
2018-01-24 19:25:47,114.11,115.07,111.64,112.85,35844874
2018-01-25 19:25:47,112.85,115.03,112.17,114.43,35629752
2018-01-26 19:25:47,114.43,117.46,112.4,116.03,33999022
2018-01-27 19:25:47,116.03,117.5,113.85,116.52,26726152
2018-01-28 19:25:47,116.52,120.01,114.68,118.59,24676675
2018-01-29 19:25:47,118.59,123.17,117.96,121.31,40002946
2018-01-30 19:25:47,121.31,122.94,120.79,122.4,10516559
2018-01-31 19:25:47,122.4,125.85,120.35,125.04,30297074
2018-02-01 19:25:47,125.04,127.58,122.86,126.53,29373980
2018-02-02 19:25:47,126.53,126.84,125.79,126.79,7623396
2018-02-03 19:25:47,126.79,129.95,125.09,129.1,34032925
2018-02-04 19:25:47,129.1,130.09,127.93,128.56,44558412
2018-02-05 19:25:47,128.56,128.77,126.83,128.18,37537649
2018-02-06 19:25:47,128.18,130.33,126.37,128.11,23873310
2018-02-07 19:25:47,128.11,128.18,125.95,126.27,37972424
2018-02-08 19:25:47,126.27,130.61,124.03,128.89,13268785
2018-02-09 19:25:47,128.89,131.07,127.25,128.49,15709621
2018-02-10 19:25:47,128.49,132.34,126.73,131.6,9750333
2018-02-11 19:25:47,131.6,131.84,125.39,127.89,7145136
2018-02-12 19:25:47,127.89,132.29,127.62,130.63,14400827
2018-02-13 19:25:47,130.63,132.84,130.19,131.15,7959149
2018-02-14 19:25:47,131.15,133.6,128.77,129.61,38094947
2018-02-15 19:25:47,129.61,131.71,125.86,126.99,28763826
2018-02-16 19:25:47,126.99,129.68,125.11,127.54,49741394
2018-02-17 19:25:47,127.54,129.17,125.48,128.51,32449373
2018-02-18 19:25:47,128.51,130.85,124.89,127.02,44447362
2018-02-19 19:25:47,127.02,129.21,123.72,124.48,14547212
2018-02-20 19:25:47,124.48,127.56,123.37,125.12,2384758
2018-02-21 19:25:47,125.12,126.73,123.38,126.04,13153003
2018-02-22 19:25:47,126.04,130.26,123.77,128.06,23625734
2018-02-23 19:25:47,128.06,133.52,126.27,131.46,46024376
2018-02-24 19:25:47,131.46,136.52,128.93,134.4,21511791
2018-02-25 19:25:47,134.4,136.3,129.73,131.89,46167791
2018-02-26 19:25:47,131.89,134.37,131.07,133.94,9308812
2018-02-27 19:25:47,133.94,137.59,133.73,135.76,17973371
2018-02-28 19:25:47,135.76,138.0,131.4,133.89,1290535
2018-03-01 19:25:47,133.89,134.54,130.18,131.97,48917085
2018-03-02 19:25:47,131.97,132.99,127.34,128.25,8305828
2018-03-03 19:25:47,128.25,132.63,125.75,131.36,7582191
2018-03-04 19:25:47,131.36,137.53,130.68,135.02,47766549
2018-03-05 19:25:47,135.02,137.3,133.58,137.13,25852778
2018-03-06 19:25:47,137.13,143.67,134.92,140.92,39654037
2018-03-07 19:25:47,140.92,144.6,138.22,142.77,9353773
2018-03-08 19:25:47,142.77,147.89,142.22,146.96,3560692
2018-03-09 19:25:47,146.96,147.45,142.27,144.65,32591916
2018-03-10 19:25:47,144.65,148.29,143.04,146.43,1842287
2018-03-11 19:25:47,146.43,151.22,145.77,148.51,14948669
2018-03-12 19:25:47,148.51,149.22,143.13,144.88,19746852
2018-03-13 19:25:47,144.88,145.4,139.68,141.1,39108104
2018-03-14 19:25:47,141.1,145.74,138.51,145.07,2692801
2018-03-15 19:25:47,145.07,147.22,143.26,145.54,44232987
2018-03-16 19:25:47,145.54,148.22,144.1,146.51,23034592
2018-03-17 19:25:47,146.51,148.71,140.84,142.67,44185791
2018-03-18 19:25:47,142.67,147.38,141.73,145.96,15075276
2018-03-19 19:25:47,145.96,149.35,143.3,148.57,43225923
2018-03-20 19:25:47,148.57,153.56,147.91,151.88,10061242
2018-03-21 19:25:47,151.88,157.52,150.34,155.01,12486425
2018-03-22 19:25:47,155.01,156.26,153.02,155.15,4548674
2018-03-23 19:25:47,155.15,157.44,154.36,157.43,37373101
2018-03-24 19:25:47,157.43,160.45,155.81,157.38,22537497
2018-03-25 19:25:47,157.38,158.74,156.72,157.21,2257697
2018-03-26 19:25:47,157.21,157.58,152.15,152.6,4347065
2018-03-27 19:25:47,152.6,154.48,150.34,151.02,23857797
2018-03-28 19:25:47,151.02,153.0,144.03,146.59,6371843
2018-03-29 19:25:47,146.59,149.04,146.02,147.41,4012725
2018-03-30 19:25:47,147.41,152.07,145.67,149.23,40938904
2018-03-31 19:25:47,149.23,151.78,144.4,145.87,27385251
2018-04-01 19:25:47,145.87,146.97,141.03,141.83,35729830
2018-04-02 19:25:47,141.83,141.91,138.25,139.26,14946684
2018-04-03 19:25:47,139.26,139.42,135.21,135.69,15936363
2018-04-04 19:25:47,135.69,137.57,134.0,135.81,34308736
2018-04-05 19:25:47,135.81,137.67,131.17,133.73,18767514
2018-04-06 19:25:47,133.73,135.63,131.15,135.17,48971163
2018-04-07 19:25:47,135.17,135.33,132.04,132.44,34588914
2018-04-08 19:25:47,132.44,134.58,129.69,131.19,37940385
2018-04-09 19:25:47,131.19,134.67,130.74,133.26,13990308
2018-04-10 19:25:47,133.26,137.1,132.11,134.74,31743104
2018-04-11 19:25:47,134.74,135.73,129.94,131.07,31984011
2018-04-12 19:25:47,131.07,131.31,127.32,128.65,16876256
2018-04-13 19:25:47,128.65,130.97,125.94,126.69,6923830
2018-04-14 19:25:47,126.69,127.48,121.92,122.9,1915740
2018-04-15 19:25:47,122.9,126.7,121.4,125.65,37370047
2018-04-16 19:25:47,125.65,127.1,122.56,122.72,34365561
2018-04-17 19:25:47,122.72,124.1,120.42,122.29,25553741
2018-04-18 19:25:47,122.29,126.16,121.15,123.72,12974615
2018-04-19 19:25:47,123.72,125.37,123.03,124.45,44547873
2018-04-20 19:25:47,124.45,126.49,122.44,122.97,28369269
2018-04-21 19:25:47,122.97,123.05,119.08,120.49,8558043
2018-04-22 19:25:47,120.49,124.85,119.26,122.77,32038075
2018-04-23 19:25:47,122.77,123.92,122.48,122.95,37835781
2018-04-24 19:25:47,122.95,124.31,120.26,122.54,5326983
2018-04-25 19:25:47,122.54,125.29,122.51,123.79,17290362
2018-04-26 19:25:47,123.79,126.96,122.67,124.66,14947279
2018-04-27 19:25:47,124.66,127.61,124.02,127.31,46797234
2018-04-28 19:25:47,127.31,128.54,125.34,125.72,36616801
2018-04-29 19:25:47,125.72,126.23,123.2,123.59,32053146
2018-04-30 19:25:47,123.59,125.5,121.22,122.94,14917436
2018-05-01 19:25:47,122.94,128.66,122.73,126.59,8322427
2018-05-02 19:25:47,126.59,129.76,125.03,128.17,28988258
2018-05-03 19:25:47,128.17,130.43,127.16,128.2,36314766
2018-05-04 19:25:47,128.2,132.59,126.48,130.81,6104978
2018-05-05 19:25:47,130.81,132.14,127.03,127.16,48805713
2018-05-06 19:25:47,127.16,128.95,123.4,125.33,19722185
2018-05-07 19:25:47,125.33,128.85,123.01,128.59,28017593
2018-05-08 19:25:47,128.59,133.38,126.41,131.59,33653831
2018-05-09 19:25:47,131.59,134.47,129.32,133.4,39530073
2018-05-10 19:25:47,133.4,134.59,129.26,130.06,24774631
2018-05-11 19:25:47,130.06,130.16,126.64,126.92,15264159
2018-05-12 19:25:47,126.92,127.04,122.28,124.33,28712971
2018-05-13 19:25:47,124.33,126.46,121.96,125.51,28347121
2018-05-14 19:25:47,125.51,126.69,123.04,125.97,2402680
2018-05-15 19:25:47,125.97,126.66,124.03,126.58,3375235
2018-05-16 19:25:47,126.58,131.08,124.91,130.08,11583754
2018-05-17 19:25:47,130.08,133.75,128.18,131.93,22366882
2018-05-18 19:25:47,131.93,135.91,131.46,134.24,21685853
2018-05-19 19:25:47,134.24,138.63,132.08,136.52,44072584
2018-05-20 19:25:47,136.52,141.64,135.99,139.44,47082307
2018-05-21 19:25:47,139.44,141.87,133.63,135.3,42928181
2018-05-22 19:25:47,135.3,136.7,132.68,134.58,36416737
2018-05-23 19:25:47,134.58,136.29,133.65,134.23,22393230
2018-05-24 19:25:47,134.23,138.71,132.4,137.01,8897868
2018-05-25 19:25:47,137.01,142.43,136.39,140.31,45137738
2018-05-26 19:25:47,140.31,141.32,137.27,138.32,41455952
2018-05-27 19:25:47,138.32,143.32,136.06,140.81,27477112
2018-05-28 19:25:47,140.81,143.49,137.07,137.4,34829667
2018-05-29 19:25:47,137.4,137.55,133.06,135.46,2110600
2018-05-30 19:25:47,135.46,137.01,132.31,132.63,9146881
2018-05-31 19:25:47,132.63,133.48,132.02,133.46,36481462
2018-06-01 19:25:47,133.46,136.69,132.43,135.07,42629284
2018-06-02 19:25:47,135.07,140.1,133.24,138.09,23271174
2018-06-03 19:25:47,138.09,139.5,133.39,135.9,22132951
2018-06-04 19:25:47,135.9,138.08,130.82,132.04,2512560
2018-06-05 19:25:47,132.04,133.02,128.9,129.17,8911025
2018-06-06 19:25:47,129.17,133.64,128.91,131.34,31289884
2018-06-07 19:25:47,131.34,131.98,126.89,129.06,8020510
2018-06-08 19:25:47,129.06,133.41,127.47,131.41,45075279
2018-06-09 19:25:47,131.41,133.61,129.17,133.06,41796458
2018-06-10 19:25:47,133.06,134.44,127.36,129.25,32795341
2018-06-11 19:25:47,129.25,129.65,124.52,126.06,10350485
2018-06-12 19:25:47,126.06,127.7,120.98,122.87,11603864
2018-06-13 19:25:47,122.87,124.03,122.64,123.23,28119329
2018-06-14 19:25:47,123.23,123.94,120.61,122.99,49088808
2018-06-15 19:25:47,122.99,125.36,118.34,120.39,41902366
2018-06-16 19:25:47,120.39,124.83,120.33,122.61,3041691
2018-06-17 19:25:47,122.61,124.9,119.26,120.31,21246022
2018-06-18 19:25:47,120.31,122.08,119.32,121.49,42749741
2018-06-19 19:25:47,121.49,123.19,119.87,121.51,41046892
2018-06-20 19:25:47,121.51,125.39,120.26,123.82,41159505
2018-06-21 19:25:47,123.82,124.33,121.9,124.16,24951567
2018-06-22 19:25:47,124.16,125.4,122.71,123.14,16606324
2018-06-23 19:25:47,123.14,123.75,121.1,122.99,10521372
2018-06-24 19:25:47,122.99,125.19,121.45,121.88,45390132
2018-06-25 19:25:47,121.88,125.07,119.87,122.69,28044416
2018-06-26 19:25:47,122.69,123.25,122.13,122.41,30384231
2018-06-27 19:25:47,122.41,126.68,121.19,124.91,5936723
2018-06-28 19:25:47,124.91,126.28,121.82,123.22,43697492
2018-06-29 19:25:47,123.22,126.55,122.33,125.92,27142716
2018-06-30 19:25:47,125.92,126.77,123.06,125.49,7764542
2018-07-01 19:25:47,125.49,127.91,125.15,125.21,40927664
2018-07-02 19:25:47,125.21,126.51,122.71,124.68,14765821
2018-07-03 19:25:47,124.68,128.28,122.54,128.03,30261206
2018-07-04 19:25:47,128.03,129.79,126.54,128.82,15730365
2018-07-05 19:25:47,128.82,133.69,127.44,131.74,6335768
2018-07-06 19:25:47,131.74,136.08,129.99,134.79,32279042
2018-07-07 19:25:47,134.79,137.51,133.72,136.1,23184195
2018-07-08 19:25:47,136.1,139.91,133.43,137.31,8761724
2018-07-09 19:25:47,137.31,138.37,136.62,138.13,26754245
2018-07-10 19:25:47,138.13,139.22,134.56,134.88,38389333
2018-07-11 19:25:47,134.88,136.59,129.96,132.38,1783633
2018-07-12 19:25:47,132.38,136.27,129.82,134.77,4747890
2018-07-13 19:25:47,134.77,136.28,132.6,135.39,6395291
2018-07-14 19:25:47,135.39,139.68,135.16,139.18,26194043
2018-07-15 19:25:47,139.18,141.85,138.09,140.93,26820297
2018-07-16 19:25:47,140.93,141.77,135.9,137.41,46104313
2018-07-17 19:25:47,137.41,137.49,133.31,134.2,18387169
2018-07-18 19:25:47,134.2,134.23,128.73,130.44,29528514
2018-07-19 19:25:47,130.44,131.74,127.41,129.48,45240353
2018-07-20 19:25:47,129.48,130.52,125.08,127.62,3712716
2018-07-21 19:25:47,127.62,130.02,125.75,128.16,40691792
2018-07-22 19:25:47,128.16,129.97,127.95,128.28,22784795
2018-07-23 19:25:47,128.28,128.62,123.22,124.47,21270595
2018-07-24 19:25:47,124.47,125.98,122.47,125.2,36596288
2018-07-25 19:25:47,125.2,126.92,122.71,124.65,10200595
2018-07-26 19:25:47,124.65,127.47,122.29,126.73,17829159
2018-07-27 19:25:47,126.73,128.69,126.16,126.64,49274916
2018-07-28 19:25:47,126.64,128.63,124.33,126.58,46545651
2018-07-29 19:25:47,126.58,130.06,124.63,128.65,32886553
2018-07-30 19:25:47,128.65,130.21,124.95,127.29,16086841
2018-07-31 19:25:47,127.29,132.34,125.53,130.59,33319378
2018-08-01 19:25:47,130.59,134.56,129.7,132.93,42713771
2018-08-02 19:25:47,132.93,134.63,127.15,129.15,30207096
2018-08-03 19:25:47,129.15,130.45,128.0,128.67,5025528
2018-08-04 19:25:47,128.67,133.46,128.33,131.95,41888797
2018-08-05 19:25:47,131.95,136.8,131.38,134.13,30106690
2018-08-06 19:25:47,134.13,135.98,132.31,135.48,13756434
2018-08-07 19:25:47,135.48,137.21,132.17,132.18,25864974
2018-08-08 19:25:47,132.18,136.63,130.06,134.77,34734344
2018-08-09 19:25:47,134.77,136.66,132.66,134.0,2277775
2018-08-10 19:25:47,134.0,136.02,130.38,131.42,32894706
2018-08-11 19:25:47,131.42,135.2,129.56,132.7,26224531
2018-08-12 19:25:47,132.7,136.38,130.67,134.83,19447923
2018-08-13 19:25:47,134.83,138.48,133.08,137.31,4701178
2018-08-14 19:25:47,137.31,139.98,134.64,139.42,47736780
2018-08-15 19:25:47,139.42,141.2,137.48,139.13,32175389
2018-08-16 19:25:47,139.13,144.54,138.21,141.89,6443463
2018-08-17 19:25:47,141.89,145.57,139.62,144.33,39387916
2018-08-18 19:25:47,144.33,148.54,142.71,147.72,42220091
2018-08-19 19:25:47,147.72,148.59,141.68,144.34,25930345
2018-08-20 19:25:47,144.34,147.13,143.88,144.13,48260451
2018-08-21 19:25:47,144.13,146.16,139.13,141.23,44148560
2018-08-22 19:25:47,141.23,143.73,140.98,143.27,43044815
2018-08-23 19:25:47,143.27,146.7,140.48,146.15,34644494
2018-08-24 19:25:47,146.15,148.95,146.05,146.12,15726363
2018-08-25 19:25:47,146.12,147.23,142.6,145.06,22137254
2018-08-26 19:25:47,145.06,148.87,142.59,147.06,49274282
2018-08-27 19:25:47,147.06,149.21,144.35,148.53,49215981
2018-08-28 19:25:47,148.53,154.18,146.05,151.35,48912284
2018-08-29 19:25:47,151.35,152.59,150.47,151.58,30805648
2018-08-30 19:25:47,151.58,153.23,147.26,147.44,35922338
2018-08-31 19:25:47,147.44,149.41,142.14,143.24,1866096
2018-09-01 19:25:47,143.24,144.49,141.58,144.13,5004201
2018-09-02 19:25:47,144.13,146.38,140.41,142.69,36885958
2018-09-03 19:25:47,142.69,144.28,140.44,142.26,38609254
2018-09-04 19:25:47,142.26,146.39,142.15,145.6,43158909
2018-09-05 19:25:47,145.6,150.98,143.82,148.09,41339379
2018-09-06 19:25:47,148.09,149.12,142.85,145.28,4644086
2018-09-07 19:25:47,145.28,150.6,144.08,149.57,24392885
2018-09-08 19:25:47,149.57,154.34,147.85,152.75,19912832
2018-09-09 19:25:47,152.75,153.8,147.66,149.39,14216438
2018-09-10 19:25:47,149.39,152.02,148.36,152.0,45527673
2018-09-11 19:25:47,152.0,154.09,149.4,149.72,14455994
2018-09-12 19:25:47,149.72,151.0,149.0,149.44,40894355
2018-09-13 19:25:47,149.44,152.27,144.77,147.21,15755493
2018-09-14 19:25:47,147.21,149.05,141.85,143.2,45524529
2018-09-15 19:25:47,143.2,145.3,140.2,142.7,7357926
2018-09-16 19:25:47,142.7,143.51,137.99,139.87,5273869
2018-09-17 19:25:47,139.87,144.22,139.33,142.16,49489627
2018-09-18 19:25:47,142.16,147.46,141.07,146.12,39227649
2018-09-19 19:25:47,146.12,150.29,143.53,149.8,38548305
2018-09-20 19:25:47,149.8,152.07,148.41,149.33,44975489
2018-09-21 19:25:47,149.33,151.44,144.76,144.94,23909870
2018-09-22 19:25:47,144.94,147.57,143.76,145.96,12620600
2018-09-23 19:25:47,145.96,149.84,143.74,146.99,44712581
2018-09-24 19:25:47,146.99,151.65,144.41,150.12,22276672
2018-09-25 19:25:47,150.12,150.78,146.88,149.02,32053881
2018-09-26 19:25:47,149.02,150.8,146.55,146.89,18135976
2018-09-27 19:25:47,146.89,150.13,145.41,147.57,34962698
2018-09-28 19:25:47,147.57,153.06,146.09,150.89,6750144
2018-09-29 19:25:47,150.89,152.94,147.49,149.78,14916641
2018-09-30 19:25:47,149.78,150.23,145.61,146.54,31961279
2018-10-01 19:25:47,146.54,149.28,143.17,145.84,45049935
2018-10-02 19:25:47,145.84,149.2,145.27,148.37,19499697
2018-10-03 19:25:47,148.37,154.31,146.24,151.62,28735453
2018-10-04 19:25:47,151.62,153.14,149.3,152.82,29405436
2018-10-05 19:25:47,152.82,155.92,152.75,152.88,25083217
2018-10-06 19:25:47,152.88,158.45,152.71,156.19,17404397
2018-10-07 19:25:47,156.19,156.23,154.18,155.48,32534509
2018-10-08 19:25:47,155.48,155.7,151.89,153.67,9939392
2018-10-09 19:25:47,153.67,156.18,152.52,154.73,27955052
2018-10-10 19:25:47,154.73,157.85,152.14,155.03,6673421
2018-10-11 19:25:47,155.03,157.28,149.97,152.64,42230723
2018-10-12 19:25:47,152.64,155.31,152.46,154.0,48510454
2018-10-13 19:25:47,154.0,159.85,153.36,157.48,20603285
2018-10-14 19:25:47,157.48,159.02,154.24,154.3,49440210
2018-10-15 19:25:47,154.3,157.81,152.49,156.04,16281364
2018-10-16 19:25:47,156.04,156.38,154.01,154.88,23327732
2018-10-17 19:25:47,154.88,157.47,150.53,153.57,12646591
2018-10-18 19:25:47,153.57,154.19,149.27,152.18,49585995
2018-10-19 19:25:47,152.18,153.61,146.37,148.86,17248364
2018-10-20 19:25:47,148.86,154.43,146.32,152.8,11908256
2018-10-21 19:25:47,152.8,153.93,149.34,152.36,7490481
2018-10-22 19:25:47,152.36,157.04,150.02,156.34,3283126
2018-10-23 19:25:47,156.34,157.14,152.84,154.52,42435343
2018-10-24 19:25:47,154.52,160.66,153.27,159.03,43619955
2018-10-25 19:25:47,159.03,159.67,154.81,157.47,30856233
2018-10-26 19:25:47,157.47,159.13,156.37,156.81,30361622
2018-10-27 19:25:47,156.81,157.06,149.58,152.2,15931466
2018-10-28 19:25:47,152.2,156.9,151.81,156.33,12665710
2018-10-29 19:25:47,156.33,158.65,152.55,154.11,33603913
2018-10-30 19:25:47,154.11,157.72,153.23,155.4,24274839
2018-10-31 19:25:47,155.4,157.51,149.85,150.78,42100463
2018-11-01 19:25:47,150.78,152.97,148.61,149.58,5306116
2018-11-02 19:25:47,149.58,153.55,148.23,152.33,43511274
2018-11-03 19:25:47,152.33,155.63,151.68,154.44,29596183
2018-11-04 19:25:47,154.44,157.45,150.02,152.76,17007423
2018-11-05 19:25:47,152.76,155.16,148.57,151.22,2319979
2018-11-06 19:25:47,151.22,156.81,149.74,154.64,36760092
2018-11-07 19:25:47,154.64,160.78,154.06,159.03,25140064
2018-11-08 19:25:47,159.03,159.29,156.99,157.13,46391973
2018-11-09 19:25:47,157.13,159.13,156.54,158.49,3921944
2018-11-10 19:25:47,158.49,165.45,157.87,162.59,29949152
2018-11-11 19:25:47,162.59,163.5,158.45,160.79,2535478
2018-11-12 19:25:47,160.79,163.64,159.13,159.53,17733754
2018-11-13 19:25:47,159.53,165.12,157.68,161.91,22915875
2018-11-14 19:25:47,161.91,162.41,158.74,161.75,47687065
2018-11-15 19:25:47,161.75,166.67,158.99,164.96,15014560
2018-11-16 19:25:47,164.96,166.56,162.36,166.47,29209786
2018-11-17 19:25:47,166.47,173.37,165.34,170.27,36465587
2018-11-18 19:25:47,170.27,173.66,165.51,168.27,35014547
2018-11-19 19:25:47,168.27,169.34,166.13,168.58,21499613
2018-11-20 19:25:47,168.58,171.64,168.43,171.47,33891013
2018-11-21 19:25:47,171.47,174.45,171.36,173.96,21643339
2018-11-22 19:25:47,173.96,175.23,168.47,169.9,34888018
2018-11-23 19:25:47,169.9,172.47,168.95,170.82,38859537
2018-11-24 19:25:47,170.82,176.47,168.02,173.4,24173410
2018-11-25 19:25:47,173.4,177.66,172.31,175.48,29694079
2018-11-26 19:25:47,175.48,177.49,173.78,176.68,40593032
2018-11-27 19:25:47,176.68,178.83,173.27,173.33,44649613
2018-11-28 19:25:47,173.33,173.57,170.45,172.62,33282311
2018-11-29 19:25:47,172.62,175.2,167.05,169.14,6091079
2018-11-30 19:25:47,169.14,172.97,167.35,172.01,18114645
2018-12-01 19:25:47,172.01,178.0,170.14,176.94,3894198
2018-12-02 19:25:47,176.94,177.42,172.92,175.79,13270322
2018-12-03 19:25:47,175.79,180.16,175.36,177.95,41291742
2018-12-04 19:25:47,177.95,181.42,176.04,176.1,4133080
2018-12-05 19:25:47,176.1,177.71,171.85,175.13,49959120
2018-12-06 19:25:47,175.13,178.39,172.92,174.04,14804025
2018-12-07 19:25:47,174.04,175.31,171.08,173.52,21052402
2018-12-08 19:25:47,173.52,177.64,172.37,175.65,26169286
2018-12-09 19:25:47,175.65,178.12,170.53,170.92,47931612
2018-12-10 19:25:47,170.92,174.88,168.6,174.21,26294831
2018-12-11 19:25:47,174.21,175.46,170.89,173.63,40809345
2018-12-12 19:25:47,173.63,179.87,171.55,178.51,14752438
2018-12-13 19:25:47,178.51,181.75,172.18,174.84,24195211
2018-12-14 19:25:47,174.84,178.09,173.26,175.76,19674686
2018-12-15 19:25:47,175.76,178.33,173.93,175.46,46374993
2018-12-16 19:25:47,175.46,181.36,172.32,178.08,18331504
2018-12-17 19:25:47,178.08,182.87,177.78,180.09,3080463
2018-12-18 19:25:47,180.09,181.23,175.9,177.44,47004943
2018-12-19 19:25:47,177.44,179.52,176.43,177.6,2964363
2018-12-20 19:25:47,177.6,180.08,177.03,179.47,43841582
2018-12-21 19:25:47,179.47,183.17,176.71,179.6,2095908
2018-12-22 19:25:47,179.6,184.17,176.09,182.92,37054145
2018-12-23 19:25:47,182.92,188.01,182.05,185.64,39170677
2018-12-24 19:25:47,185.64,189.01,183.27,184.81,14323784
2018-12-25 19:25:47,184.81,186.74,184.52,185.86,14757616
2018-12-26 19:25:47,185.86,190.78,184.5,188.28,7976875
2018-12-27 19:25:47,188.28,188.87,185.26,186.99,42354716
2018-12-28 19:25:47,186.99,190.47,182.09,183.7,30263769
2018-12-29 19:25:47,183.7,188.48,181.88,185.75,2033041
2018-12-30 19:25:47,185.75,189.26,179.31,181.55,48645284
2018-12-31 19:25:47,181.55,183.21,178.18,179.86,16876437
2019-01-01 19:25:47,179.86,186.86,178.23,183.85,22703521
2019-01-02 19:25:47,183.85,186.41,176.15,178.72,3561482
2019-01-03 19:25:47,178.72,180.93,174.95,175.85,17202453
2019-01-04 19:25:47,175.85,177.65,174.04,174.31,4051847
2019-01-05 19:25:47,174.31,177.46,166.6,169.74,30286856
2019-01-06 19:25:47,169.74,177.05,168.52,174.34,8136779
2019-01-07 19:25:47,174.34,180.87,173.81,178.27,6961497
2019-01-08 19:25:47,178.27,184.41,175.09,181.45,2752482
2019-01-09 19:25:47,181.45,184.49,177.17,179.04,39952512
2019-01-10 19:25:47,179.04,181.67,171.29,174.66,27548645
2019-01-11 19:25:47,174.66,181.59,171.22,179.68,41397741
2019-01-12 19:25:47,179.68,181.25,176.65,179.14,13369405
2019-01-13 19:25:47,179.14,180.57,173.14,175.86,45207436
2019-01-14 19:25:47,175.86,178.19,174.92,175.72,34802524
2019-01-15 19:25:47,175.72,177.5,167.84,170.73,23958439
2019-01-16 19:25:47,170.73,171.97,170.68,171.3,7591552
2019-01-17 19:25:47,171.3,175.72,170.82,175.13,45998627
2019-01-18 19:25:47,175.13,177.85,171.22,174.62,46420289
2019-01-19 19:25:47,174.62,181.05,171.72,178.97,10883015
2019-01-20 19:25:47,178.97,180.84,177.31,178.7,5559412
2019-01-21 19:25:47,178.7,180.56,175.72,180.2,35586727
2019-01-22 19:25:47,180.2,188.36,179.31,185.51,33702357
2019-01-23 19:25:47,185.51,188.38,180.18,180.22,41482161
2019-01-24 19:25:47,180.22,183.24,176.81,177.58,2973045
2019-01-25 19:25:47,177.58,177.72,174.01,176.02,36107325
2019-01-26 19:25:47,176.02,177.14,169.98,172.53,23957669
2019-01-27 19:25:47,172.53,179.14,171.6,176.2,4550044
2019-01-28 19:25:47,176.2,177.53,176.01,177.38,2149408
2019-01-29 19:25:47,177.38,179.27,171.08,172.96,9274543
2019-01-30 19:25:47,172.96,174.06,171.07,172.19,8699596
2019-01-31 19:25:47,172.19,174.9,169.5,172.78,33756534
2019-02-01 19:25:47,172.78,173.26,166.96,169.78,15547044
2019-02-02 19:25:47,169.78,172.45,168.0,170.57,19629160
2019-02-03 19:25:47,170.57,173.54,164.86,166.36,43892924
2019-02-04 19:25:47,166.36,172.09,163.09,168.94,24444602
2019-02-05 19:25:47,168.94,174.35,166.54,172.48,49963517
2019-02-06 19:25:47,172.48,175.27,169.12,174.95,14838625
2019-02-07 19:25:47,174.95,176.59,169.35,170.44,18239248
2019-02-08 19:25:47,170.44,174.13,167.71,173.5,30886072
2019-02-09 19:25:47,173.5,175.06,172.24,172.56,14567843
2019-02-10 19:25:47,172.56,176.65,169.74,176.07,48383268
2019-02-11 19:25:47,176.07,178.65,175.46,177.59,44220614
2019-02-12 19:25:47,177.59,183.25,175.64,181.84,35849833
2019-02-13 19:25:47,181.84,185.24,180.42,182.53,3703550
2019-02-14 19:25:47,182.53,184.45,180.94,181.47,3309017
2019-02-15 19:25:47,181.47,182.08,181.46,181.72,1392734
2019-02-16 19:25:47,181.72,183.96,181.45,181.6,49008090
2019-02-17 19:25:47,181.6,184.98,176.99,177.01,31089256
2019-02-18 19:25:47,177.01,178.63,171.46,173.05,24503966
2019-02-19 19:25:47,173.05,180.43,172.61,177.75,21036903
2019-02-20 19:25:47,177.75,179.64,175.73,178.01,29098410
2019-02-21 19:25:47,178.01,180.58,175.7,177.69,3028546
2019-02-22 19:25:47,177.69,180.69,174.24,177.76,37717769
2019-02-23 19:25:47,177.76,179.99,177.24,177.4,40309337
2019-02-24 19:25:47,177.4,181.22,175.61,180.78,44597995
2019-02-25 19:25:47,180.78,185.23,178.69,184.69,42714023
2019-02-26 19:25:47,184.69,185.0,180.25,182.0,24337657
2019-02-27 19:25:47,182.0,183.19,181.38,183.06,32845817
2019-02-28 19:25:47,183.06,186.19,175.1,178.42,24285845
2019-03-01 19:25:47,178.42,183.79,175.37,182.04,48412290
2019-03-02 19:25:47,182.04,185.11,181.38,184.79,39718681
2019-03-03 19:25:47,184.79,188.03,179.9,180.93,49287445
2019-03-04 19:25:47,180.93,187.7,180.02,186.13,32111454
2019-03-05 19:25:47,186.13,189.17,180.95,182.29,14469505
2019-03-06 19:25:47,182.29,183.52,177.44,177.68,15674346
2019-03-07 19:25:47,177.68,180.67,176.86,178.98,23765577
2019-03-08 19:25:47,178.98,180.34,171.13,174.02,24670475
2019-03-09 19:25:47,174.02,181.89,173.62,178.78,26955282
2019-03-10 19:25:47,178.78,184.36,178.59,183.5,1944046
2019-03-11 19:25:47,183.5,186.42,181.47,183.82,38596491
2019-03-12 19:25:47,183.82,188.5,181.52,185.37,37944511
2019-03-13 19:25:47,185.37,188.67,179.38,180.28,31749692
2019-03-14 19:25:47,180.28,183.69,176.3,178.94,46095123
2019-03-15 19:25:47,178.94,181.62,177.94,179.97,24979939
2019-03-16 19:25:47,179.97,182.13,178.08,179.96,35866056
2019-03-17 19:25:47,179.96,184.24,176.67,181.71,38530092
2019-03-18 19:25:47,181.71,183.88,180.22,180.68,20884621
2019-03-19 19:25:47,180.68,181.43,174.52,175.36,7200661
2019-03-20 19:25:47,175.36,179.09,172.23,175.58,41122657
2019-03-21 19:25:47,175.58,181.14,175.51,179.8,36133662
2019-03-22 19:25:47,179.8,184.01,176.71,182.74,46954047
2019-03-23 19:25:47,182.74,183.94,176.27,179.63,2606275
2019-03-24 19:25:47,179.63,182.93,177.53,182.19,10064657
2019-03-25 19:25:47,182.19,188.28,178.62,187.32,22536565
2019-03-26 19:25:47,187.32,187.65,181.74,182.28,34670776
2019-03-27 19:25:47,182.28,187.67,181.22,186.46,23048884
2019-03-28 19:25:47,186.46,192.5,184.53,191.91,36280615
2019-03-29 19:25:47,191.91,195.82,189.4,194.81,8131546
2019-03-30 19:25:47,194.81,201.11,192.61,200.57,29860667
2019-03-31 19:25:47,200.57,204.27,195.08,197.84,37386107
2019-04-01 19:25:47,197.84,205.08,196.13,203.22,14558544
2019-04-02 19:25:47,203.22,206.71,199.29,204.7,32087934
2019-04-03 19:25:47,204.7,206.07,197.56,200.13,43252336
2019-04-04 19:25:47,200.13,206.26,198.81,202.44,20467643
2019-04-05 19:25:47,202.44,203.72,196.44,199.54,10197104
2019-04-06 19:25:47,199.54,200.79,192.04,194.64,29076209
2019-04-07 19:25:47,194.64,199.21,191.76,197.93,42762775
2019-04-08 19:25:47,197.93,199.53,194.44,196.59,8083883
2019-04-09 19:25:47,196.59,199.74,196.17,198.54,4476693
2019-04-10 19:25:47,198.54,199.27,191.13,194.99,34795701
2019-04-11 19:25:47,194.99,197.76,189.19,191.51,14770144
2019-04-12 19:25:47,191.51,193.68,186.6,189.38,46930438
2019-04-13 19:25:47,189.38,191.12,185.14,187.12,13389652
2019-04-14 19:25:47,187.12,188.91,183.74,187.47,29303935
2019-04-15 19:25:47,187.47,188.01,179.97,182.21,2390218
2019-04-16 19:25:47,182.21,185.23,178.56,182.29,43931290
2019-04-17 19:25:47,182.29,183.02,179.08,181.74,42191180
2019-04-18 19:25:47,181.74,182.33,179.41,181.84,45249522
2019-04-19 19:25:47,181.84,183.36,176.73,179.93,45640361
2019-04-20 19:25:47,179.93,181.68,178.66,180.95,32243256
2019-04-21 19:25:47,180.95,183.46,178.2,182.35,43469926
2019-04-22 19:25:47,182.35,185.6,176.87,179.06,4982555
2019-04-23 19:25:47,179.06,184.08,177.68,182.9,48752014
2019-04-24 19:25:47,182.9,185.4,179.13,182.55,43046009
2019-04-25 19:25:47,182.55,185.61,181.97,184.23,41812387
2019-04-26 19:25:47,184.23,186.92,183.89,186.8,46536602
2019-04-27 19:25:47,186.8,189.41,179.82,182.7,21153200
2019-04-28 19:25:47,182.7,184.07,177.97,179.76,13978636
2019-04-29 19:25:47,179.76,183.58,178.69,183.36,13604435
2019-04-30 19:25:47,183.36,186.54,181.4,183.12,38450462
2019-05-01 19:25:47,183.12,190.38,180.63,187.05,4904469
2019-05-02 19:25:47,187.05,193.01,187.0,190.18,3169941
2019-05-03 19:25:47,190.18,192.13,181.67,184.97,47478307
2019-05-04 19:25:47,184.97,190.48,182.81,188.53,16735026
2019-05-05 19:25:47,188.53,189.4,184.66,185.91,38742076
2019-05-06 19:25:47,185.91,190.54,184.45,187.06,28553388
2019-05-07 19:25:47,187.06,192.86,183.46,192.01,29163847
2019-05-08 19:25:47,192.01,198.71,190.43,195.66,21268579
2019-05-09 19:25:47,195.66,197.83,190.38,193.37,23147593
2019-05-10 19:25:47,193.37,193.51,191.08,192.63,26330230
2019-05-11 19:25:47,192.63,195.61,188.79,192.09,13807738
2019-05-12 19:25:47,192.09,196.18,188.71,194.23,37398683
2019-05-13 19:25:47,194.23,200.18,193.0,198.35,4939591
2019-05-14 19:25:47,198.35,201.84,194.16,196.82,14381470
2019-05-15 19:25:47,196.82,200.67,194.93,196.72,49283478
2019-05-16 19:25:47,196.72,197.42,194.34,196.35,32946276
2019-05-17 19:25:47,196.35,203.27,193.65,199.4,14679096
2019-05-18 19:25:47,199.4,203.81,197.61,201.32,36740376
2019-05-19 19:25:47,201.32,205.49,199.94,202.17,47739439
2019-05-20 19:25:47,202.17,205.39,197.29,198.29,14715011
2019-05-21 19:25:47,198.29,207.97,195.68,204.07,16932619
2019-05-22 19:25:47,204.07,204.61,201.49,203.12,49325884
2019-05-23 19:25:47,203.12,204.97,197.81,201.01,34828114
2019-05-24 19:25:47,201.01,206.13,199.67,204.5,42503084
2019-05-25 19:25:47,204.5,205.8,203.08,204.85,40874631
2019-05-26 19:25:47,204.85,208.92,201.84,205.27,44294159
2019-05-27 19:25:47,205.27,208.2,198.68,200.77,9961490
2019-05-28 19:25:47,200.77,200.83,194.67,195.52,45064783
2019-05-29 19:25:47,195.52,204.84,195.06,200.89,24920635
2019-05-30 19:25:47,200.89,202.7,199.28,199.94,30653219
2019-05-31 19:25:47,199.94,202.98,199.86,202.2,17998100
2019-06-01 19:25:47,202.2,203.82,196.25,199.03,16586423
2019-06-02 19:25:47,199.03,201.94,192.49,193.41,4677587
2019-06-03 19:25:47,193.41,195.42,189.6,192.24,16844960
2019-06-04 19:25:47,192.24,192.95,188.19,188.91,30721612
2019-06-05 19:25:47,188.91,192.08,186.3,191.59,26020736
2019-06-06 19:25:47,191.59,193.73,188.22,188.3,6448211
2019-06-07 19:25:47,188.3,188.68,184.09,185.74,16147610
2019-06-08 19:25:47,185.74,189.05,182.18,188.54,29447247
2019-06-09 19:25:47,188.54,195.56,186.71,193.42,17623019
2019-06-10 19:25:47,193.42,194.36,188.34,189.75,16226380
2019-06-11 19:25:47,189.75,191.37,182.31,185.42,18493933
2019-06-12 19:25:47,185.42,188.53,182.03,184.16,32180752
2019-06-13 19:25:47,184.16,191.32,184.06,188.18,5047058
2019-06-14 19:25:47,188.18,195.0,185.0,193.29,19155794
2019-06-15 19:25:47,193.29,196.98,192.2,192.9,45310639
2019-06-16 19:25:47,192.9,196.03,188.09,188.8,38196111
2019-06-17 19:25:47,188.8,191.18,186.49,187.56,16922494
2019-06-18 19:25:47,187.56,190.16,185.18,185.37,49408484
2019-06-19 19:25:47,185.37,188.87,181.39,181.72,40877481
2019-06-20 19:25:47,181.72,183.1,180.68,181.69,1616802
2019-06-21 19:25:47,181.69,183.17,178.23,179.34,20775329
2019-06-22 19:25:47,179.34,183.39,178.47,181.68,21994149
2019-06-23 19:25:47,181.68,183.63,174.25,177.66,42480827
2019-06-24 19:25:47,177.66,179.19,174.16,178.28,47712881
2019-06-25 19:25:47,178.28,185.29,175.19,182.94,46162719
2019-06-26 19:25:47,182.94,185.78,179.06,181.95,1445158
2019-06-27 19:25:47,181.95,182.28,176.68,177.45,25912649
2019-06-28 19:25:47,177.45,185.93,173.98,182.4,40118884
2019-06-29 19:25:47,182.4,183.45,179.64,180.9,39810932
2019-06-30 19:25:47,180.9,183.62,176.2,176.22,44387683
2019-07-01 19:25:47,176.22,179.59,170.84,171.86,18490657
2019-07-02 19:25:47,171.86,172.72,166.57,168.04,29954010
2019-07-03 19:25:47,168.04,170.83,162.99,163.3,48582790
2019-07-04 19:25:47,163.3,164.8,157.53,159.48,18794562
2019-07-05 19:25:47,159.48,160.71,158.26,160.55,47270686
2019-07-06 19:25:47,160.55,163.53,159.57,162.07,35618447
2019-07-07 19:25:47,162.07,164.89,161.19,161.28,19288912
2019-07-08 19:25:47,161.28,164.47,158.07,163.02,13067524
2019-07-09 19:25:47,163.02,167.6,159.94,166.26,45623591
2019-07-10 19:25:47,166.26,166.6,161.9,163.98,45859179
2019-07-11 19:25:47,163.98,167.89,161.75,164.63,19405267
2019-07-12 19:25:47,164.63,165.63,163.52,165.29,40437815
2019-07-13 19:25:47,165.29,169.33,165.16,167.11,48001245
2019-07-14 19:25:47,167.11,167.12,162.87,165.43,25515489
2019-07-15 19:25:47,165.43,167.45,161.16,161.74,36289842
2019-07-16 19:25:47,161.74,168.9,161.72,166.2,8322098
2019-07-17 19:25:47,166.2,167.1,163.13,166.14,49670861
2019-07-18 19:25:47,166.14,168.62,164.65,166.0,21436063
2019-07-19 19:25:47,166.0,170.33,163.9,170.08,39034804
2019-07-20 19:25:47,170.08,173.34,165.68,166.94,8770931
2019-07-21 19:25:47,166.94,169.72,161.36,162.15,40740645
2019-07-22 19:25:47,162.15,166.51,161.14,165.14,31763112
2019-07-23 19:25:47,165.14,168.71,164.86,167.92,44948397
2019-07-24 19:25:47,167.92,168.43,166.99,168.1,41642018
2019-07-25 19:25:47,168.1,171.5,165.58,171.02,20452530
2019-07-26 19:25:47,171.02,172.39,168.91,171.57,38692493
2019-07-27 19:25:47,171.57,171.82,164.67,166.52,46922190
2019-07-28 19:25:47,166.52,172.35,164.82,169.31,26570494
2019-07-29 19:25:47,169.31,174.09,168.22,171.33,35347285
2019-07-30 19:25:47,171.33,176.71,168.03,174.54,8540545
2019-07-31 19:25:47,174.54,181.16,174.13,178.03,18573161
2019-08-01 19:25:47,178.03,178.36,173.13,175.71,45171341
2019-08-02 19:25:47,175.71,176.81,174.41,175.19,27132072
2019-08-03 19:25:47,175.19,180.58,174.8,178.89,49587225
2019-08-04 19:25:47,178.89,179.84,175.9,178.6,4305962
2019-08-05 19:25:47,178.6,181.28,175.05,176.03,44532878
2019-08-06 19:25:47,176.03,177.65,170.81,170.91,25089730
2019-08-07 19:25:47,170.91,175.41,168.52,174.17,5218388
2019-08-08 19:25:47,174.17,178.92,172.98,176.09,43407224
2019-08-09 19:25:47,176.09,178.55,170.15,173.27,5148913
2019-08-10 19:25:47,173.27,177.9,171.77,177.6,40590510
2019-08-11 19:25:47,177.6,185.39,175.63,182.63,25956546
2019-08-12 19:25:47,182.63,187.7,181.12,185.7,17961919
2019-08-13 19:25:47,185.7,185.9,184.64,185.02,7073835
2019-08-14 19:25:47,185.02,188.06,183.53,184.79,37919345
2019-08-15 19:25:47,184.79,187.68,177.9,180.36,45419681
2019-08-16 19:25:47,180.36,186.44,179.45,184.82,5426254
2019-08-17 19:25:47,184.82,190.44,184.33,189.68,34677197
2019-08-18 19:25:47,189.68,197.88,187.76,194.04,13925616
2019-08-19 19:25:47,194.04,196.26,190.63,195.87,33660529
2019-08-20 19:25:47,195.87,196.03,192.17,193.92,34358368
2019-08-21 19:25:47,193.92,201.54,190.98,198.95,19776274
2019-08-22 19:25:47,198.95,200.57,195.76,197.68,29001937
2019-08-23 19:25:47,197.68,202.74,194.18,199.86,2497443
2019-08-24 19:25:47,199.86,202.68,197.19,199.45,19401844
2019-08-25 19:25:47,199.45,200.74,197.64,198.26,15516776
2019-08-26 19:25:47,198.26,200.89,190.12,193.17,32664783
2019-08-27 19:25:47,193.17,196.94,187.76,190.3,25921506
2019-08-28 19:25:47,190.3,193.78,187.27,189.4,35767461
2019-08-29 19:25:47,189.4,194.68,187.65,192.47,24080104
2019-08-30 19:25:47,192.47,195.32,191.75,193.79,47358741
2019-08-31 19:25:47,193.79,197.59,188.94,190.33,39379716
2019-09-01 19:25:47,190.33,196.61,186.98,193.99,22509529
2019-09-02 19:25:47,193.99,195.25,190.73,191.65,5032815
2019-09-03 19:25:47,191.65,197.59,188.73,195.2,3586429
2019-09-04 19:25:47,195.2,199.31,193.97,197.44,3291563
2019-09-05 19:25:47,197.44,197.47,194.39,195.79,38785569
2019-09-06 19:25:47,195.79,200.4,195.4,199.75,40949174
2019-09-07 19:25:47,199.75,204.09,197.72,202.11,3691406
2019-09-08 19:25:47,202.11,205.47,197.4,198.54,5673565
2019-09-09 19:25:47,198.54,200.65,195.22,197.26,42514939
2019-09-10 19:25:47,197.26,203.21,195.54,201.36,32362703
2019-09-11 19:25:47,201.36,201.38,194.27,197.12,44995163
2019-09-12 19:25:47,197.12,200.04,194.86,195.2,35087001
2019-09-13 19:25:47,195.2,199.44,193.93,198.75,44862451
2019-09-14 19:25:47,198.75,199.18,190.93,193.31,10360333
2019-09-15 19:25:47,193.31,198.53,189.89,195.69,4852336
2019-09-16 19:25:47,195.69,200.62,194.5,196.89,45343299
2019-09-17 19:25:47,196.89,197.74,195.53,197.5,28039978
2019-09-18 19:25:47,197.5,198.78,192.94,194.38,7677741
2019-09-19 19:25:47,194.38,199.19,190.6,199.05,10971798
2019-09-20 19:25:47,199.05,202.17,193.81,196.48,2065846
2019-09-21 19:25:47,196.48,202.23,193.18,198.64,37317397
2019-09-22 19:25:47,198.64,199.82,194.83,199.29,28858419
2019-09-23 19:25:47,199.29,205.6,199.28,202.45,5371300
2019-09-24 19:25:47,202.45,205.04,197.94,200.53,24158994
2019-09-25 19:25:47,200.53,206.56,199.84,206.09,31092601
2019-09-26 19:25:47,206.09,206.31,201.01,203.31,33495693
2019-09-27 19:25:47,203.31,204.68,201.36,202.3,15568574
2019-09-28 19:25:47,202.3,205.03,195.89,198.08,16323072
2019-09-29 19:25:47,198.08,200.94,194.45,196.38,19842075
2019-09-30 19:25:47,196.38,197.01,190.59,191.94,17642849
2019-10-01 19:25:47,191.94,194.28,189.96,191.31,13694850
2019-10-02 19:25:47,191.31,199.0,188.89,196.7,17215736
2019-10-03 19:25:47,196.7,200.02,195.88,197.76,36494069
2019-10-04 19:25:47,197.76,200.35,193.19,196.8,32485307
2019-10-05 19:25:47,196.8,200.81,193.35,198.17,49921932
2019-10-06 19:25:47,198.17,202.2,197.47,199.73,14071704
2019-10-07 19:25:47,199.73,199.75,196.3,197.62,48054405
2019-10-08 19:25:47,197.62,201.48,191.86,193.65,30493702
2019-10-09 19:25:47,193.65,195.68,187.62,189.21,45310602
2019-10-10 19:25:47,189.21,191.9,181.22,183.57,7232001
2019-10-11 19:25:47,183.57,190.71,181.15,188.05,1606002
2019-10-12 19:25:47,188.05,188.52,179.92,183.16,29975289
2019-10-13 19:25:47,183.16,185.61,182.87,183.14,5396828
2019-10-14 19:25:47,183.14,186.64,182.97,184.99,41255774
2019-10-15 19:25:47,184.99,188.52,181.65,184.8,30553044
2019-10-16 19:25:47,184.8,190.23,184.68,187.48,22249985
2019-10-17 19:25:47,187.48,187.76,182.2,185.26,29050583
2019-10-18 19:25:47,185.26,191.17,183.45,188.99,31101352
2019-10-19 19:25:47,188.99,196.27,186.4,192.86,3273107
2019-10-20 19:25:47,192.86,192.91,186.91,190.01,12041094
2019-10-21 19:25:47,190.01,190.56,186.78,189.93,3822323
2019-10-22 19:25:47,189.93,191.05,187.55,190.09,49430571
2019-10-23 19:25:47,190.09,190.35,181.49,184.62,38709089
2019-10-24 19:25:47,184.62,192.1,182.01,190.03,7237652
2019-10-25 19:25:47,190.03,190.27,182.33,185.22,6558171
2019-10-26 19:25:47,185.22,185.49,178.68,180.57,26971899
2019-10-27 19:25:47,180.57,183.01,178.93,181.41,48635463
2019-10-28 19:25:47,181.41,181.6,177.31,180.29,22652457
2019-10-29 19:25:47,180.29,180.31,174.65,176.57,7684591
2019-10-30 19:25:47,176.57,178.6,169.7,172.23,18078477
2019-10-31 19:25:47,172.23,175.01,169.97,173.6,10056854
2019-11-01 19:25:47,173.6,177.55,172.59,175.88,6071269
2019-11-02 19:25:47,175.88,179.44,174.55,177.22,36336416
2019-11-03 19:25:47,177.22,179.93,176.23,178.0,20736173
2019-11-04 19:25:47,178.0,184.79,177.9,181.63,31281500
2019-11-05 19:25:47,181.63,185.39,178.52,184.14,23630170
2019-11-06 19:25:47,184.14,186.29,178.98,179.17,12636006
2019-11-07 19:25:47,179.17,181.76,173.95,174.2,14957308
2019-11-08 19:25:47,174.2,178.59,174.01,175.78,46823912
2019-11-09 19:25:47,175.78,177.9,174.72,177.11,13448292
2019-11-10 19:25:47,177.11,179.45,169.21,172.38,12408716
2019-11-11 19:25:47,172.38,174.12,165.89,168.21,18440336
2019-11-12 19:25:47,168.21,171.48,160.83,163.35,41475840
2019-11-13 19:25:47,163.35,165.63,161.45,163.11,19595048
2019-11-14 19:25:47,163.11,164.66,157.57,160.73,19042100
2019-11-15 19:25:47,160.73,162.97,155.08,157.22,12205381
2019-11-16 19:25:47,157.22,162.76,157.11,159.94,44919668
2019-11-17 19:25:47,159.94,161.46,156.55,156.89,34361259
2019-11-18 19:25:47,156.89,159.68,151.77,154.6,33325673
2019-11-19 19:25:47,154.6,159.39,152.05,157.69,18851530
2019-11-20 19:25:47,157.69,158.25,154.22,155.97,21218806
2019-11-21 19:25:47,155.97,159.7,155.4,159.42,46660629
2019-11-22 19:25:47,159.42,161.12,153.39,155.7,27645867
2019-11-23 19:25:47,155.7,158.04,149.36,152.39,10261836
2019-11-24 19:25:47,152.39,153.21,145.63,148.27,26359374
2019-11-25 19:25:47,148.27,154.54,145.54,152.62,37295741
2019-11-26 19:25:47,152.62,156.51,150.73,153.9,9434452
2019-11-27 19:25:47,153.9,155.4,152.54,153.03,2827107
2019-11-28 19:25:47,153.03,155.61,151.98,154.36,1508056
2019-11-29 19:25:47,154.36,156.99,153.03,155.79,16408526
2019-11-30 19:25:47,155.79,161.29,153.38,158.79,20200294
2019-12-01 19:25:47,158.79,161.28,155.75,161.14,43329157
2019-12-02 19:25:47,161.14,161.39,160.94,161.34,4531423
2019-12-03 19:25:47,161.34,162.4,159.45,162.17,29527955
2019-12-04 19:25:47,162.17,162.87,156.22,159.4,17217938
2019-12-05 19:25:47,159.4,161.97,156.48,157.74,48171209
2019-12-06 19:25:47,157.74,158.73,154.14,154.37,11094630
2019-12-07 19:25:47,154.37,156.66,151.41,151.88,42353315
2019-12-08 19:25:47,151.88,154.75,146.69,148.7,6835607
2019-12-09 19:25:47,148.7,149.3,146.07,149.04,40495960
2019-12-10 19:25:47,149.04,151.18,144.66,147.14,44057492
2019-12-11 19:25:47,147.14,147.52,144.66,146.0,22597100
2019-12-12 19:25:47,146.0,152.1,143.57,150.09,46055954
2019-12-13 19:25:47,150.09,150.59,148.24,148.27,39520927
2019-12-14 19:25:47,148.27,149.76,145.81,147.62,11986793
2019-12-15 19:25:47,147.62,149.25,143.02,143.98,47544100
2019-12-16 19:25:47,143.98,145.58,139.71,140.86,21705029
2019-12-17 19:25:47,140.86,144.91,140.43,142.11,6177995
2019-12-18 19:25:47,142.11,143.39,140.64,140.86,6938118
2019-12-19 19:25:47,140.86,142.05,140.08,140.74,33814918
2019-12-20 19:25:47,140.74,142.15,139.04,141.9,7347159
2019-12-21 19:25:47,141.9,148.37,140.4,145.63,19423946
2019-12-22 19:25:47,145.63,146.64,143.97,145.07,43072495
2019-12-23 19:25:47,145.07,146.98,144.61,146.01,16217675
2019-12-24 19:25:47,146.01,146.16,140.03,142.06,4446984
2019-12-25 19:25:47,142.06,147.83,139.37,145.62,43262812
2019-12-26 19:25:47,145.62,150.86,144.3,148.52,1906063
2019-12-27 19:25:47,148.52,151.18,145.74,150.44,5349806
2019-12-28 19:25:47,150.44,151.35,148.98,151.0,1924553
2019-12-29 19:25:47,151.0,153.56,150.92,151.7,8550807
2019-12-30 19:25:47,151.7,153.45,150.94,152.15,6483747
2019-12-31 19:25:47,152.15,157.15,150.94,154.37,5244686
2020-01-01 19:25:47,154.37,156.31,153.44,154.2,9406207
2020-01-02 19:25:47,154.2,159.49,153.58,156.84,30786869
2020-01-03 19:25:47,156.84,159.43,154.86,158.7,40989934
2020-01-04 19:25:47,158.7,158.91,156.4,158.46,45116016
2020-01-05 19:25:47,158.46,161.44,156.65,158.75,4168472
2020-01-06 19:25:47,158.75,164.72,155.94,161.62,22787990
2020-01-07 19:25:47,161.62,162.62,159.98,160.18,36298082
2020-01-08 19:25:47,160.18,161.24,154.65,157.71,46698131
2020-01-09 19:25:47,157.71,164.57,156.86,161.8,47914372
2020-01-10 19:25:47,161.8,164.28,157.28,159.44,47850078
2020-01-11 19:25:47,159.44,159.52,155.8,156.98,30461815
2020-01-12 19:25:47,156.98,159.85,156.74,156.86,21681116
2020-01-13 19:25:47,156.86,158.96,153.11,154.35,44143633
2020-01-14 19:25:47,154.35,155.29,150.37,151.57,38968529
2020-01-15 19:25:47,151.57,153.17,150.76,151.65,19743698
2020-01-16 19:25:47,151.65,153.84,148.87,150.31,40912163
2020-01-17 19:25:47,150.31,151.51,146.11,147.12,39993205
2020-01-18 19:25:47,147.12,152.81,146.53,150.23,26929052
2020-01-19 19:25:47,150.23,152.67,147.48,151.38,7210259
2020-01-20 19:25:47,151.38,154.22,150.28,152.16,33452215
2020-01-21 19:25:47,152.16,156.28,150.08,155.65,13017711
2020-01-22 19:25:47,155.65,157.27,153.09,153.99,44515489
2020-01-23 19:25:47,153.99,158.02,152.84,157.37,5440589
2020-01-24 19:25:47,157.37,157.38,151.2,153.57,4661336
2020-01-25 19:25:47,153.57,160.29,150.69,158.12,41092002
2020-01-26 19:25:47,158.12,162.85,155.26,161.52,1603589
2020-01-27 19:25:47,161.52,165.61,159.06,163.26,12062551
2020-01-28 19:25:47,163.26,170.6,162.67,167.44,40388698
2020-01-29 19:25:47,167.44,169.09,166.15,167.9,21357770
2020-01-30 19:25:47,167.9,170.23,167.6,167.8,13094045
2020-01-31 19:25:47,167.8,168.79,165.88,167.53,29393583
2020-02-01 19:25:47,167.53,170.4,167.32,169.79,48455884
2020-02-02 19:25:47,169.79,170.8,168.1,170.48,7716521
2020-02-03 19:25:47,170.48,173.86,169.33,170.31,42934124
2020-02-04 19:25:47,170.31,171.41,168.12,168.66,42888148
2020-02-05 19:25:47,168.66,169.43,163.68,165.6,26091866
2020-02-06 19:25:47,165.6,166.8,158.21,161.13,41137454
2020-02-07 19:25:47,161.13,161.17,156.75,159.66,37737749
2020-02-08 19:25:47,159.66,161.08,155.58,155.71,27026079
2020-02-09 19:25:47,155.71,156.85,155.18,155.79,45168499
2020-02-10 19:25:47,155.79,162.62,153.24,160.23,37046046
2020-02-11 19:25:47,160.23,161.71,158.2,160.78,46759224
2020-02-12 19:25:47,160.78,166.9,158.31,165.46,24044890
2020-02-13 19:25:47,165.46,166.05,158.42,160.56,30021845
2020-02-14 19:25:47,160.56,162.3,153.64,155.87,22617750
2020-02-15 19:25:47,155.87,156.89,150.65,151.33,27450655
2020-02-16 19:25:47,151.33,155.76,150.28,153.93,33118793
2020-02-17 19:25:47,153.93,158.93,151.02,156.92,25905873
2020-02-18 19:25:47,156.92,160.06,155.54,155.63,28738783
2020-02-19 19:25:47,155.63,156.66,151.38,153.27,4334674
2020-02-20 19:25:47,153.27,155.45,149.21,150.32,40580719
2020-02-21 19:25:47,150.32,154.62,148.44,152.47,18313570
2020-02-22 19:25:47,152.47,154.02,147.12,149.01,14803465
2020-02-23 19:25:47,149.01,151.08,146.09,148.31,7337139
2020-02-24 19:25:47,148.31,149.44,146.16,146.92,31656091
2020-02-25 19:25:47,146.92,147.12,142.35,143.53,35307386
2020-02-26 19:25:47,143.53,144.65,141.51,142.39,23042785
2020-02-27 19:25:47,142.39,148.45,142.07,146.48,36659196
2020-02-28 19:25:47,146.48,150.4,144.22,150.03,38739204
2020-02-29 19:25:47,150.03,153.82,149.48,152.82,47532444
2020-03-01 19:25:47,152.82,154.56,150.89,151.48,5200541
2020-03-02 19:25:47,151.48,153.09,147.6,147.78,14679295
2020-03-03 19:25:47,147.78,150.91,145.64,148.36,21336024
2020-03-04 19:25:47,148.36,150.79,146.15,147.34,33264068
2020-03-05 19:25:47,147.34,148.97,143.08,143.63,20482685
2020-03-06 19:25:47,143.63,144.55,141.87,143.06,4586618
2020-03-07 19:25:47,143.06,147.74,142.75,145.59,7833512
2020-03-08 19:25:47,145.59,145.83,144.93,145.45,13344789
2020-03-09 19:25:47,145.45,150.37,144.94,147.61,46485282
2020-03-10 19:25:47,147.61,150.08,145.17,145.82,36763103
2020-03-11 19:25:47,145.82,150.82,143.54,148.89,44498862
2020-03-12 19:25:47,148.89,149.63,144.84,146.2,37448097
2020-03-13 19:25:47,146.2,149.12,144.97,146.67,36608622
2020-03-14 19:25:47,146.67,149.24,144.6,146.12,17680602
2020-03-15 19:25:47,146.12,147.06,144.61,145.16,47896433
2020-03-16 19:25:47,145.16,148.73,144.65,146.3,18799789
2020-03-17 19:25:47,146.3,147.74,141.31,142.25,28598087
2020-03-18 19:25:47,142.25,144.2,140.53,141.72,47556026
2020-03-19 19:25:47,141.72,145.89,139.65,144.62,9867736
2020-03-20 19:25:47,144.62,147.42,139.68,142.39,46277677
2020-03-21 19:25:47,142.39,148.67,141.4,145.91,18980903
2020-03-22 19:25:47,145.91,149.71,145.56,149.44,19658970
2020-03-23 19:25:47,149.44,150.79,144.94,147.33,35772036
2020-03-24 19:25:47,147.33,150.66,145.47,148.01,16562468
2020-03-25 19:25:47,148.01,151.77,145.28,150.29,28326312
2020-03-26 19:25:47,150.29,150.71,147.34,150.49,23012341
2020-03-27 19:25:47,150.49,153.2,150.39,151.84,35759000
2020-03-28 19:25:47,151.84,154.02,147.02,149.77,22887715
2020-03-29 19:25:47,149.77,152.07,144.99,147.44,40521480
2020-03-30 19:25:47,147.44,149.87,147.09,147.58,40345679
2020-03-31 19:25:47,147.58,151.66,146.45,150.59,42713304
2020-04-01 19:25:47,150.59,151.03,146.3,147.09,26158192
2020-04-02 19:25:47,147.09,147.93,143.11,144.87,11360214
2020-04-03 19:25:47,144.87,149.08,143.99,148.28,29925282
2020-04-04 19:25:47,148.28,149.28,145.51,147.66,11760247
2020-04-05 19:25:47,147.66,150.91,146.89,150.87,34769886
2020-04-06 19:25:47,150.87,157.9,148.95,155.32,13609505
2020-04-07 19:25:47,155.32,159.96,154.72,158.87,9945460
2020-04-08 19:25:47,158.87,161.3,153.18,154.73,33851478
2020-04-09 19:25:47,154.73,157.67,153.28,156.06,42140629
2020-04-10 19:25:47,156.06,157.26,151.72,154.44,32679769
2020-04-11 19:25:47,154.44,154.72,149.03,150.97,16945656
2020-04-12 19:25:47,150.97,157.41,150.59,154.58,49339774
2020-04-13 19:25:47,154.58,156.73,150.83,151.11,36447910
2020-04-14 19:25:47,151.11,156.37,150.1,155.47,42364805
2020-04-15 19:25:47,155.47,156.83,151.83,154.07,5939242
2020-04-16 19:25:47,154.07,158.21,151.09,155.9,3418497
2020-04-17 19:25:47,155.9,160.59,155.05,159.69,30970078
2020-04-18 19:25:47,159.69,160.74,155.37,158.31,33728362
2020-04-19 19:25:47,158.31,158.97,151.64,154.28,9476461
2020-04-20 19:25:47,154.28,158.64,152.31,157.34,29222291
2020-04-21 19:25:47,157.34,158.76,154.83,158.28,43615443
2020-04-22 19:25:47,158.28,159.45,150.5,153.54,1189778
2020-04-23 19:25:47,153.54,156.48,148.95,149.09,42155609
2020-04-24 19:25:47,149.09,153.53,146.94,151.29,16822914
2020-04-25 19:25:47,151.29,158.6,150.26,155.61,10402211
2020-04-26 19:25:47,155.61,156.62,150.65,152.05,25930625
2020-04-27 19:25:47,152.05,153.31,149.57,151.28,13537424
2020-04-28 19:25:47,151.28,151.87,146.97,147.6,18934991
2020-04-29 19:25:47,147.6,151.15,146.96,150.57,38731880
2020-04-30 19:25:47,150.57,152.59,148.48,152.56,4645951
2020-05-01 19:25:47,152.56,155.13,145.84,148.31,19392569
2020-05-02 19:25:47,148.31,150.78,147.98,149.5,22893983
2020-05-03 19:25:47,149.5,151.65,146.68,149.3,8370110
2020-05-04 19:25:47,149.3,149.63,145.6,147.1,48469132
2020-05-05 19:25:47,147.1,150.01,145.78,149.38,40801408
2020-05-06 19:25:47,149.38,155.2,148.85,152.95,16143101
2020-05-07 19:25:47,152.95,153.99,148.38,148.79,18868355
2020-05-08 19:25:47,148.79,151.92,148.4,150.16,24346137
2020-05-09 19:25:47,150.16,156.21,149.88,153.52,19542311
2020-05-10 19:25:47,153.52,154.43,147.21,149.81,37736885
2020-05-11 19:25:47,149.81,153.98,148.79,151.66,5386830
2020-05-12 19:25:47,151.66,153.64,147.08,148.28,18831131
2020-05-13 19:25:47,148.28,152.72,147.12,150.94,45234823
2020-05-14 19:25:47,150.94,152.54,146.95,149.89,6755676
2020-05-15 19:25:47,149.89,150.32,148.15,149.79,19910044
2020-05-16 19:25:47,149.79,150.23,144.98,146.1,34378287
2020-05-17 19:25:47,146.1,151.27,144.1,149.22,35888526
2020-05-18 19:25:47,149.22,155.45,149.17,152.79,24469744
2020-05-19 19:25:47,152.79,153.16,149.05,150.05,37908464
2020-05-20 19:25:47,150.05,156.19,148.71,154.39,13911512
2020-05-21 19:25:47,154.39,155.94,152.58,154.9,44158837
2020-05-22 19:25:47,154.9,158.7,154.67,155.73,37182079
2020-05-23 19:25:47,155.73,156.38,149.67,151.99,42381687
2020-05-24 19:25:47,151.99,153.91,150.31,151.57,11228515
2020-05-25 19:25:47,151.57,154.07,150.04,152.05,7580079
2020-05-26 19:25:47,152.05,152.34,146.22,148.4,3064240
2020-05-27 19:25:47,148.4,151.02,144.14,146.76,45963401
2020-05-28 19:25:47,146.76,147.38,140.99,143.25,21375181
2020-05-29 19:25:47,143.25,144.57,139.32,141.09,35936778
2020-05-30 19:25:47,141.09,142.81,137.63,140.04,11759748
2020-05-31 19:25:47,140.04,143.01,138.17,142.01,45118876
2020-06-01 19:25:47,142.01,143.78,137.83,140.52,2351064
2020-06-02 19:25:47,140.52,142.37,137.98,138.48,30261487
2020-06-03 19:25:47,138.48,140.13,132.6,134.95,49293025
2020-06-04 19:25:47,134.95,135.91,130.27,132.34,17088263
2020-06-05 19:25:47,132.34,132.73,129.18,130.77,43188825
2020-06-06 19:25:47,130.77,132.31,129.28,129.8,44568316
2020-06-07 19:25:47,129.8,133.68,129.78,133.45,23652797
2020-06-08 19:25:47,133.45,137.3,132.52,134.99,11456868
2020-06-09 19:25:47,134.99,137.98,133.67,137.01,33815178
2020-06-10 19:25:47,137.01,137.35,134.9,136.62,45679550
2020-06-11 19:25:47,136.62,137.41,133.04,134.97,39916384
2020-06-12 19:25:47,134.97,136.18,131.0,132.26,31432579
2020-06-13 19:25:47,132.26,134.07,129.75,133.79,27364901
2020-06-14 19:25:47,133.79,134.92,132.49,132.57,27953255
2020-06-15 19:25:47,132.57,136.61,130.55,135.34,22797730
2020-06-16 19:25:47,135.34,136.34,133.67,135.84,44250525
2020-06-17 19:25:47,135.84,139.97,133.88,138.86,36492486
2020-06-18 19:25:47,138.86,139.84,138.26,138.36,38058807
2020-06-19 19:25:47,138.36,140.04,133.23,135.95,38082446
2020-06-20 19:25:47,135.95,137.24,133.66,135.42,17936360
2020-06-21 19:25:47,135.42,138.95,134.29,137.53,33001336
2020-06-22 19:25:47,137.53,142.41,136.42,139.72,45643472
2020-06-23 19:25:47,139.72,140.99,136.64,138.31,43419028
2020-06-24 19:25:47,138.31,139.9,133.02,134.38,45122035
2020-06-25 19:25:47,134.38,138.94,131.79,138.0,13229317
2020-06-26 19:25:47,138.0,138.67,133.11,135.17,40127607
2020-06-27 19:25:47,135.17,135.89,133.0,135.6,38838213
2020-06-28 19:25:47,135.6,136.74,132.84,133.53,7412851
2020-06-29 19:25:47,133.53,135.28,128.82,131.03,40561365
2020-06-30 19:25:47,131.03,134.77,130.01,133.98,31437461
2020-07-01 19:25:47,133.98,135.3,129.11,131.01,5683411
2020-07-02 19:25:47,131.01,133.0,130.18,131.46,18575061
2020-07-03 19:25:47,131.46,132.0,129.02,131.13,35430986
2020-07-04 19:25:47,131.13,133.73,129.81,133.18,26360052
2020-07-05 19:25:47,133.18,133.89,130.46,130.65,18127177
2020-07-06 19:25:47,130.65,132.52,130.64,130.69,47379757
2020-07-07 19:25:47,130.69,135.52,128.7,134.23,28716784
2020-07-08 19:25:47,134.23,136.37,131.54,131.99,13372402
2020-07-09 19:25:47,131.99,132.22,128.28,130.48,36933026
2020-07-10 19:25:47,130.48,134.16,128.65,131.54,39875512
2020-07-11 19:25:47,131.54,133.12,131.0,131.87,2180585
2020-07-12 19:25:47,131.87,135.32,131.85,134.76,46555842
2020-07-13 19:25:47,134.76,135.96,133.22,135.76,15641125
2020-07-14 19:25:47,135.76,136.62,133.92,135.94,47906603
2020-07-15 19:25:47,135.94,136.6,134.56,135.24,37196255
2020-07-16 19:25:47,135.24,136.24,130.03,132.44,37414226
2020-07-17 19:25:47,132.44,132.57,128.92,130.35,39202571
2020-07-18 19:25:47,130.35,133.67,127.77,132.43,39981147
2020-07-19 19:25:47,132.43,137.02,131.99,134.54,38560306
2020-07-20 19:25:47,134.54,136.31,134.47,136.22,44179419
2020-07-21 19:25:47,136.22,137.84,136.05,137.75,35180389
2020-07-22 19:25:47,137.75,138.91,137.07,138.55,2339612
2020-07-23 19:25:47,138.55,140.23,132.19,134.47,28151399
2020-07-24 19:25:47,134.47,135.49,131.16,131.71,35648796
2020-07-25 19:25:47,131.71,131.76,129.12,129.15,17346996
2020-07-26 19:25:47,129.15,133.18,128.07,132.7,6685931
2020-07-27 19:25:47,132.7,134.92,128.89,129.65,16186029
2020-07-28 19:25:47,129.65,130.69,127.29,130.26,19754688
2020-07-29 19:25:47,130.26,133.13,129.76,132.75,46848237
2020-07-30 19:25:47,132.75,137.75,132.52,136.34,6910824
2020-07-31 19:25:47,136.34,138.59,132.49,134.84,35214167
2020-08-01 19:25:47,134.84,136.24,132.75,135.75,3059933
2020-08-02 19:25:47,135.75,140.41,133.74,137.97,49813136
2020-08-03 19:25:47,137.97,141.6,135.47,140.3,40782105
2020-08-04 19:25:47,140.3,142.62,139.16,141.81,6053104
2020-08-05 19:25:47,141.81,143.75,141.25,142.57,15101681
2020-08-06 19:25:47,142.57,143.43,138.64,141.46,34610250
2020-08-07 19:25:47,141.46,142.82,135.8,138.48,17593005
2020-08-08 19:25:47,138.48,138.95,135.73,135.82,41492636
2020-08-09 19:25:47,135.82,136.27,132.4,133.71,17122591
2020-08-10 19:25:47,133.71,134.61,132.87,133.67,38134810
2020-08-11 19:25:47,133.67,138.66,131.37,136.42,32786057
2020-08-12 19:25:47,136.42,139.13,135.54,135.66,15439172
2020-08-13 19:25:47,135.66,140.23,135.56,138.98,1625566
2020-08-14 19:25:47,138.98,141.37,136.37,140.65,12959804
2020-08-15 19:25:47,140.65,143.64,138.91,142.65,8721859
2020-08-16 19:25:47,142.65,144.56,141.0,141.96,28030266
2020-08-17 19:25:47,141.96,144.47,139.2,139.86,13003400
2020-08-18 19:25:47,139.86,140.1,137.66,138.84,33261927
2020-08-19 19:25:47,138.84,139.96,136.5,138.01,13689859
2020-08-20 19:25:47,138.01,142.95,136.75,141.54,40501870
2020-08-21 19:25:47,141.54,142.98,140.18,140.49,40959692
2020-08-22 19:25:47,140.49,142.97,139.36,142.07,27605208
2020-08-23 19:25:47,142.07,145.99,141.5,143.33,12737135
2020-08-24 19:25:47,143.33,146.54,141.41,144.04,6095936
2020-08-25 19:25:47,144.04,146.88,142.4,143.16,9327984
2020-08-26 19:25:47,143.16,143.84,138.47,141.02,40743774
2020-08-27 19:25:47,141.02,141.68,135.9,137.51,42115088
2020-08-28 19:25:47,137.51,142.74,135.04,141.31,42786534
2020-08-29 19:25:47,141.31,143.64,138.02,140.72,31959812
2020-08-30 19:25:47,140.72,142.38,137.95,142.19,40252474
2020-08-31 19:25:47,142.19,143.59,138.73,139.24,26533423
2020-09-01 19:25:47,139.24,139.61,136.72,137.89,19248207
2020-09-02 19:25:47,137.89,141.79,136.96,139.7,7558111
2020-09-03 19:25:47,139.7,140.17,137.87,138.46,38743818
2020-09-04 19:25:47,138.46,138.55,134.26,136.95,3420185
2020-09-05 19:25:47,136.95,141.42,136.62,139.65,29491477
2020-09-06 19:25:47,139.65,141.75,137.89,138.69,43380625
2020-09-07 19:25:47,138.69,140.04,135.82,137.13,14360240
2020-09-08 19:25:47,137.13,140.83,136.61,138.42,22782652
2020-09-09 19:25:47,138.42,140.78,134.08,135.08,6334436
2020-09-10 19:25:47,135.08,136.0,129.55,131.37,45115541
2020-09-11 19:25:47,131.37,131.64,127.36,128.25,7326062
2020-09-12 19:25:47,128.25,133.17,127.38,130.72,5477595
2020-09-13 19:25:47,130.72,134.43,128.25,134.08,39476994
2020-09-14 19:25:47,134.08,136.02,130.24,132.86,9932338
2020-09-15 19:25:47,132.86,134.5,130.02,132.34,2235599
2020-09-16 19:25:47,132.34,134.2,129.36,131.96,10874104
2020-09-17 19:25:47,131.96,136.97,129.65,135.77,8761216
2020-09-18 19:25:47,135.77,137.42,135.17,135.18,46408975
2020-09-19 19:25:47,135.18,136.17,133.07,133.68,45899519
2020-09-20 19:25:47,133.68,134.42,131.23,133.6,5105267
2020-09-21 19:25:47,133.6,135.43,131.9,132.15,45047859
2020-09-22 19:25:47,132.15,135.12,129.84,133.25,41648992
2020-09-23 19:25:47,133.25,136.19,131.64,134.1,3525328
2020-09-24 19:25:47,134.1,137.5,132.24,137.27,38194378
2020-09-25 19:25:47,137.27,141.14,134.95,140.81,9679518
2020-09-26 19:25:47,140.81,145.43,140.64,144.76,16026804
2020-09-27 19:25:47,144.76,147.92,143.05,145.76,6715175
2020-09-28 19:25:47,145.76,147.47,141.62,144.29,34935290
2020-09-29 19:25:47,144.29,145.26,140.79,142.38,13051183
2020-09-30 19:25:47,142.38,143.45,141.96,142.55,23771639
2020-10-01 19:25:47,142.55,142.66,139.57,142.4,37394771
2020-10-02 19:25:47,142.4,146.68,140.07,146.67,18052397
2020-10-03 19:25:47,146.67,148.68,142.5,142.5,25502989
2020-10-04 19:25:47,142.5,143.02,140.52,142.38,12590799
2020-10-05 19:25:47,142.38,143.84,139.22,141.85,34865437
2020-10-06 19:25:47,141.85,143.78,139.74,140.23,34884917
2020-10-07 19:25:47,140.23,142.12,137.84,137.98,4604679
2020-10-08 19:25:47,137.98,140.38,133.55,134.44,5207606
2020-10-09 19:25:47,134.44,137.48,133.77,137.1,39372155
2020-10-10 19:25:47,137.1,139.24,134.09,135.37,49516093
2020-10-11 19:25:47,135.37,137.94,134.43,134.89,7153730
2020-10-12 19:25:47,134.89,139.37,134.27,137.9,36352111
2020-10-13 19:25:47,137.9,141.34,135.32,140.74,30543820
2020-10-14 19:25:47,140.74,142.94,137.66,138.83,21122522
2020-10-15 19:25:47,138.83,139.85,135.87,136.64,48030495
2020-10-16 19:25:47,136.64,140.2,136.23,137.76,18148118
2020-10-17 19:25:47,137.76,142.39,136.75,139.77,33413983
2020-10-18 19:25:47,139.77,143.43,138.51,142.48,30850325
2020-10-19 19:25:47,142.48,145.1,137.99,139.03,48959976
2020-10-20 19:25:47,139.03,141.16,136.64,140.9,7979445
2020-10-21 19:25:47,140.9,145.39,139.01,143.89,5318584
2020-10-22 19:25:47,143.89,147.9,143.86,147.05,20896771
2020-10-23 19:25:47,147.05,151.98,147.03,150.55,5109839
2020-10-24 19:25:47,150.55,151.2,146.02,146.28,12056857
2020-10-25 19:25:47,146.28,148.45,144.04,145.25,2557719
2020-10-26 19:25:47,145.25,149.02,143.65,147.73,48730822
2020-10-27 19:25:47,147.73,149.54,142.13,143.41,42546884
2020-10-28 19:25:47,143.41,147.33,142.3,145.05,2858292
2020-10-29 19:25:47,145.05,147.67,142.02,142.34,7616541
2020-10-30 19:25:47,142.34,145.12,141.07,142.48,32535022
2020-10-31 19:25:47,142.48,146.45,141.34,145.81,48900969
2020-11-01 19:25:47,145.81,148.71,140.78,143.42,32742061
2020-11-02 19:25:47,143.42,145.29,142.45,145.1,30441912
2020-11-03 19:25:47,145.1,150.11,144.52,147.28,3605654
2020-11-04 19:25:47,147.28,148.07,144.51,145.28,8513248
2020-11-05 19:25:47,145.28,145.96,140.69,142.91,7917674
2020-11-06 19:25:47,142.91,145.24,142.23,143.35,24487567
2020-11-07 19:25:47,143.35,148.83,142.01,146.93,48004828
2020-11-08 19:25:47,146.93,149.19,143.01,144.67,8113149
2020-11-09 19:25:47,144.67,147.47,139.93,142.59,35653889
2020-11-10 19:25:47,142.59,144.0,139.83,143.19,44581804
2020-11-11 19:25:47,143.19,145.49,140.32,140.46,5754626
2020-11-12 19:25:47,140.46,143.85,137.87,143.16,21191222
2020-11-13 19:25:47,143.16,144.62,138.41,139.1,46107663
2020-11-14 19:25:47,139.1,143.0,137.14,140.61,6438132
2020-11-15 19:25:47,140.61,144.53,137.99,142.22,42005538
2020-11-16 19:25:47,142.22,143.78,137.29,139.61,10183576
2020-11-17 19:25:47,139.61,145.69,139.28,143.4,29587641
2020-11-18 19:25:47,143.4,146.24,142.15,145.85,27442639
2020-11-19 19:25:47,145.85,148.02,141.76,142.16,27827432
2020-11-20 19:25:47,142.16,146.12,139.95,146.11,7110657
2020-11-21 19:25:47,146.11,147.64,141.14,142.39,15241582
2020-11-22 19:25:47,142.39,144.48,139.47,141.24,49397049
2020-11-23 19:25:47,141.24,142.29,141.02,141.07,43156267
2020-11-24 19:25:47,141.07,143.15,138.73,142.44,10436788
2020-11-25 19:25:47,142.44,147.96,140.3,146.18,4605659
2020-11-26 19:25:47,146.18,152.1,144.58,150.47,5909249
2020-11-27 19:25:47,150.47,155.51,150.24,154.44,16895790
2020-11-28 19:25:47,154.44,155.88,151.9,154.52,3669824
2020-11-29 19:25:47,154.52,159.05,151.43,157.35,47960658
2020-11-30 19:25:47,157.35,158.59,153.36,153.55,3889134
2020-12-01 19:25:47,153.55,154.09,150.82,152.52,19750940
2020-12-02 19:25:47,152.52,153.83,149.98,151.9,33896302
2020-12-03 19:25:47,151.9,153.65,147.96,148.36,20705825
2020-12-04 19:25:47,148.36,148.89,144.58,144.78,38046215
2020-12-05 19:25:47,144.78,145.27,138.81,141.4,10827772
2020-12-06 19:25:47,141.4,144.06,140.39,142.88,29512064
2020-12-07 19:25:47,142.88,143.24,136.65,139.04,29709457
2020-12-08 19:25:47,139.04,142.88,138.08,141.82,21249557
2020-12-09 19:25:47,141.82,144.46,139.64,143.03,28355683
2020-12-10 19:25:47,143.03,147.71,142.14,147.2,11320848
2020-12-11 19:25:47,147.2,149.78,140.84,143.28,34127315
2020-12-12 19:25:47,143.28,143.87,140.17,142.22,5721976
2020-12-13 19:25:47,142.22,148.5,139.51,145.8,9694520
2020-12-14 19:25:47,145.8,146.26,140.87,143.18,44927881
2020-12-15 19:25:47,143.18,144.57,137.95,140.05,48332910
2020-12-16 19:25:47,140.05,140.8,137.74,140.65,7185869
2020-12-17 19:25:47,140.65,143.41,134.87,136.53,32168307
2020-12-18 19:25:47,136.53,137.26,130.8,132.52,10707275
2020-12-19 19:25:47,132.52,133.91,129.9,132.71,47109597
2020-12-20 19:25:47,132.71,135.78,130.2,134.71,46919627
2020-12-21 19:25:47,134.71,138.66,133.15,136.84,7781939
2020-12-22 19:25:47,136.84,137.19,133.53,134.17,19554571
2020-12-23 19:25:47,134.17,137.43,132.97,134.9,29312191
2020-12-24 19:25:47,134.9,137.34,130.31,132.67,7907066
2020-12-25 19:25:47,132.67,135.21,129.82,130.59,27950930
2020-12-26 19:25:47,130.59,134.16,130.35,131.81,41505065
2020-12-27 19:25:47,131.81,135.6,131.14,133.86,39463457
2020-12-28 19:25:47,133.86,135.07,128.7,129.96,32241566
2020-12-29 19:25:47,129.96,133.2,128.69,131.69,17530295
2020-12-30 19:25:47,131.69,133.44,126.71,127.91,29163922
2020-12-31 19:25:47,127.91,132.58,127.84,130.94,38212021
2021-01-01 19:25:47,130.94,133.43,128.27,129.09,23159241
2021-01-02 19:25:47,129.09,133.17,127.6,130.67,24330101
2021-01-03 19:25:47,130.67,132.33,127.82,129.14,34385817
2021-01-04 19:25:47,129.14,133.12,127.81,131.11,41664665
2021-01-05 19:25:47,131.11,133.65,128.35,128.55,47196035
2021-01-06 19:25:47,128.55,130.13,128.22,128.42,22106337
2021-01-07 19:25:47,128.42,132.04,127.75,130.84,44073240
2021-01-08 19:25:47,130.84,132.74,130.09,131.42,11506479
2021-01-09 19:25:47,131.42,135.87,130.22,133.87,41147597
2021-01-10 19:25:47,133.87,134.05,132.14,133.85,38290841
2021-01-11 19:25:47,133.85,133.98,132.74,132.75,48967961
2021-01-12 19:25:47,132.75,134.25,131.4,132.37,34748145
2021-01-13 19:25:47,132.37,133.4,127.58,128.76,40981349
2021-01-14 19:25:47,128.76,130.25,127.33,128.06,39012091
2021-01-15 19:25:47,128.06,129.88,127.87,127.97,35490546
2021-01-16 19:25:47,127.97,130.22,123.86,125.11,15780885
2021-01-17 19:25:47,125.11,127.24,124.04,126.27,45540250
2021-01-18 19:25:47,126.27,128.31,123.06,124.0,47229353
2021-01-19 19:25:47,124.0,125.58,121.52,122.1,22781499
2021-01-20 19:25:47,122.1,123.86,121.11,121.49,5816183
2021-01-21 19:25:47,121.49,123.39,120.08,123.3,30527633
2021-01-22 19:25:47,123.3,125.95,121.08,124.41,10966879
2021-01-23 19:25:47,124.41,124.86,123.95,124.31,44864859
2021-01-24 19:25:47,124.31,126.75,123.42,126.13,33828816
2021-01-25 19:25:47,126.13,129.17,124.62,128.1,22430971
2021-01-26 19:25:47,128.1,133.91,126.56,131.75,6474107
2021-01-27 19:25:47,131.75,134.65,130.16,133.94,42885227
2021-01-28 19:25:47,133.94,135.29,130.64,133.25,44326384
2021-01-29 19:25:47,133.25,134.83,128.5,130.99,5615891
2021-01-30 19:25:47,130.99,133.27,125.49,127.74,3307321
2021-01-31 19:25:47,127.74,132.06,125.82,129.89,16186985
2021-02-01 19:25:47,129.89,131.12,124.32,126.13,34091118
2021-02-02 19:25:47,126.13,129.79,125.24,129.56,38698545
2021-02-03 19:25:47,129.56,131.12,125.96,127.02,20239241
2021-02-04 19:25:47,127.02,130.73,126.88,128.4,27006181
2021-02-05 19:25:47,128.4,131.98,128.23,129.55,23351871
2021-02-06 19:25:47,129.55,129.58,124.29,125.95,48393040
2021-02-07 19:25:47,125.95,128.29,122.77,124.93,32916896
2021-02-08 19:25:47,124.93,125.48,122.79,123.37,8636561
2021-02-09 19:25:47,123.37,124.15,121.19,123.33,1427902
2021-02-10 19:25:47,123.33,127.19,122.86,126.0,22397730
2021-02-11 19:25:47,126.0,126.28,121.29,123.03,40211023
2021-02-12 19:25:47,123.03,124.81,117.81,119.67,23247293
2021-02-13 19:25:47,119.67,121.82,118.72,120.26,6878274
2021-02-14 19:25:47,120.26,124.51,119.05,122.48,37062482
2021-02-15 19:25:47,122.48,124.05,118.89,119.88,16514029
2021-02-16 19:25:47,119.88,123.18,118.04,122.53,3810788
2021-02-17 19:25:47,122.53,126.39,122.28,125.66,4753110
2021-02-18 19:25:47,125.66,128.79,124.24,128.63,12317257
2021-02-19 19:25:47,128.63,131.67,128.33,131.5,13482239
2021-02-20 19:25:47,131.5,134.9,130.91,133.11,40775477
2021-02-21 19:25:47,133.11,138.89,131.39,136.56,3942895
2021-02-22 19:25:47,136.56,136.85,134.1,136.73,36253716
2021-02-23 19:25:47,136.73,140.6,135.28,138.85,47372912
2021-02-24 19:25:47,138.85,141.12,133.88,135.87,27990970
2021-02-25 19:25:47,135.87,138.2,135.51,136.46,37321055
2021-02-26 19:25:47,136.46,139.01,135.35,136.43,23604297
2021-02-27 19:25:47,136.43,138.33,136.33,136.7,5004665
2021-02-28 19:25:47,136.7,139.11,134.22,138.07,45208574
2021-03-01 19:25:47,138.07,140.65,136.38,139.35,48533637
2021-03-02 19:25:47,139.35,140.78,135.81,137.35,10995236
2021-03-03 19:25:47,137.35,139.22,134.12,134.45,40549038
2021-03-04 19:25:47,134.45,134.52,131.26,132.64,26511565
2021-03-05 19:25:47,132.64,132.83,131.17,132.18,40838386
2021-03-06 19:25:47,132.18,134.38,128.5,129.28,11885733
2021-03-07 19:25:47,129.28,129.9,127.11,128.71,3307196
2021-03-08 19:25:47,128.71,134.38,127.67,132.38,26793020
2021-03-09 19:25:47,132.38,134.52,131.05,134.4,35863791
2021-03-10 19:25:47,134.4,135.57,133.22,135.16,40446095
2021-03-11 19:25:47,135.16,138.89,134.51,136.18,41497165
2021-03-12 19:25:47,136.18,138.15,133.43,135.59,2539018
2021-03-13 19:25:47,135.59,135.69,133.57,133.83,18705753
2021-03-14 19:25:47,133.83,138.71,132.99,137.77,38486182
2021-03-15 19:25:47,137.77,138.07,135.86,136.95,19334667
2021-03-16 19:25:47,136.95,137.59,133.58,134.65,37868030
2021-03-17 19:25:47,134.65,135.67,130.76,131.39,31257802
2021-03-18 19:25:47,131.39,136.11,130.89,134.9,9148861
2021-03-19 19:25:47,134.9,138.33,132.65,136.07,7531316
2021-03-20 19:25:47,136.07,141.43,134.28,139.98,48486848
2021-03-21 19:25:47,139.98,141.22,137.68,141.22,38300461
2021-03-22 19:25:47,141.22,143.29,140.12,141.48,21750806
2021-03-23 19:25:47,141.48,142.57,139.82,140.82,40019978
2021-03-24 19:25:47,140.82,141.29,136.83,138.97,49183874
2021-03-25 19:25:47,138.97,145.11,138.9,142.47,30152029
2021-03-26 19:25:47,142.47,145.01,140.6,142.81,25762375
2021-03-27 19:25:47,142.81,142.82,140.33,142.11,46603128
2021-03-28 19:25:47,142.11,143.89,138.83,140.36,40571365
2021-03-29 19:25:47,140.36,144.5,139.03,142.63,37655775
2021-03-30 19:25:47,142.63,149.14,141.34,146.58,31987265
2021-03-31 19:25:47,146.58,146.96,140.33,142.54,6864410
2021-04-01 19:25:47,142.54,147.02,140.47,144.37,7965394
2021-04-02 19:25:47,144.37,150.26,142.18,147.71,3906182
2021-04-03 19:25:47,147.71,151.18,147.66,149.56,42034955
2021-04-04 19:25:47,149.56,153.06,148.87,151.1,25366883
2021-04-05 19:25:47,151.1,156.09,149.61,153.82,11756708
2021-04-06 19:25:47,153.82,160.28,153.36,157.82,4238266
2021-04-07 19:25:47,157.82,162.76,154.74,161.91,3965775
2021-04-08 19:25:47,161.91,163.86,159.71,161.27,45483108
2021-04-09 19:25:47,161.27,165.13,159.79,163.9,32373419
2021-04-10 19:25:47,163.9,171.6,161.91,168.58,36368502
2021-04-11 19:25:47,168.58,169.91,162.99,164.83,45776436
2021-04-12 19:25:47,164.83,168.63,162.27,166.12,30292274
2021-04-13 19:25:47,166.12,169.77,165.56,168.54,10167011
2021-04-14 19:25:47,168.54,171.38,164.99,166.2,15309073
2021-04-15 19:25:47,166.2,167.38,161.51,162.27,12086893
2021-04-16 19:25:47,162.27,163.6,158.47,160.18,46489289
2021-04-17 19:25:47,160.18,162.58,158.06,159.66,18541515
2021-04-18 19:25:47,159.66,164.28,158.17,161.92,18732852
2021-04-19 19:25:47,161.92,166.46,161.62,166.3,5037189
2021-04-20 19:25:47,166.3,167.62,159.97,162.81,20870627
2021-04-21 19:25:47,162.81,163.35,160.66,162.57,7586202
2021-04-22 19:25:47,162.57,165.71,158.79,159.1,40961291
2021-04-23 19:25:47,159.1,160.45,154.16,155.17,25766418
2021-04-24 19:25:47,155.17,160.1,152.39,158.91,48623392
2021-04-25 19:25:47,158.91,166.34,156.97,163.57,16807198
2021-04-26 19:25:47,163.57,164.49,162.47,164.09,28835695
2021-04-27 19:25:47,164.09,164.98,163.46,163.48,44064389
2021-04-28 19:25:47,163.48,164.36,160.17,162.45,7792275
2021-04-29 19:25:47,162.45,164.76,156.24,158.27,29388369
2021-04-30 19:25:47,158.27,163.93,156.63,162.19,29200915
2021-05-01 19:25:47,162.19,165.38,159.38,159.57,17844582
2021-05-02 19:25:47,159.57,162.85,157.4,162.1,15170810
2021-05-03 19:25:47,162.1,162.58,157.48,158.31,3993038
2021-05-04 19:25:47,158.31,161.4,156.73,159.56,35846250
2021-05-05 19:25:47,159.56,165.23,158.47,163.38,26140062
2021-05-06 19:25:47,163.38,165.94,162.0,162.33,25939044
2021-05-07 19:25:47,162.33,163.39,157.0,158.7,23518524
2021-05-08 19:25:47,158.7,165.12,156.75,163.22,39220858
2021-05-09 19:25:47,163.22,163.81,155.37,158.35,27985206
2021-05-10 19:25:47,158.35,158.82,154.9,156.6,46670466
2021-05-11 19:25:47,156.6,160.68,154.83,158.72,13539992
2021-05-12 19:25:47,158.72,161.08,155.91,157.02,32909690
2021-05-13 19:25:47,157.02,159.99,154.83,157.35,22952149
2021-05-14 19:25:47,157.35,160.02,154.6,155.9,29374397
2021-05-15 19:25:47,155.9,158.06,153.27,157.32,33278446
2021-05-16 19:25:47,157.32,162.15,157.08,160.0,38268862
2021-05-17 19:25:47,160.0,165.62,159.89,163.24,44241498
2021-05-18 19:25:47,163.24,167.56,160.21,167.48,12298376
2021-05-19 19:25:47,167.48,170.7,166.64,170.14,40029941
2021-05-20 19:25:47,170.14,172.04,170.0,170.0,44370984
2021-05-21 19:25:47,170.0,173.12,167.81,170.13,29718176
2021-05-22 19:25:47,170.13,170.78,165.54,167.26,1604436
2021-05-23 19:25:47,167.26,170.81,164.18,167.94,22903977
2021-05-24 19:25:47,167.94,172.73,164.68,172.21,10956421
2021-05-25 19:25:47,172.21,179.28,169.84,175.96,22986759
2021-05-26 19:25:47,175.96,178.74,172.75,172.82,38237351
2021-05-27 19:25:47,172.82,176.46,172.37,173.49,33545832
2021-05-28 19:25:47,173.49,175.94,172.38,175.6,41623124
2021-05-29 19:25:47,175.6,177.78,170.83,173.21,43589549
2021-05-30 19:25:47,173.21,174.32,168.91,170.86,25640457
2021-05-31 19:25:47,170.86,172.49,165.53,167.5,30320896
2021-06-01 19:25:47,167.5,169.43,166.19,166.63,11168620
2021-06-02 19:25:47,166.63,169.3,162.31,163.46,29514332
2021-06-03 19:25:47,163.46,166.78,161.28,166.4,31481813
2021-06-04 19:25:47,166.4,166.86,159.86,162.98,34599068
2021-06-05 19:25:47,162.98,164.6,159.92,163.49,10424400
2021-06-06 19:25:47,163.49,165.91,162.05,164.51,38843976
2021-06-07 19:25:47,164.51,168.14,162.99,166.17,36497712
2021-06-08 19:25:47,166.17,168.72,164.48,165.38,40037975
2021-06-09 19:25:47,165.38,167.62,165.06,166.04,1913942
2021-06-10 19:25:47,166.04,166.53,162.71,164.08,39672675
2021-06-11 19:25:47,164.08,167.29,159.85,162.16,40702355
2021-06-12 19:25:47,162.16,163.57,156.6,159.23,29784686
2021-06-13 19:25:47,159.23,165.94,158.9,163.43,12660913
2021-06-14 19:25:47,163.43,168.25,160.56,166.0,38296153
2021-06-15 19:25:47,166.0,170.12,164.63,167.49,40905924
2021-06-16 19:25:47,167.49,168.16,164.37,167.7,8586833
2021-06-17 19:25:47,167.7,169.25,161.62,162.89,9915326
2021-06-18 19:25:47,162.89,163.23,162.49,163.1,20661331
2021-06-19 19:25:47,163.1,166.15,162.19,165.71,39149167
2021-06-20 19:25:47,165.71,166.98,159.4,162.41,25783902
2021-06-21 19:25:47,162.41,167.61,161.71,164.75,26253269
2021-06-22 19:25:47,164.75,171.38,164.13,169.06,14935863
2021-06-23 19:25:47,169.06,170.63,168.82,169.18,22249108
2021-06-24 19:25:47,169.18,173.57,166.57,170.59,43439283
2021-06-25 19:25:47,170.59,173.11,169.13,172.91,31495370
2021-06-26 19:25:47,172.91,178.01,171.44,175.71,47527385
2021-06-27 19:25:47,175.71,177.97,169.81,172.4,39213872
2021-06-28 19:25:47,172.4,176.62,169.52,174.97,9745720
2021-06-29 19:25:47,174.97,179.78,174.33,176.73,40382202
2021-06-30 19:25:47,176.73,182.95,175.47,181.38,21309845
2021-07-01 19:25:47,181.38,183.11,174.25,176.76,12524658
2021-07-02 19:25:47,176.76,182.49,176.5,181.27,6259012
2021-07-03 19:25:47,181.27,187.41,178.98,186.53,5537576
2021-07-04 19:25:47,186.53,186.93,185.69,186.18,3515126
2021-07-05 19:25:47,186.18,192.96,185.52,191.28,15955189
2021-07-06 19:25:47,191.28,193.42,186.77,189.15,41371954
2021-07-07 19:25:47,189.15,189.53,185.13,188.34,22011737
2021-07-08 19:25:47,188.34,189.74,184.93,185.14,25377355
2021-07-09 19:25:47,185.14,189.27,183.46,188.49,31081768
2021-07-10 19:25:47,188.49,188.78,185.55,185.84,33770397
2021-07-11 19:25:47,185.84,189.18,180.11,181.34,48431321
2021-07-12 19:25:47,181.34,183.43,175.84,178.64,13472247
2021-07-13 19:25:47,178.64,182.0,177.99,181.77,19997847
2021-07-14 19:25:47,181.77,186.47,180.46,184.76,17712065
2021-07-15 19:25:47,184.76,184.76,179.44,182.98,33788135
2021-07-16 19:25:47,182.98,185.23,182.81,184.8,35117053
2021-07-17 19:25:47,184.8,191.88,183.78,189.76,5841405
2021-07-18 19:25:47,189.76,193.28,186.62,192.33,40015713
2021-07-19 19:25:47,192.33,194.79,189.93,190.01,12423949
2021-07-20 19:25:47,190.01,195.05,189.21,193.53,25180743
2021-07-21 19:25:47,193.53,197.97,189.94,197.47,22447183
2021-07-22 19:25:47,197.47,203.23,196.92,199.94,36646654
2021-07-23 19:25:47,199.94,205.08,199.88,201.45,49594480
2021-07-24 19:25:47,201.45,203.28,200.97,201.99,38030016
2021-07-25 19:25:47,201.99,210.5,201.51,206.89,23628094
2021-07-26 19:25:47,206.89,212.62,205.34,211.75,20694493
2021-07-27 19:25:47,211.75,215.27,202.68,206.41,26734422
2021-07-28 19:25:47,206.41,208.94,205.25,208.3,3716430
2021-07-29 19:25:47,208.3,209.47,204.0,204.26,40863697
2021-07-30 19:25:47,204.26,206.04,198.34,199.61,2607069
2021-07-31 19:25:47,199.61,199.79,192.1,194.99,39060321
2021-08-01 19:25:47,194.99,197.12,190.16,191.08,38776612
2021-08-02 19:25:47,191.08,196.99,189.63,195.77,32671870
2021-08-03 19:25:47,195.77,202.12,192.18,199.87,36961966
2021-08-04 19:25:47,199.87,208.61,198.99,205.76,38323772
2021-08-05 19:25:47,205.76,206.28,197.32,201.13,27007582
2021-08-06 19:25:47,201.13,204.08,197.62,200.05,26407193
2021-08-07 19:25:47,200.05,206.2,198.87,205.25,46077195
2021-08-08 19:25:47,205.25,207.13,201.64,206.87,38416977
2021-08-09 19:25:47,206.87,212.07,206.81,208.03,31021707
2021-08-10 19:25:47,208.03,210.38,204.33,204.66,45195623
2021-08-11 19:25:47,204.66,207.73,197.34,201.21,18619769
2021-08-12 19:25:47,201.21,204.31,193.29,195.26,32785829
2021-08-13 19:25:47,195.26,198.34,189.73,191.12,39264445
2021-08-14 19:25:47,191.12,195.04,188.42,193.22,33369802
2021-08-15 19:25:47,193.22,195.13,185.81,188.1,44474782
2021-08-16 19:25:47,188.1,191.72,181.49,182.65,9187937
2021-08-17 19:25:47,182.65,191.32,179.06,188.08,28433100
2021-08-18 19:25:47,188.08,189.5,184.89,186.5,11862545
2021-08-19 19:25:47,186.5,190.82,184.7,190.45,29481168
2021-08-20 19:25:47,190.45,194.04,189.46,191.1,7251881
2021-08-21 19:25:47,191.1,192.66,187.01,190.02,44955947
2021-08-22 19:25:47,190.02,194.38,186.58,192.42,43815356
2021-08-23 19:25:47,192.42,193.79,190.35,193.76,3039336
2021-08-24 19:25:47,193.76,196.07,187.64,189.82,49553804
2021-08-25 19:25:47,189.82,190.13,182.33,184.95,12458712
2021-08-26 19:25:47,184.95,185.21,183.82,183.85,19211584
2021-08-27 19:25:47,183.85,185.11,180.74,183.38,4137622
2021-08-28 19:25:47,183.38,185.32,179.97,181.92,38730536
2021-08-29 19:25:47,181.92,185.07,181.69,183.46,46564937
2021-08-30 19:25:47,183.46,183.93,175.42,178.46,35865311
2021-08-31 19:25:47,178.46,181.97,172.12,173.42,34551169
2021-09-01 19:25:47,173.42,177.31,172.15,177.02,41075150
2021-09-02 19:25:47,177.02,180.14,172.02,173.09,28578621
2021-09-03 19:25:47,173.09,175.87,167.74,170.47,46335326
2021-09-04 19:25:47,170.47,175.17,167.77,172.33,1321269
2021-09-05 19:25:47,172.33,174.08,165.35,167.94,5891052
2021-09-06 19:25:47,167.94,174.25,165.05,172.55,7786748
2021-09-07 19:25:47,172.55,173.92,166.45,169.12,25882134
2021-09-08 19:25:47,169.12,171.52,168.22,169.74,33309386
2021-09-09 19:25:47,169.74,172.75,166.87,168.07,8741461
2021-09-10 19:25:47,168.07,172.01,165.82,170.26,7750504
2021-09-11 19:25:47,170.26,172.59,167.32,170.57,37809905
2021-09-12 19:25:47,170.57,172.13,164.49,166.65,23750552
2021-09-13 19:25:47,166.65,173.51,164.58,170.81,34979969
2021-09-14 19:25:47,170.81,174.36,170.32,171.52,14196269
2021-09-15 19:25:47,171.52,178.31,168.91,176.45,27791070
2021-09-16 19:25:47,176.45,179.97,172.67,175.06,15559045
2021-09-17 19:25:47,175.06,175.8,173.88,175.55,11216573
2021-09-18 19:25:47,175.55,180.75,172.42,179.82,2546265
2021-09-19 19:25:47,179.82,182.99,178.69,180.14,44584136
2021-09-20 19:25:47,180.14,183.57,177.32,182.24,25306884
2021-09-21 19:25:47,182.24,182.42,177.57,180.84,21304128
2021-09-22 19:25:47,180.84,185.66,179.61,184.4,17538078
2021-09-23 19:25:47,184.4,193.34,181.69,189.55,35983822
2021-09-24 19:25:47,189.55,193.05,187.45,192.43,35192711
2021-09-25 19:25:47,192.43,194.16,187.62,189.28,14805373
2021-09-26 19:25:47,189.28,190.7,185.13,188.15,31634506
2021-09-27 19:25:47,188.15,191.75,185.02,185.87,9648806
2021-09-28 19:25:47,185.87,190.92,185.84,190.84,11855687
2021-09-29 19:25:47,190.84,196.86,188.3,195.3,14803425
2021-09-30 19:25:47,195.3,200.88,191.81,197.28,34554192
2021-10-01 19:25:47,197.28,206.22,194.98,202.81,21469157
2021-10-02 19:25:47,202.81,205.7,194.25,198.07,18196079
2021-10-03 19:25:47,198.07,206.75,194.21,203.93,15392231
2021-10-04 19:25:47,203.93,207.84,198.5,202.37,24912529
2021-10-05 19:25:47,202.37,206.3,200.74,202.67,15007449
2021-10-06 19:25:47,202.67,204.7,196.01,197.13,29118944
2021-10-07 19:25:47,197.13,204.94,194.35,201.66,47431054
2021-10-08 19:25:47,201.66,209.2,199.99,205.88,44001316
2021-10-09 19:25:47,205.88,205.88,202.45,204.9,2530069
2021-10-10 19:25:47,204.9,205.33,200.09,200.78,22736288
2021-10-11 19:25:47,200.78,202.3,197.11,197.78,35384779
2021-10-12 19:25:47,197.78,203.2,194.96,202.58,34578231
2021-10-13 19:25:47,202.58,205.83,199.78,199.86,15194526
2021-10-14 19:25:47,199.86,200.8,195.82,199.3,27915793
2021-10-15 19:25:47,199.3,206.71,199.19,204.6,42232212
2021-10-16 19:25:47,204.6,205.18,199.83,201.33,17766273
2021-10-17 19:25:47,201.33,204.8,198.13,201.33,19468606
2021-10-18 19:25:47,201.33,204.49,193.85,197.66,10692768
2021-10-19 19:25:47,197.66,198.47,195.92,197.39,29917006
2021-10-20 19:25:47,197.39,202.98,193.75,201.27,11782378
2021-10-21 19:25:47,201.27,209.14,199.51,206.76,15125741
2021-10-22 19:25:47,206.76,209.1,204.19,207.81,25723299
2021-10-23 19:25:47,207.81,210.11,205.81,208.6,35507562
2021-10-24 19:25:47,208.6,210.39,203.17,205.86,7190097
2021-10-25 19:25:47,205.86,209.4,204.34,205.47,45761347
2021-10-26 19:25:47,205.47,207.66,198.59,201.5,34628073
2021-10-27 19:25:47,201.5,206.18,200.76,205.56,3742693
2021-10-28 19:25:47,205.56,209.34,198.81,199.96,43561863
2021-10-29 19:25:47,199.96,203.12,198.33,202.14,14133549
2021-10-30 19:25:47,202.14,204.05,198.59,201.39,35752069
2021-10-31 19:25:47,201.39,208.28,201.12,206.28,17006542
2021-11-01 19:25:47,206.28,206.69,204.46,206.6,3990391
2021-11-02 19:25:47,206.6,211.79,206.24,211.23,14828570
2021-11-03 19:25:47,211.23,212.01,202.71,206.83,12300680
2021-11-04 19:25:47,206.83,211.52,204.24,209.39,36173569
2021-11-05 19:25:47,209.39,213.31,204.85,206.96,16317984
2021-11-06 19:25:47,206.96,208.23,203.76,203.78,47764391
2021-11-07 19:25:47,203.78,204.36,201.19,204.24,13653270
2021-11-08 19:25:47,204.24,211.53,201.0,208.24,9756706
2021-11-09 19:25:47,208.24,210.43,204.13,210.38,8865528
2021-11-10 19:25:47,210.38,211.46,204.97,208.58,4802018
2021-11-11 19:25:47,208.58,211.22,204.41,206.14,11339435
2021-11-12 19:25:47,206.14,212.02,202.21,210.52,13339126
2021-11-13 19:25:47,210.52,213.72,203.02,206.44,23968679
2021-11-14 19:25:47,206.44,211.13,202.53,207.3,27532751
2021-11-15 19:25:47,207.3,211.25,207.22,209.64,15939572
2021-11-16 19:25:47,209.64,217.97,205.81,215.55,19040827
2021-11-17 19:25:47,215.55,220.73,212.9,218.27,28872351
2021-11-18 19:25:47,218.27,222.31,209.75,213.44,48745615
2021-11-19 19:25:47,213.44,213.84,211.54,211.83,15587188
2021-11-20 19:25:47,211.83,215.81,210.3,211.38,49410213
2021-11-21 19:25:47,211.38,214.06,203.29,205.84,12414183
2021-11-22 19:25:47,205.84,211.55,203.84,207.93,47854088
2021-11-23 19:25:47,207.93,212.09,200.47,202.4,35066853
2021-11-24 19:25:47,202.4,204.1,199.52,202.68,34548744
2021-11-25 19:25:47,202.68,203.5,197.09,197.61,43483870
2021-11-26 19:25:47,197.61,200.21,193.5,197.14,38197182
2021-11-27 19:25:47,197.14,200.53,194.43,195.49,28804935
2021-11-28 19:25:47,195.49,199.2,192.15,198.44,41914155
2021-11-29 19:25:47,198.44,207.43,196.65,203.8,32351228
2021-11-30 19:25:47,203.8,204.67,199.43,202.09,32758389
2021-12-01 19:25:47,202.09,210.48,201.13,206.43,28252920
2021-12-02 19:25:47,206.43,208.15,203.04,203.28,25528831
2021-12-03 19:25:47,203.28,204.21,203.02,204.03,14656535
2021-12-04 19:25:47,204.03,206.83,200.91,203.15,1533032
2021-12-05 19:25:47,203.15,206.9,201.33,203.28,41426824
2021-12-06 19:25:47,203.28,205.11,197.99,200.9,6721356
2021-12-07 19:25:47,200.9,205.76,199.35,203.8,3723733
2021-12-08 19:25:47,203.8,207.31,196.59,200.29,29708691
2021-12-09 19:25:47,200.29,206.94,198.08,206.01,1679360
2021-12-10 19:25:47,206.01,209.6,197.34,200.84,8620293
2021-12-11 19:25:47,200.84,202.25,191.99,194.88,25832545
2021-12-12 19:25:47,194.88,197.17,188.12,189.33,38894193
2021-12-13 19:25:47,189.33,191.17,183.45,186.0,18686491
2021-12-14 19:25:47,186.0,187.11,185.05,186.25,15283370
2021-12-15 19:25:47,186.25,189.06,185.84,188.35,21203108
2021-12-16 19:25:47,188.35,193.53,184.71,190.16,3285028
2021-12-17 19:25:47,190.16,198.57,187.93,195.04,20587283
2021-12-18 19:25:47,195.04,201.13,192.56,197.69,8700612
2021-12-19 19:25:47,197.69,203.92,196.6,201.86,22666409
2021-12-20 19:25:47,201.86,205.34,200.28,203.58,41734874
2021-12-21 19:25:47,203.58,207.26,200.31,202.89,36836934
2021-12-22 19:25:47,202.89,209.66,199.26,205.7,16236654
2021-12-23 19:25:47,205.7,207.2,203.49,204.73,45569593
2021-12-24 19:25:47,204.73,208.65,204.71,206.43,38961646
2021-12-25 19:25:47,206.43,211.27,204.96,210.27,3354087
2021-12-26 19:25:47,210.27,217.43,207.68,215.23,16853731
2021-12-27 19:25:47,215.23,216.63,209.98,211.11,21368157
2021-12-28 19:25:47,211.11,214.17,208.01,213.05,46179936
2021-12-29 19:25:47,213.05,216.56,208.81,213.36,31664337
2021-12-30 19:25:47,213.36,219.97,209.74,216.43,32331076
2021-12-31 19:25:47,216.43,219.72,211.16,211.18,48069107
2022-01-01 19:25:47,211.18,214.29,204.57,204.96,25778121
2022-01-02 19:25:47,204.96,209.86,204.25,206.92,8755658
2022-01-03 19:25:47,206.92,210.79,202.41,205.83,11126758
2022-01-04 19:25:47,205.83,211.51,203.07,209.8,33642041
2022-01-05 19:25:47,209.8,213.27,206.65,207.13,10061712
2022-01-06 19:25:47,207.13,214.7,203.39,211.46,49505089
2022-01-07 19:25:47,211.46,215.43,207.8,209.36,26696691
2022-01-08 19:25:47,209.36,210.23,203.19,205.6,22381247
2022-01-09 19:25:47,205.6,213.04,205.41,208.97,6960739
2022-01-10 19:25:47,208.97,213.74,206.84,210.43,45360006
2022-01-11 19:25:47,210.43,213.64,208.61,210.21,4382603
2022-01-12 19:25:47,210.21,213.71,206.36,210.04,13519091
2022-01-13 19:25:47,210.04,213.24,209.12,212.29,41373740
2022-01-14 19:25:47,212.29,213.19,208.46,210.12,47001247
2022-01-15 19:25:47,210.12,211.44,206.24,206.55,21402883
2022-01-16 19:25:47,206.55,207.65,199.5,200.67,45561727
2022-01-17 19:25:47,200.67,203.67,198.6,199.9,17447968
2022-01-18 19:25:47,199.9,201.12,193.84,195.61,47504305
2022-01-19 19:25:47,195.61,198.82,194.83,195.05,42733440
2022-01-20 19:25:47,195.05,197.35,187.98,191.66,7116248
2022-01-21 19:25:47,191.66,194.79,187.71,190.37,9096042
2022-01-22 19:25:47,190.37,193.51,187.02,191.87,4745276
2022-01-23 19:25:47,191.87,194.06,186.78,190.53,22864454
2022-01-24 19:25:47,190.53,194.21,187.86,190.74,13156473
2022-01-25 19:25:47,190.74,194.22,189.34,192.12,24980331
2022-01-26 19:25:47,192.12,194.59,188.62,193.75,29829621
2022-01-27 19:25:47,193.75,198.35,191.29,198.33,15849965
2022-01-28 19:25:47,198.33,203.33,195.09,200.47,26452379
2022-01-29 19:25:47,200.47,201.72,195.7,197.6,17977208
2022-01-30 19:25:47,197.6,202.32,196.26,200.45,12664254
2022-01-31 19:25:47,200.45,203.77,194.51,197.82,49488294
2022-02-01 19:25:47,197.82,201.42,193.96,194.36,20237428
2022-02-02 19:25:47,194.36,195.59,192.95,193.99,17082719
2022-02-03 19:25:47,193.99,199.66,193.48,198.82,49989972
2022-02-04 19:25:47,198.82,200.2,193.17,193.34,19625497
2022-02-05 19:25:47,193.34,195.91,189.63,193.87,20799459
2022-02-06 19:25:47,193.87,195.99,193.7,194.05,16970116
2022-02-07 19:25:47,194.05,201.63,193.61,199.11,1338684
2022-02-08 19:25:47,199.11,204.46,199.06,202.79,27509505
2022-02-09 19:25:47,202.79,204.58,194.96,198.7,37045593
2022-02-10 19:25:47,198.7,204.45,195.14,204.05,32047180
2022-02-11 19:25:47,204.05,204.84,199.71,201.48,33607118
2022-02-12 19:25:47,201.48,209.19,200.49,205.56,32927813
2022-02-13 19:25:47,205.56,210.99,202.52,207.7,15980289
2022-02-14 19:25:47,207.7,212.3,203.96,209.19,36907272
2022-02-15 19:25:47,209.19,210.41,205.15,210.36,7125030
2022-02-16 19:25:47,210.36,213.42,205.16,209.08,45799449
2022-02-17 19:25:47,209.08,216.63,208.76,214.36,43218850
2022-02-18 19:25:47,214.36,220.17,210.91,219.18,27379851
2022-02-19 19:25:47,219.18,223.0,214.93,216.88,3575508
2022-02-20 19:25:47,216.88,222.26,212.92,222.22,32674291
2022-02-21 19:25:47,222.22,222.5,217.24,217.55,15225043
2022-02-22 19:25:47,217.55,225.3,213.28,221.29,23746370
2022-02-23 19:25:47,221.29,228.28,217.66,227.1,25028533
2022-02-24 19:25:47,227.1,231.26,222.37,225.57,45999593
2022-02-25 19:25:47,225.57,227.38,223.12,225.42,40754745
2022-02-26 19:25:47,225.42,229.71,223.23,224.26,1140518
2022-02-27 19:25:47,224.26,228.04,224.06,226.09,26436246
2022-02-28 19:25:47,226.09,227.12,222.76,223.8,29572282
2022-03-01 19:25:47,223.8,226.96,217.23,220.93,16648315
2022-03-02 19:25:47,220.93,222.23,218.11,221.11,35474989
2022-03-03 19:25:47,221.11,221.17,213.64,217.0,37730900
2022-03-04 19:25:47,217.0,223.73,214.16,220.85,36587504
2022-03-05 19:25:47,220.85,224.11,217.87,222.24,2962807
2022-03-06 19:25:47,222.24,223.66,219.71,221.81,20124684
2022-03-07 19:25:47,221.81,225.44,212.78,215.17,25422999
2022-03-08 19:25:47,215.17,220.07,214.83,218.53,27520263
2022-03-09 19:25:47,218.53,225.65,215.55,224.87,35770822
2022-03-10 19:25:47,224.87,227.86,224.67,225.5,5018655
2022-03-11 19:25:47,225.5,229.28,216.27,220.65,25940976
2022-03-12 19:25:47,220.65,227.15,216.66,223.09,32696619
2022-03-13 19:25:47,223.09,226.91,222.19,222.99,34492775
2022-03-14 19:25:47,222.99,231.24,222.21,228.28,20247478
2022-03-15 19:25:47,228.28,237.46,224.25,234.28,39363226
2022-03-16 19:25:47,234.28,235.27,229.62,234.67,42999867
2022-03-17 19:25:47,234.67,242.69,232.74,241.3,19188165
2022-03-18 19:25:47,241.3,249.8,239.12,248.04,32475695
2022-03-19 19:25:47,248.04,250.29,239.14,242.3,6780646
2022-03-20 19:25:47,242.3,246.06,232.78,237.15,8301575
2022-03-21 19:25:47,237.15,240.81,236.61,238.57,46689367
2022-03-22 19:25:47,238.57,239.78,228.96,231.64,15025516
2022-03-23 19:25:47,231.64,234.67,225.04,227.93,25950327
2022-03-24 19:25:47,227.93,234.2,226.15,230.86,39560257
2022-03-25 19:25:47,230.86,237.79,229.35,235.94,25862506
2022-03-26 19:25:47,235.94,237.18,231.87,236.89,40557941
2022-03-27 19:25:47,236.89,242.98,232.54,240.76,22493370
2022-03-28 19:25:47,240.76,244.48,234.74,235.31,35539965
2022-03-29 19:25:47,235.31,237.15,229.69,231.27,20430502
2022-03-30 19:25:47,231.27,231.78,223.64,224.35,3334379
2022-03-31 19:25:47,224.35,227.53,223.29,225.2,45172853
2022-04-01 19:25:47,225.2,228.97,220.68,223.79,34563596
2022-04-02 19:25:47,223.79,232.08,222.57,229.25,9922947
2022-04-03 19:25:47,229.25,232.62,222.06,223.9,25416322
2022-04-04 19:25:47,223.9,231.24,223.55,227.59,22225002
2022-04-05 19:25:47,227.59,230.09,219.19,222.5,16316752
2022-04-06 19:25:47,222.5,227.85,220.54,223.51,6202578
2022-04-07 19:25:47,223.51,227.08,222.82,224.72,22527162
2022-04-08 19:25:47,224.72,225.71,218.45,222.1,7282592
2022-04-09 19:25:47,222.1,225.87,218.15,218.59,9004921
2022-04-10 19:25:47,218.59,222.59,213.38,214.79,21559041
2022-04-11 19:25:47,214.79,219.56,213.62,215.69,8054714
2022-04-12 19:25:47,215.69,217.63,207.4,210.14,21106965
2022-04-13 19:25:47,210.14,212.8,208.58,211.01,28616627
2022-04-14 19:25:47,211.01,214.15,204.71,206.07,38457733
2022-04-15 19:25:47,206.07,209.16,205.13,206.56,12557630
2022-04-16 19:25:47,206.56,212.93,203.12,209.24,8451637
2022-04-17 19:25:47,209.24,209.36,205.14,207.71,40820107
2022-04-18 19:25:47,207.71,213.22,204.69,210.32,45898847
2022-04-19 19:25:47,210.32,211.4,205.73,209.37,14828997
2022-04-20 19:25:47,209.37,209.84,204.5,204.91,15676711
2022-04-21 19:25:47,204.91,206.36,203.95,204.85,15199867
2022-04-22 19:25:47,204.85,207.14,198.1,200.66,17190885
2022-04-23 19:25:47,200.66,205.47,199.54,202.57,42241296
2022-04-24 19:25:47,202.57,211.16,199.9,207.64,42503067
2022-04-25 19:25:47,207.64,210.77,207.47,210.17,18807653
2022-04-26 19:25:47,210.17,217.37,206.18,214.92,15846556
2022-04-27 19:25:47,214.92,217.4,214.78,215.4,40327079
2022-04-28 19:25:47,215.4,219.0,207.42,209.79,26602759
2022-04-29 19:25:47,209.79,211.54,205.43,206.73,14388102
2022-04-30 19:25:47,206.73,208.53,196.93,200.84,13548055
2022-05-01 19:25:47,200.84,203.51,194.96,195.44,13768273
2022-05-02 19:25:47,195.44,202.1,192.59,200.05,26049257
2022-05-03 19:25:47,200.05,208.76,198.3,205.94,22498552
2022-05-04 19:25:47,205.94,213.33,203.92,210.96,3474159
2022-05-05 19:25:47,210.96,211.62,202.94,207.07,36967435
2022-05-06 19:25:47,207.07,212.27,204.4,208.47,27066573
2022-05-07 19:25:47,208.47,211.36,201.77,204.36,13811548
2022-05-08 19:25:47,204.36,209.1,203.94,206.05,37860667
2022-05-09 19:25:47,206.05,206.36,201.12,205.09,13932293
2022-05-10 19:25:47,205.09,212.65,204.58,209.38,7932224
2022-05-11 19:25:47,209.38,212.75,200.96,204.56,42223688
2022-05-12 19:25:47,204.56,206.27,198.2,198.91,27423215
2022-05-13 19:25:47,198.91,203.1,196.11,201.09,41845456
2022-05-14 19:25:47,201.09,204.75,195.47,197.6,16944798
2022-05-15 19:25:47,197.6,198.41,188.93,192.43,23199668
2022-05-16 19:25:47,192.43,194.63,184.66,187.23,34820294
2022-05-17 19:25:47,187.23,191.1,183.71,188.95,41634988
2022-05-18 19:25:47,188.95,191.13,183.57,187.25,15864736
2022-05-19 19:25:47,187.25,192.74,184.67,192.21,29486097
2022-05-20 19:25:47,192.21,196.47,190.96,193.2,24313275
2022-05-21 19:25:47,193.2,193.76,187.95,191.13,8426999
2022-05-22 19:25:47,191.13,197.53,190.46,194.71,7688221
2022-05-23 19:25:47,194.71,195.14,189.34,192.61,7373661
2022-05-24 19:25:47,192.61,196.4,186.21,187.84,44614170
2022-05-25 19:25:47,187.84,195.51,184.53,192.73,21914656
2022-05-26 19:25:47,192.73,195.49,191.94,194.28,36843617
2022-05-27 19:25:47,194.28,197.35,191.78,193.14,20525176
2022-05-28 19:25:47,193.14,196.89,186.79,188.59,47993331
2022-05-29 19:25:47,188.59,192.49,188.29,190.45,49546740
2022-05-30 19:25:47,190.45,191.87,186.61,188.71,8914496
2022-05-31 19:25:47,188.71,196.38,186.69,192.73,20057794
2022-06-01 19:25:47,192.73,197.62,191.13,193.99,1556979
2022-06-02 19:25:47,193.99,197.25,191.45,197.02,8459090
2022-06-03 19:25:47,197.02,200.27,189.41,192.66,34745760
2022-06-04 19:25:47,192.66,193.98,187.78,189.83,10984473
2022-06-05 19:25:47,189.83,190.76,184.13,187.14,44967625
2022-06-06 19:25:47,187.14,187.81,184.93,187.36,22071341
2022-06-07 19:25:47,187.36,188.27,183.05,184.97,1166715
2022-06-08 19:25:47,184.97,187.44,178.12,180.39,29146715
2022-06-09 19:25:47,180.39,183.01,175.59,176.77,22887177
2022-06-10 19:25:47,176.77,179.35,174.04,175.1,16584282
2022-06-11 19:25:47,175.1,180.77,171.64,178.96,3149494
2022-06-12 19:25:47,178.96,182.48,175.41,178.72,14422196
2022-06-13 19:25:47,178.72,183.35,176.82,181.43,14859197
2022-06-14 19:25:47,181.43,181.45,174.95,176.06,3357420
2022-06-15 19:25:47,176.06,178.49,169.44,170.82,1844860
2022-06-16 19:25:47,170.82,176.0,170.15,173.2,1795195
2022-06-17 19:25:47,173.2,173.85,168.54,171.97,46982281
2022-06-18 19:25:47,171.97,172.66,165.46,168.06,17998843
2022-06-19 19:25:47,168.06,171.31,165.13,166.62,29502791
2022-06-20 19:25:47,166.62,167.33,164.41,165.2,34427509
2022-06-21 19:25:47,165.2,167.12,161.23,162.78,8217381
2022-06-22 19:25:47,162.78,163.44,160.22,162.78,3282813
2022-06-23 19:25:47,162.78,165.75,161.31,162.13,24786248
2022-06-24 19:25:47,162.13,164.19,158.35,158.58,9476891
2022-06-25 19:25:47,158.58,159.74,153.12,156.08,33590085
2022-06-26 19:25:47,156.08,158.98,152.52,155.57,42055205
2022-06-27 19:25:47,155.57,156.77,151.45,151.49,35688171
2022-06-28 19:25:47,151.49,153.17,149.63,152.14,27919538
2022-06-29 19:25:47,152.14,157.41,150.86,154.37,41855182
2022-06-30 19:25:47,154.37,156.12,153.56,155.29,35903073
2022-07-01 19:25:47,155.29,157.29,147.71,150.64,21462169
2022-07-02 19:25:47,150.64,151.41,146.19,148.52,42782828
2022-07-03 19:25:47,148.52,151.22,147.42,150.08,2204180
2022-07-04 19:25:47,150.08,153.84,149.04,152.91,10665836
2022-07-05 19:25:47,152.91,155.12,152.81,153.2,43774468
2022-07-06 19:25:47,153.2,158.8,151.76,157.51,34319266
2022-07-07 19:25:47,157.51,158.76,152.3,155.13,28974696
2022-07-08 19:25:47,155.13,160.56,153.52,158.63,23315768
2022-07-09 19:25:47,158.63,159.99,153.45,154.65,15543930
2022-07-10 19:25:47,154.65,155.9,150.85,152.08,33135505
2022-07-11 19:25:47,152.08,153.64,149.08,151.12,15034068
2022-07-12 19:25:47,151.12,152.22,149.55,151.75,14676281
2022-07-13 19:25:47,151.75,155.55,151.02,154.11,46815227
2022-07-14 19:25:47,154.11,155.67,151.85,153.97,31084088
2022-07-15 19:25:47,153.97,155.38,153.31,155.27,31763554
2022-07-16 19:25:47,155.27,158.84,155.13,156.38,37884463
2022-07-17 19:25:47,156.38,159.03,154.96,157.4,32059594
2022-07-18 19:25:47,157.4,159.34,153.27,156.12,34179423
2022-07-19 19:25:47,156.12,156.28,152.63,154.26,37105198
2022-07-20 19:25:47,154.26,154.92,151.33,153.1,21780604
2022-07-21 19:25:47,153.1,155.68,152.8,154.2,35633062
2022-07-22 19:25:47,154.2,155.43,151.05,152.89,17085454
2022-07-23 19:25:47,152.89,154.91,151.53,151.73,41209550
2022-07-24 19:25:47,151.73,152.86,147.06,148.52,20465982
2022-07-25 19:25:47,148.52,149.44,144.97,146.82,35705325
2022-07-26 19:25:47,146.82,149.17,141.47,143.32,26149624
2022-07-27 19:25:47,143.32,146.71,140.9,145.35,18710833
2022-07-28 19:25:47,145.35,146.73,142.5,146.38,2900148
2022-07-29 19:25:47,146.38,147.35,144.46,146.5,22583193
2022-07-30 19:25:47,146.5,150.18,146.11,149.34,34453507
2022-07-31 19:25:47,149.34,154.68,148.27,152.43,7395560
2022-08-01 19:25:47,152.43,153.25,145.95,148.56,3566926
2022-08-02 19:25:47,148.56,149.96,143.64,145.0,44346898
2022-08-03 19:25:47,145.0,147.96,144.23,145.81,15738062
2022-08-04 19:25:47,145.81,149.5,144.19,146.83,16944617
2022-08-05 19:25:47,146.83,147.66,144.78,145.11,14382069
2022-08-06 19:25:47,145.11,146.47,142.27,144.03,7809209
2022-08-07 19:25:47,144.03,146.91,141.22,142.1,26546436
2022-08-08 19:25:47,142.1,144.55,138.97,139.2,41484067
2022-08-09 19:25:47,139.2,142.75,139.02,142.31,31802032
2022-08-10 19:25:47,142.31,145.79,141.0,144.74,46294733
2022-08-11 19:25:47,144.74,150.29,144.4,148.98,2606151
2022-08-12 19:25:47,148.98,150.89,148.62,150.11,29500686
2022-08-13 19:25:47,150.11,155.84,149.2,154.26,45127592
2022-08-14 19:25:47,154.26,158.73,153.32,158.26,3374480
2022-08-15 19:25:47,158.26,158.7,155.27,156.34,23681271
2022-08-16 19:25:47,156.34,159.19,151.12,153.21,7028155
2022-08-17 19:25:47,153.21,158.3,151.12,155.29,11906716
2022-08-18 19:25:47,155.29,159.93,152.38,156.83,26522820
2022-08-19 19:25:47,156.83,160.71,154.11,159.47,27471638
2022-08-20 19:25:47,159.47,162.55,157.33,157.99,1792676
2022-08-21 19:25:47,157.99,162.81,156.24,162.46,4079579
2022-08-22 19:25:47,162.46,165.6,161.31,165.07,21513090
2022-08-23 19:25:47,165.07,167.0,158.77,161.49,14348294
2022-08-24 19:25:47,161.49,162.21,158.82,161.08,1275744
2022-08-25 19:25:47,161.08,161.47,156.35,159.5,33303083
2022-08-26 19:25:47,159.5,162.28,156.2,158.18,1031696
2022-08-27 19:25:47,158.18,161.23,156.56,160.08,19111435
2022-08-28 19:25:47,160.08,161.14,152.38,155.41,33065009
2022-08-29 19:25:47,155.41,159.94,155.05,158.26,44784736
2022-08-30 19:25:47,158.26,161.44,156.12,160.77,38635028
2022-08-31 19:25:47,160.77,162.77,156.19,159.27,47943585
2022-09-01 19:25:47,159.27,161.86,157.47,160.9,42151431
2022-09-02 19:25:47,160.9,161.0,157.54,159.27,41292588
2022-09-03 19:25:47,159.27,162.65,156.29,161.73,13700050
2022-09-04 19:25:47,161.73,162.35,159.16,160.77,32588365
2022-09-05 19:25:47,160.77,163.01,156.07,157.24,37671741
2022-09-06 19:25:47,157.24,159.46,153.08,153.1,43941367
2022-09-07 19:25:47,153.1,155.17,149.63,152.63,32381132
2022-09-08 19:25:47,152.63,156.95,152.17,156.42,6093051
2022-09-09 19:25:47,156.42,159.12,150.88,151.89,44763230
2022-09-10 19:25:47,151.89,155.52,151.17,154.1,14018697
2022-09-11 19:25:47,154.1,159.76,153.16,158.11,11901754
2022-09-12 19:25:47,158.11,160.82,156.56,157.57,19571817
2022-09-13 19:25:47,157.57,163.42,154.69,160.68,24879416
2022-09-14 19:25:47,160.68,163.13,155.72,156.03,26226530
2022-09-15 19:25:47,156.03,159.7,155.27,158.82,39121352
2022-09-16 19:25:47,158.82,161.01,153.9,155.02,8244804
2022-09-17 19:25:47,155.02,155.28,151.77,151.95,46400528
2022-09-18 19:25:47,151.95,152.16,150.13,151.26,23244711
2022-09-19 19:25:47,151.26,151.48,148.12,150.6,25732480
2022-09-20 19:25:47,150.6,151.13,146.17,149.05,34035379
2022-09-21 19:25:47,149.05,152.83,147.53,151.63,43564939
2022-09-22 19:25:47,151.63,155.46,148.87,154.72,6259918
2022-09-23 19:25:47,154.72,158.65,153.92,158.51,45902008
2022-09-24 19:25:47,158.51,163.38,157.32,162.96,48998397
2022-09-25 19:25:47,162.96,165.67,157.68,158.3,13659902
2022-09-26 19:25:47,158.3,162.97,157.56,161.33,41284327
2022-09-27 19:25:47,161.33,164.2,158.29,162.01,7966013
2022-09-28 19:25:47,162.01,162.47,156.81,157.66,11109717
2022-09-29 19:25:47,157.66,159.0,152.57,153.92,28506877
2022-09-30 19:25:47,153.92,157.61,150.91,155.0,47361589
2022-10-01 19:25:47,155.0,161.73,154.88,158.63,20302136
2022-10-02 19:25:47,158.63,159.08,155.27,157.39,48145608
2022-10-03 19:25:47,157.39,158.29,151.67,152.82,37993637
2022-10-04 19:25:47,152.82,153.34,148.72,149.08,24104532
2022-10-05 19:25:47,149.08,151.52,148.0,148.15,27845810
2022-10-06 19:25:47,148.15,153.67,146.29,152.23,23021613
2022-10-07 19:25:47,152.23,155.8,150.31,155.14,39110584
2022-10-08 19:25:47,155.14,155.59,152.27,155.53,39096542
2022-10-09 19:25:47,155.53,156.73,154.24,154.47,5505007
2022-10-10 19:25:47,154.47,161.08,151.71,158.32,1742956
2022-10-11 19:25:47,158.32,162.56,157.24,160.13,39708424
2022-10-12 19:25:47,160.13,161.2,156.59,159.2,25307673
2022-10-13 19:25:47,159.2,160.69,157.41,159.5,38459617
2022-10-14 19:25:47,159.5,162.35,158.29,159.86,44934227
2022-10-15 19:25:47,159.86,161.35,154.37,155.37,7234114
2022-10-16 19:25:47,155.37,156.03,148.38,151.32,16277513
2022-10-17 19:25:47,151.32,152.86,150.22,152.23,15601439
2022-10-18 19:25:47,152.23,152.47,147.06,149.49,41492049
2022-10-19 19:25:47,149.49,154.6,147.29,152.1,45929318
2022-10-20 19:25:47,152.1,158.17,149.17,155.14,32135374
2022-10-21 19:25:47,155.14,157.14,151.92,153.55,36958583
2022-10-22 19:25:47,153.55,158.22,152.99,155.45,29803834
2022-10-23 19:25:47,155.45,158.47,151.14,153.49,48723488
2022-10-24 19:25:47,153.49,157.32,151.98,155.33,25637469
2022-10-25 19:25:47,155.33,156.3,150.24,152.95,29049019
2022-10-26 19:25:47,152.95,155.37,147.92,149.45,46737130
2022-10-27 19:25:47,149.45,150.6,145.1,147.76,46682206
2022-10-28 19:25:47,147.76,150.84,144.88,148.57,25419554
2022-10-29 19:25:47,148.57,149.1,146.79,148.0,41428874
2022-10-30 19:25:47,148.0,148.43,144.96,147.4,49498478
2022-10-31 19:25:47,147.4,150.44,145.61,149.62,5580630
2022-11-01 19:25:47,149.62,154.84,147.51,153.07,48305169
2022-11-02 19:25:47,153.07,155.57,151.48,155.4,2322708
2022-11-03 19:25:47,155.4,157.82,152.15,152.82,19366180
2022-11-04 19:25:47,152.82,153.96,151.74,151.92,10629461
2022-11-05 19:25:47,151.92,154.51,145.01,147.64,41471702
2022-11-06 19:25:47,147.64,154.27,145.51,151.82,19582154
2022-11-07 19:25:47,151.82,152.55,146.68,148.27,36269420
2022-11-08 19:25:47,148.27,149.86,143.75,146.14,26734746
2022-11-09 19:25:47,146.14,146.5,142.32,143.13,42615281
2022-11-10 19:25:47,143.13,145.66,139.58,140.49,41396871
2022-11-11 19:25:47,140.49,142.49,138.45,138.98,15833038
2022-11-12 19:25:47,138.98,142.88,137.65,141.79,20421664
2022-11-13 19:25:47,141.79,144.41,139.24,139.6,42761483
2022-11-14 19:25:47,139.6,142.24,135.47,137.41,28602541
2022-11-15 19:25:47,137.41,137.68,136.88,137.27,40146251
2022-11-16 19:25:47,137.27,139.61,135.82,136.87,37907098
2022-11-17 19:25:47,136.87,139.26,134.36,138.21,39214604
2022-11-18 19:25:47,138.21,141.64,135.65,139.44,38139800
2022-11-19 19:25:47,139.44,142.57,137.04,141.43,40966496
2022-11-20 19:25:47,141.43,146.06,140.42,145.08,3203292
2022-11-21 19:25:47,145.08,146.45,141.53,144.04,43075752
2022-11-22 19:25:47,144.04,146.57,141.06,141.35,37830371
2022-11-23 19:25:47,141.35,144.5,138.91,142.31,43525970
2022-11-24 19:25:47,142.31,146.88,139.94,146.19,49250567
2022-11-25 19:25:47,146.19,150.09,143.95,149.08,47372907
2022-11-26 19:25:47,149.08,152.17,147.46,152.09,8744052
2022-11-27 19:25:47,152.09,153.96,148.48,149.39,16560829
2022-11-28 19:25:47,149.39,153.04,147.73,151.07,47672567
2022-11-29 19:25:47,151.07,154.45,149.95,151.81,22443323
2022-11-30 19:25:47,151.81,158.05,149.58,155.6,4408639
2022-12-01 19:25:47,155.6,156.57,151.14,152.38,26177309
2022-12-02 19:25:47,152.38,152.39,146.55,147.94,22684070
2022-12-03 19:25:47,147.94,150.8,144.09,146.09,39203317
2022-12-04 19:25:47,146.09,151.06,143.93,150.24,4440702
2022-12-05 19:25:47,150.24,153.78,150.05,150.91,23121212
2022-12-06 19:25:47,150.91,150.96,148.33,149.2,40847231
2022-12-07 19:25:47,149.2,151.84,147.89,148.34,38027274
2022-12-08 19:25:47,148.34,151.29,142.46,144.89,18247509
2022-12-09 19:25:47,144.89,146.72,141.5,141.8,25620073
2022-12-10 19:25:47,141.8,142.51,138.98,141.15,23330229
2022-12-11 19:25:47,141.15,143.05,140.9,141.62,29319296
2022-12-12 19:25:47,141.62,141.7,141.22,141.37,15708601
2022-12-13 19:25:47,141.37,145.17,139.91,144.21,36154549
2022-12-14 19:25:47,144.21,146.99,140.38,141.35,17120131
2022-12-15 19:25:47,141.35,146.63,140.36,143.87,24697989
2022-12-16 19:25:47,143.87,145.16,141.43,144.25,3693080
2022-12-17 19:25:47,144.25,145.79,141.66,144.59,37577037
2022-12-18 19:25:47,144.59,150.21,143.23,147.48,27098306
2022-12-19 19:25:47,147.48,148.69,146.62,148.29,8565644
2022-12-20 19:25:47,148.29,148.59,145.35,147.86,42022808
2022-12-21 19:25:47,147.86,148.76,144.2,147.13,48185500
2022-12-22 19:25:47,147.13,147.58,143.24,145.82,5245206
2022-12-23 19:25:47,145.82,146.85,145.7,146.54,22637195
2022-12-24 19:25:47,146.54,149.29,144.06,144.92,1078298
2022-12-25 19:25:47,144.92,149.23,142.26,146.78,21776029
2022-12-26 19:25:47,146.78,152.5,145.18,151.04,46410168
2022-12-27 19:25:47,151.04,156.52,148.63,154.37,15630099
2022-12-28 19:25:47,154.37,159.61,152.63,157.48,46819547
2022-12-29 19:25:47,157.48,159.2,151.79,153.72,20015775
2022-12-30 19:25:47,153.72,159.2,151.64,156.35,30614170
2022-12-31 19:25:47,156.35,161.34,156.25,158.53,41732127
2023-01-01 19:25:47,158.53,160.74,154.98,155.25,12526717
2023-01-02 19:25:47,155.25,159.39,154.0,158.1,49574359
2023-01-03 19:25:47,158.1,159.43,153.2,155.66,3039277
2023-01-04 19:25:47,155.66,155.81,148.69,151.65,47302603
2023-01-05 19:25:47,151.65,157.21,150.5,155.72,17440015
2023-01-06 19:25:47,155.72,156.01,150.01,151.22,21677471
2023-01-07 19:25:47,151.22,154.13,149.33,153.8,40201003
2023-01-08 19:25:47,153.8,156.76,150.82,154.51,8367705
2023-01-09 19:25:47,154.51,158.81,151.88,156.74,46127770
2023-01-10 19:25:47,156.74,157.28,154.37,155.4,43218747
2023-01-11 19:25:47,155.4,155.88,152.54,153.05,23765906
2023-01-12 19:25:47,153.05,154.92,150.45,154.33,25680360
2023-01-13 19:25:47,154.33,156.96,151.35,155.11,49766841
2023-01-14 19:25:47,155.11,160.57,153.56,158.17,26182451
2023-01-15 19:25:47,158.17,160.32,155.7,157.49,9432682
2023-01-16 19:25:47,157.49,157.77,152.62,153.66,15896218
2023-01-17 19:25:47,153.66,154.56,150.44,152.27,10746436
2023-01-18 19:25:47,152.27,152.95,148.3,148.35,39747108
2023-01-19 19:25:47,148.35,150.3,144.27,145.5,1256575
2023-01-20 19:25:47,145.5,145.93,142.68,144.3,34040185
2023-01-21 19:25:47,144.3,149.14,141.78,147.06,41655632
2023-01-22 19:25:47,147.06,149.14,141.99,142.76,14647418
2023-01-23 19:25:47,142.76,146.79,141.08,144.3,5614772
2023-01-24 19:25:47,144.3,144.77,143.53,144.4,14600003
2023-01-25 19:25:47,144.4,145.41,141.62,142.15,24655491
2023-01-26 19:25:47,142.15,144.36,136.75,138.59,22985975
2023-01-27 19:25:47,138.59,140.81,137.19,139.37,37419846
2023-01-28 19:25:47,139.37,141.31,137.4,140.55,21030244
2023-01-29 19:25:47,140.55,142.75,138.1,138.49,6673759
2023-01-30 19:25:47,138.49,144.3,137.42,142.61,34110784
2023-01-31 19:25:47,142.61,143.82,137.56,140.33,3506756
2023-02-01 19:25:47,140.33,145.32,139.17,142.9,45253310
2023-02-02 19:25:47,142.9,143.99,142.11,143.7,31073113
2023-02-03 19:25:47,143.7,146.95,142.03,146.27,6577358
2023-02-04 19:25:47,146.27,147.09,143.36,144.57,31812215
2023-02-05 19:25:47,144.57,146.43,144.46,145.97,33167442
2023-02-06 19:25:47,145.97,149.51,144.8,147.25,17050217
2023-02-07 19:25:47,147.25,149.71,144.49,148.93,45510810
2023-02-08 19:25:47,148.93,151.08,146.83,150.2,22569053
2023-02-09 19:25:47,150.2,152.86,146.59,146.63,9951648
2023-02-10 19:25:47,146.63,147.21,140.2,142.5,35753360
2023-02-11 19:25:47,142.5,142.56,140.6,141.14,22793151
2023-02-12 19:25:47,141.14,143.11,134.89,137.26,18968172
2023-02-13 19:25:47,137.26,140.09,136.06,140.07,48658536
2023-02-14 19:25:47,140.07,141.64,137.98,140.16,47017505
2023-02-15 19:25:47,140.16,142.16,134.86,137.22,25995183
2023-02-16 19:25:47,137.22,139.42,135.45,136.19,38495476
2023-02-17 19:25:47,136.19,136.75,133.44,135.43,3573160
2023-02-18 19:25:47,135.43,136.64,132.81,134.1,8559788
2023-02-19 19:25:47,134.1,136.51,130.59,133.21,2814369
2023-02-20 19:25:47,133.21,135.45,131.74,133.85,42524166
2023-02-21 19:25:47,133.85,136.06,133.06,135.84,40564517
2023-02-22 19:25:47,135.84,137.49,133.37,134.22,8860084
2023-02-23 19:25:47,134.22,139.08,132.38,138.08,5099204
2023-02-24 19:25:47,138.08,139.38,135.38,139.18,21417724
2023-02-25 19:25:47,139.18,141.93,136.68,140.89,49019468
2023-02-26 19:25:47,140.89,145.19,138.45,142.85,21503659
2023-02-27 19:25:47,142.85,145.68,138.84,138.98,3747276
2023-02-28 19:25:47,138.98,140.92,135.83,138.28,20446485
2023-03-01 19:25:47,138.28,138.34,137.18,138.08,3705681
2023-03-02 19:25:47,138.08,140.37,135.34,138.46,10764615
2023-03-03 19:25:47,138.46,140.6,136.68,138.79,13911056
2023-03-04 19:25:47,138.79,142.77,138.29,141.82,26664196
2023-03-05 19:25:47,141.82,144.65,138.64,141.1,20466335
2023-03-06 19:25:47,141.1,143.48,136.42,138.93,31491211
2023-03-07 19:25:47,138.93,141.24,136.79,139.97,35686755
2023-03-08 19:25:47,139.97,141.35,136.43,136.92,4782579
2023-03-09 19:25:47,136.92,139.47,134.65,138.65,47186537
2023-03-10 19:25:47,138.65,144.78,137.27,141.95,17096233
2023-03-11 19:25:47,141.95,142.93,137.81,139.86,34904472
2023-03-12 19:25:47,139.86,145.09,138.94,142.73,33015085
2023-03-13 19:25:47,142.73,144.56,139.27,139.8,12849292
2023-03-14 19:25:47,139.8,141.74,135.02,136.26,40977985
2023-03-15 19:25:47,136.26,141.8,135.22,140.2,40918245
2023-03-16 19:25:47,140.2,142.56,137.32,139.99,43908122
2023-03-17 19:25:47,139.99,144.16,137.92,141.39,11898998
2023-03-18 19:25:47,141.39,142.21,135.14,137.67,26667805
2023-03-19 19:25:47,137.67,138.45,136.5,137.57,38833696
2023-03-20 19:25:47,137.57,139.36,131.79,134.36,20826031
2023-03-21 19:25:47,134.36,135.05,131.76,133.12,35788537
2023-03-22 19:25:47,133.12,135.06,131.77,134.38,34287756
2023-03-23 19:25:47,134.38,136.21,130.77,130.77,48839082
2023-03-24 19:25:47,130.77,131.65,126.13,127.92,12743557
2023-03-25 19:25:47,127.92,132.28,125.45,130.63,29162362
2023-03-26 19:25:47,130.63,132.76,126.41,127.5,24338122
2023-03-27 19:25:47,127.5,128.55,125.64,127.84,16378797
2023-03-28 19:25:47,127.84,129.86,126.94,129.81,30262722
2023-03-29 19:25:47,129.81,135.04,128.13,132.61,48969051
2023-03-30 19:25:47,132.61,134.16,129.36,131.78,46249231
2023-03-31 19:25:47,131.78,132.25,128.48,129.77,11345791
2023-04-01 19:25:47,129.77,130.8,127.88,128.36,11716828
2023-04-02 19:25:47,128.36,128.85,123.55,125.95,45116667
2023-04-03 19:25:47,125.95,128.23,125.54,128.07,16318884
2023-04-04 19:25:47,128.07,131.77,127.0,131.1,32324373
2023-04-05 19:25:47,131.1,132.27,126.04,127.82,9676034
2023-04-06 19:25:47,127.82,131.98,126.84,129.51,30469168
2023-04-07 19:25:47,129.51,131.21,126.53,128.59,35598645
2023-04-08 19:25:47,128.59,131.82,127.36,131.25,21713394
2023-04-09 19:25:47,131.25,135.34,130.32,133.1,12750271
2023-04-10 19:25:47,133.1,137.69,132.89,136.45,16526602
2023-04-11 19:25:47,136.45,139.95,134.25,138.27,32395772
2023-04-12 19:25:47,138.27,138.61,136.32,137.25,23855236
2023-04-13 19:25:47,137.25,139.48,134.93,137.61,20578354
2023-04-14 19:25:47,137.61,139.22,132.15,133.63,48875613
2023-04-15 19:25:47,133.63,135.33,133.25,133.55,10504827
2023-04-16 19:25:47,133.55,136.25,133.46,135.59,24407790
2023-04-17 19:25:47,135.59,137.18,133.11,134.94,46489599
2023-04-18 19:25:47,134.94,136.21,132.48,132.74,41738902
2023-04-19 19:25:47,132.74,135.02,129.97,130.17,33406163
2023-04-20 19:25:47,130.17,132.78,128.54,130.62,31376554
2023-04-21 19:25:47,130.62,133.15,127.24,127.5,40955954
2023-04-22 19:25:47,127.5,130.26,125.95,127.88,14448854
2023-04-23 19:25:47,127.88,128.25,125.1,126.56,41898697
2023-04-24 19:25:47,126.56,131.09,124.49,130.01,44522115
2023-04-25 19:25:47,130.01,131.41,129.09,130.48,20324678
2023-04-26 19:25:47,130.48,134.73,129.15,132.43,49201222
2023-04-27 19:25:47,132.43,136.32,130.93,134.78,17712425
2023-04-28 19:25:47,134.78,136.02,133.76,134.82,16667797
2023-04-29 19:25:47,134.82,135.66,129.28,131.13,2784494
2023-04-30 19:25:47,131.13,135.73,128.78,133.92,17358838
2023-05-01 19:25:47,133.92,134.48,132.69,134.42,6627468
2023-05-02 19:25:47,134.42,139.57,134.08,137.23,41208196
2023-05-03 19:25:47,137.23,141.04,136.26,140.57,10550038
2023-05-04 19:25:47,140.57,142.51,137.79,141.34,3838175
2023-05-05 19:25:47,141.34,143.81,139.68,140.33,23628428
2023-05-06 19:25:47,140.33,142.57,137.34,138.8,27748378
2023-05-07 19:25:47,138.8,142.02,137.99,140.5,1459359
2023-05-08 19:25:47,140.5,145.31,137.97,142.74,1618299
2023-05-09 19:25:47,142.74,142.86,140.38,141.27,47289441
2023-05-10 19:25:47,141.27,143.84,137.44,137.82,23848183
2023-05-11 19:25:47,137.82,138.22,137.23,137.9,13313661
2023-05-12 19:25:47,137.9,139.04,134.23,134.49,48462095
2023-05-13 19:25:47,134.49,135.89,129.54,131.19,49484743
2023-05-14 19:25:47,131.19,131.22,129.58,129.63,7656322
2023-05-15 19:25:47,129.63,130.5,128.21,130.15,42732962
2023-05-16 19:25:47,130.15,130.95,125.18,127.52,32842723
2023-05-17 19:25:47,127.52,130.71,126.38,130.38,16725681
2023-05-18 19:25:47,130.38,135.81,128.53,133.77,40338367
2023-05-19 19:25:47,133.77,137.53,133.38,136.42,24456603
2023-05-20 19:25:47,136.42,140.84,135.77,138.87,13547985
2023-05-21 19:25:47,138.87,140.0,136.04,136.34,31999137
2023-05-22 19:25:47,136.34,141.15,134.15,139.29,41282709
2023-05-23 19:25:47,139.29,141.01,134.68,136.97,14579212
2023-05-24 19:25:47,136.97,138.09,132.63,134.37,15535131
2023-05-25 19:25:47,134.37,134.85,130.88,133.24,48367395
2023-05-26 19:25:47,133.24,134.83,132.3,134.48,3331702
2023-05-27 19:25:47,134.48,134.49,132.5,133.35,3839298
2023-05-28 19:25:47,133.35,137.72,132.43,136.65,24585969
2023-05-29 19:25:47,136.65,138.79,132.07,134.09,46708279
2023-05-30 19:25:47,134.09,139.58,133.41,137.52,41719213
2023-05-31 19:25:47,137.52,139.66,134.94,136.39,30433947
2023-06-01 19:25:47,136.39,137.36,131.23,133.15,42582236
2023-06-02 19:25:47,133.15,133.4,126.96,129.26,49464941
2023-06-03 19:25:47,129.26,135.01,129.02,133.13,14842214
2023-06-04 19:25:47,133.13,134.8,128.85,129.14,13797745
2023-06-05 19:25:47,129.14,130.91,128.72,128.92,36319769
2023-06-06 19:25:47,128.92,129.94,126.62,128.61,47549722
2023-06-07 19:25:47,128.61,131.85,127.36,131.35,47367075
2023-06-08 19:25:47,131.35,134.25,130.53,134.12,21744683
2023-06-09 19:25:47,134.12,140.42,132.55,138.04,22377602
2023-06-10 19:25:47,138.04,138.72,133.94,135.14,30223161
2023-06-11 19:25:47,135.14,137.15,130.27,132.71,11002370
2023-06-12 19:25:47,132.71,136.82,130.62,134.74,31406825
2023-06-13 19:25:47,134.74,136.43,133.9,135.54,49668217
2023-06-14 19:25:47,135.54,139.56,134.02,139.38,38108136
2023-06-15 19:25:47,139.38,144.22,136.84,142.96,31837710
2023-06-16 19:25:47,142.96,144.83,141.34,144.55,33166301
2023-06-17 19:25:47,144.55,148.83,144.31,148.62,30463611
2023-06-18 19:25:47,148.62,149.61,147.09,147.81,29814126
2023-06-19 19:25:47,147.81,148.49,146.44,147.6,7713041
2023-06-20 19:25:47,147.6,148.99,146.4,148.69,41223471
2023-06-21 19:25:47,148.69,148.98,147.37,147.56,48685244
2023-06-22 19:25:47,147.56,151.5,147.18,149.3,38046355
2023-06-23 19:25:47,149.3,151.99,142.72,145.03,3957605
2023-06-24 19:25:47,145.03,149.71,143.93,148.07,2949075
2023-06-25 19:25:47,148.07,148.84,143.23,145.69,36467926
2023-06-26 19:25:47,145.69,147.01,143.73,145.14,9989953
2023-06-27 19:25:47,145.14,146.98,142.75,142.79,2267308
2023-06-28 19:25:47,142.79,143.86,140.29,141.71,38610962
2023-06-29 19:25:47,141.71,144.9,139.01,143.19,12406581
2023-06-30 19:25:47,143.19,143.67,141.82,142.86,6300386
2023-07-01 19:25:47,142.86,144.79,140.03,140.73,6732770
2023-07-02 19:25:47,140.73,146.68,138.1,144.94,9465112
2023-07-03 19:25:47,144.94,146.04,144.03,145.59,22745230
2023-07-04 19:25:47,145.59,146.74,143.98,146.48,30944838
2023-07-05 19:25:47,146.48,149.19,145.1,145.94,40357321
2023-07-06 19:25:47,145.94,151.45,145.42,149.67,18288163
2023-07-07 19:25:47,149.67,150.19,144.35,147.28,21132202
2023-07-08 19:25:47,147.28,153.59,147.01,151.23,11954041
2023-07-09 19:25:47,151.23,157.92,151.2,154.93,9219969
2023-07-10 19:25:47,154.93,160.09,152.25,159.09,16110964
2023-07-11 19:25:47,159.09,162.24,157.12,157.48,31128832
2023-07-12 19:25:47,157.48,160.89,155.28,158.58,26569961
2023-07-13 19:25:47,158.58,161.22,156.53,160.7,6301712
2023-07-14 19:25:47,160.7,162.28,153.88,157.0,40830952
2023-07-15 19:25:47,157.0,158.01,151.31,154.24,20994392
2023-07-16 19:25:47,154.24,157.11,149.6,149.93,7175257
2023-07-17 19:25:47,149.93,152.9,144.49,146.69,22617677
2023-07-18 19:25:47,146.69,149.64,146.22,147.11,49196040
2023-07-19 19:25:47,147.11,152.94,146.8,151.3,13997462
2023-07-20 19:25:47,151.3,155.91,151.01,155.5,29382759
2023-07-21 19:25:47,155.5,156.75,149.78,152.3,37024013
2023-07-22 19:25:47,152.3,152.42,147.04,148.75,22527724
2023-07-23 19:25:47,148.75,151.71,143.13,144.73,45339704
2023-07-24 19:25:47,144.73,144.87,141.5,142.3,33212272
2023-07-25 19:25:47,142.3,144.74,138.9,139.63,27112468
2023-07-26 19:25:47,139.63,140.38,139.23,139.84,43283518
2023-07-27 19:25:47,139.84,142.41,136.06,136.5,24327789
2023-07-28 19:25:47,136.5,138.1,133.35,134.74,11229198
2023-07-29 19:25:47,134.74,138.42,132.51,135.93,23003062
2023-07-30 19:25:47,135.93,136.05,130.63,132.06,19953939
2023-07-31 19:25:47,132.06,134.55,131.28,133.1,38180708
2023-08-01 19:25:47,133.1,134.68,127.37,129.6,32947344
2023-08-02 19:25:47,129.6,130.85,125.69,126.29,41562220
2023-08-03 19:25:47,126.29,126.58,122.28,123.68,3912380
2023-08-04 19:25:47,123.68,125.91,122.7,124.72,45146979
2023-08-05 19:25:47,124.72,127.19,122.79,125.19,24745075
2023-08-06 19:25:47,125.19,129.1,124.89,128.25,17785025
2023-08-07 19:25:47,128.25,130.87,126.7,129.34,37548443
2023-08-08 19:25:47,129.34,133.27,128.43,131.69,39400038
2023-08-09 19:25:47,131.69,135.55,129.28,133.21,37637609
2023-08-10 19:25:47,133.21,134.34,130.25,132.88,19259046
2023-08-11 19:25:47,132.88,135.38,131.74,133.07,3372900
2023-08-12 19:25:47,133.07,134.82,130.31,132.75,17060066
2023-08-13 19:25:47,132.75,133.08,128.64,129.64,33390268
2023-08-14 19:25:47,129.64,133.13,127.6,131.56,34994644
2023-08-15 19:25:47,131.56,131.75,127.9,128.12,36428253
2023-08-16 19:25:47,128.12,129.64,123.68,125.29,42162438
2023-08-17 19:25:47,125.29,127.59,124.75,127.18,29245825
2023-08-18 19:25:47,127.18,129.46,124.53,124.99,40608913
2023-08-19 19:25:47,124.99,130.46,123.21,127.97,30623450
2023-08-20 19:25:47,127.97,130.96,126.11,129.45,7042442
2023-08-21 19:25:47,129.45,130.59,126.32,127.58,15621740
2023-08-22 19:25:47,127.58,128.21,125.47,127.26,38837403
2023-08-23 19:25:47,127.26,129.09,124.84,127.01,19418216
2023-08-24 19:25:47,127.01,128.63,125.43,127.67,34209126
2023-08-25 19:25:47,127.67,129.48,124.55,125.57,32634178
2023-08-26 19:25:47,125.57,125.9,121.96,124.25,35098987
2023-08-27 19:25:47,124.25,128.47,122.67,126.21,43528449
2023-08-28 19:25:47,126.21,128.58,121.93,123.2,45577822
2023-08-29 19:25:47,123.2,124.14,120.67,121.38,36274880
2023-08-30 19:25:47,121.38,122.89,121.16,121.34,17076585
2023-08-31 19:25:47,121.34,121.93,119.25,120.75,10980585
2023-09-01 19:25:47,120.75,121.49,119.03,120.52,3814046
2023-09-02 19:25:47,120.52,121.03,118.49,118.95,45915441
2023-09-03 19:25:47,118.95,122.0,117.03,120.57,43720869
2023-09-04 19:25:47,120.57,122.92,119.11,122.59,33456967
2023-09-05 19:25:47,122.59,124.13,119.24,120.19,42672161
2023-09-06 19:25:47,120.19,123.77,119.34,123.27,1067128
2023-09-07 19:25:47,123.27,125.56,119.98,120.79,6433989
2023-09-08 19:25:47,120.79,125.56,118.67,123.83,45127034
2023-09-09 19:25:47,123.83,125.66,119.59,120.73,22491435
2023-09-10 19:25:47,120.73,121.58,119.53,121.35,22278572
2023-09-11 19:25:47,121.35,123.5,118.91,120.63,40552839
2023-09-12 19:25:47,120.63,122.78,118.6,122.38,28341318
2023-09-13 19:25:47,122.38,126.1,120.47,125.24,19869226
2023-09-14 19:25:47,125.24,126.42,122.8,126.03,46714980
2023-09-15 19:25:47,126.03,128.35,124.43,124.99,26419583
2023-09-16 19:25:47,124.99,126.27,124.07,124.29,20008971
2023-09-17 19:25:47,124.29,125.46,122.87,123.06,7088015
2023-09-18 19:25:47,123.06,124.52,122.16,122.73,20899535
2023-09-19 19:25:47,122.73,126.47,122.63,124.57,16175072
2023-09-20 19:25:47,124.57,124.71,121.04,121.96,47183780
2023-09-21 19:25:47,121.96,122.89,119.78,122.12,16332968
2023-09-22 19:25:47,122.12,124.29,118.36,119.56,46746386
2023-09-23 19:25:47,119.56,119.6,116.39,117.13,18275645
2023-09-24 19:25:47,117.13,120.92,114.89,118.67,23164143
2023-09-25 19:25:47,118.67,119.95,116.72,118.41,9426369
2023-09-26 19:25:47,118.41,119.48,114.65,116.31,8395695
2023-09-27 19:25:47,116.31,117.71,113.47,113.88,15911528
2023-09-28 19:25:47,113.88,115.66,111.74,112.45,9938432
2023-09-29 19:25:47,112.45,113.05,108.21,109.71,12909403
2023-09-30 19:25:47,109.71,111.35,107.71,110.19,28632338
2023-10-01 19:25:47,110.19,110.45,107.42,108.11,44008558
2023-10-02 19:25:47,108.11,108.62,104.93,106.21,47096707
2023-10-03 19:25:47,106.21,106.84,103.21,104.8,5819089
2023-10-04 19:25:47,104.8,106.77,103.85,105.18,48086870
2023-10-05 19:25:47,105.18,108.92,104.34,108.22,27495607
2023-10-06 19:25:47,108.22,111.86,106.98,110.21,49511834
2023-10-07 19:25:47,110.21,111.28,107.79,108.64,16985689
2023-10-08 19:25:47,108.64,111.33,108.17,110.71,28078739
2023-10-09 19:25:47,110.71,114.61,109.02,112.8,18858917
2023-10-10 19:25:47,112.8,112.81,110.44,112.52,35052989
2023-10-11 19:25:47,112.52,115.12,110.77,113.97,42439382
2023-10-12 19:25:47,113.97,115.67,109.46,111.4,14303449
2023-10-13 19:25:47,111.4,114.53,111.25,113.5,32243304
2023-10-14 19:25:47,113.5,115.79,113.04,114.18,25770222
2023-10-15 19:25:47,114.18,115.12,110.65,111.18,6266206
2023-10-16 19:25:47,111.18,112.19,109.33,111.54,46443088
2023-10-17 19:25:47,111.54,112.09,108.93,111.1,38010346
2023-10-18 19:25:47,111.1,113.76,109.84,112.69,41717677
2023-10-19 19:25:47,112.69,114.51,111.1,111.68,7478667
2023-10-20 19:25:47,111.68,112.31,108.06,110.25,30282199
2023-10-21 19:25:47,110.25,111.28,109.06,109.11,46214627
2023-10-22 19:25:47,109.11,112.61,108.07,111.73,25666184
2023-10-23 19:25:47,111.73,115.04,110.97,114.89,26753784
2023-10-24 19:25:47,114.89,117.77,113.83,116.8,45123547
2023-10-25 19:25:47,116.8,117.46,115.46,117.05,39353070
2023-10-26 19:25:47,117.05,118.34,112.74,114.85,34535131
2023-10-27 19:25:47,114.85,116.17,111.26,111.42,49516287
2023-10-28 19:25:47,111.42,111.82,107.69,108.61,43844762
2023-10-29 19:25:47,108.61,108.96,106.15,106.4,7882512
2023-10-30 19:25:47,106.4,107.91,104.22,105.15,38804434
2023-10-31 19:25:47,105.15,108.29,104.29,106.17,31630942
2023-11-01 19:25:47,106.17,106.62,103.01,103.15,33087722
2023-11-02 19:25:47,103.15,103.87,100.51,100.55,3876619
2023-11-03 19:25:47,100.55,102.23,98.73,101.15,37602847
2023-11-04 19:25:47,101.15,101.48,100.31,100.68,30132968
2023-11-05 19:25:47,100.68,103.24,99.12,102.07,19423084
2023-11-06 19:25:47,102.07,102.9,101.48,102.56,16425191
2023-11-07 19:25:47,102.56,104.31,100.52,101.31,22133655
2023-11-08 19:25:47,101.31,103.29,97.72,99.36,34741906
2023-11-09 19:25:47,99.36,101.3,96.73,97.6,31987840
2023-11-10 19:25:47,97.6,98.91,96.23,98.36,6486386
2023-11-11 19:25:47,98.36,101.22,97.83,100.27,46144255
2023-11-12 19:25:47,100.27,100.33,97.86,98.62,43071940
2023-11-13 19:25:47,98.62,101.21,96.85,100.22,24822557
2023-11-14 19:25:47,100.22,101.53,98.54,100.88,8295494
2023-11-15 19:25:47,100.88,102.84,97.66,98.46,5733976
2023-11-16 19:25:47,98.46,101.04,97.56,100.27,17980244
2023-11-17 19:25:47,100.27,101.99,99.62,100.43,38704666
2023-11-18 19:25:47,100.43,101.34,100.06,100.56,33257018
2023-11-19 19:25:47,100.56,102.25,96.59,97.77,46244399
2023-11-20 19:25:47,97.77,98.85,93.89,95.53,34575957
2023-11-21 19:25:47,95.53,99.54,94.75,97.73,45896120
2023-11-22 19:25:47,97.73,102.22,96.31,100.65,29152155
2023-11-23 19:25:47,100.65,102.19,99.11,101.21,38260899
2023-11-24 19:25:47,101.21,103.28,99.26,101.38,17383759
2023-11-25 19:25:47,101.38,102.82,98.27,98.53,16329298
2023-11-26 19:25:47,98.53,99.01,96.55,97.21,42272966
2023-11-27 19:25:47,97.21,98.37,95.89,98.32,16665652
2023-11-28 19:25:47,98.32,100.32,96.81,98.46,5157298
2023-11-29 19:25:47,98.46,102.31,98.37,100.75,47528124
2023-11-30 19:25:47,100.75,101.45,99.39,100.88,31296272
2023-12-01 19:25:47,100.88,103.76,100.01,103.62,34492839
2023-12-02 19:25:47,103.62,105.08,103.02,103.2,37045809
2023-12-03 19:25:47,103.2,103.88,102.55,103.71,43784034
2023-12-04 19:25:47,103.71,105.81,103.24,104.15,4662985
2023-12-05 19:25:47,104.15,105.44,101.92,102.99,10996643
2023-12-06 19:25:47,102.99,105.39,102.78,105.0,49840287
2023-12-07 19:25:47,105.0,105.88,103.88,104.62,17426812
2023-12-08 19:25:47,104.62,105.6,103.66,103.74,16621456
2023-12-09 19:25:47,103.74,105.38,102.04,103.79,5620613
2023-12-10 19:25:47,103.79,107.03,102.15,106.73,33440268
2023-12-11 19:25:47,106.73,107.32,104.45,106.0,18667626
2023-12-12 19:25:47,106.0,109.46,103.99,107.56,16381628
2023-12-13 19:25:47,107.56,107.9,105.99,106.23,16763607
2023-12-14 19:25:47,106.23,111.04,105.35,109.32,43722587
2023-12-15 19:25:47,109.32,110.29,107.9,108.35,37794439
2023-12-16 19:25:47,108.35,113.41,106.28,111.45,18577532
2023-12-17 19:25:47,111.45,114.31,110.44,112.6,6588391
2023-12-18 19:25:47,112.6,113.54,110.41,111.6,43955587
2023-12-19 19:25:47,111.6,113.36,109.86,110.04,34520406
2023-12-20 19:25:47,110.04,113.82,109.58,111.79,22970784
2023-12-21 19:25:47,111.79,113.86,109.65,111.7,30106631
2023-12-22 19:25:47,111.7,113.17,107.66,108.74,2716131
2023-12-23 19:25:47,108.74,112.16,107.81,111.03,9155233
2023-12-24 19:25:47,111.03,113.8,108.93,112.58,27146821
2023-12-25 19:25:47,112.58,115.27,111.18,113.3,13448958
2023-12-26 19:25:47,113.3,114.49,111.25,111.32,42203426
2023-12-27 19:25:47,111.32,112.35,111.14,111.16,10401323
2023-12-28 19:25:47,111.16,114.6,111.05,113.82,10616228
2023-12-29 19:25:47,113.82,114.34,110.41,111.94,19981991
2023-12-30 19:25:47,111.94,113.76,108.33,108.82,37852122
2023-12-31 19:25:47,108.82,113.41,108.72,111.61,16646907
2024-01-01 19:25:47,111.61,114.6,111.47,114.5,26044775
2024-01-02 19:25:47,114.5,115.91,111.9,112.51,11256157
2024-01-03 19:25:47,112.51,114.31,109.36,109.78,21192437
2024-01-04 19:25:47,109.78,111.84,108.32,110.27,5536500
2024-01-05 19:25:47,110.27,112.76,109.16,111.71,31146308
2024-01-06 19:25:47,111.71,114.5,110.82,113.68,9259101
2024-01-07 19:25:47,113.68,117.03,112.58,116.73,32543459
2024-01-08 19:25:47,116.73,117.87,113.89,114.59,5516208
2024-01-09 19:25:47,114.59,117.94,114.32,115.93,46750127
2024-01-10 19:25:47,115.93,117.33,112.82,114.09,34715583
2024-01-11 19:25:47,114.09,114.27,110.64,111.2,18490029
2024-01-12 19:25:47,111.2,111.4,110.58,111.16,13803873
2024-01-13 19:25:47,111.16,113.84,110.58,111.78,18607458
2024-01-14 19:25:47,111.78,113.03,109.02,109.71,23528337
2024-01-15 19:25:47,109.71,112.41,107.68,112.23,49723455
2024-01-16 19:25:47,112.23,116.56,111.38,115.52,42007851
2024-01-17 19:25:47,115.52,117.83,113.98,116.2,6355431
2024-01-18 19:25:47,116.2,118.3,112.56,113.08,7210762
2024-01-19 19:25:47,113.08,115.46,112.84,115.38,41699197
2024-01-20 19:25:47,115.38,116.05,112.87,114.58,13286505
2024-01-21 19:25:47,114.58,117.2,114.14,117.19,31489084
2024-01-22 19:25:47,117.19,118.1,117.19,117.69,43544362
2024-01-23 19:25:47,117.69,118.17,114.96,115.5,35038600
2024-01-24 19:25:47,115.5,118.25,114.3,116.94,48095985
2024-01-25 19:25:47,116.94,117.82,114.91,116.05,19594456
2024-01-26 19:25:47,116.05,116.79,113.96,116.79,46669439
2024-01-27 19:25:47,116.79,118.79,114.67,115.02,28816595
2024-01-28 19:25:47,115.02,116.69,114.0,114.69,28980341
2024-01-29 19:25:47,114.69,116.64,112.64,115.76,15330166
2024-01-30 19:25:47,115.76,116.42,113.98,114.67,17828475
2024-01-31 19:25:47,114.67,118.69,112.67,116.56,6164669
2024-02-01 19:25:47,116.56,120.98,115.91,119.39,29433546
2024-02-02 19:25:47,119.39,121.2,116.79,117.19,38744570
2024-02-03 19:25:47,117.19,118.05,114.96,116.81,17464663
2024-02-04 19:25:47,116.81,118.85,113.37,115.62,3801022
2024-02-05 19:25:47,115.62,117.53,114.23,115.51,39351181
2024-02-06 19:25:47,115.51,118.35,115.04,117.88,31844903
2024-02-07 19:25:47,117.88,118.73,114.58,115.88,35726364
2024-02-08 19:25:47,115.88,116.46,112.85,113.55,48416334
2024-02-09 19:25:47,113.55,114.32,112.05,114.0,20545749
2024-02-10 19:25:47,114.0,115.33,113.35,113.38,36807071
2024-02-11 19:25:47,113.38,116.7,111.93,115.6,29716514
2024-02-12 19:25:47,115.6,119.05,113.61,117.44,4072455
2024-02-13 19:25:47,117.44,119.32,115.12,118.3,14400467
2024-02-14 19:25:47,118.3,122.78,118.06,120.94,41871261
2024-02-15 19:25:47,120.94,123.28,116.16,118.22,33399736
2024-02-16 19:25:47,118.22,119.62,114.98,115.01,7472822
2024-02-17 19:25:47,115.01,115.59,110.12,111.8,7583148
2024-02-18 19:25:47,111.8,116.59,109.64,115.1,23302785
2024-02-19 19:25:47,115.1,120.09,113.04,117.78,31828136
2024-02-20 19:25:47,117.78,117.91,115.71,117.32,5205413
2024-02-21 19:25:47,117.32,117.49,113.54,114.37,11537599
2024-02-22 19:25:47,114.37,117.27,112.65,116.11,34374120
2024-02-23 19:25:47,116.11,116.56,113.6,115.83,39555534
2024-02-24 19:25:47,115.83,121.04,113.56,119.11,26187214
2024-02-25 19:25:47,119.11,119.31,115.5,117.31,8629956
2024-02-26 19:25:47,117.31,122.28,115.69,119.89,9691078
2024-02-27 19:25:47,119.89,125.15,118.94,123.1,9701816
2024-02-28 19:25:47,123.1,128.19,120.78,126.38,39224083
2024-02-29 19:25:47,126.38,128.59,123.84,125.49,39946246
2024-03-01 19:25:47,125.49,129.85,124.09,128.38,47676377
2024-03-02 19:25:47,128.38,131.89,127.26,131.54,46482157
2024-03-03 19:25:47,131.54,132.69,129.67,132.45,4678181
2024-03-04 19:25:47,132.45,134.37,127.76,128.93,26939914
2024-03-05 19:25:47,128.93,130.9,127.03,127.49,4928589
2024-03-06 19:25:47,127.49,127.51,124.65,126.3,46041416
2024-03-07 19:25:47,126.3,128.67,124.65,124.74,45667758
2024-03-08 19:25:47,124.74,127.35,123.24,126.86,13376161
2024-03-09 19:25:47,126.86,127.48,122.06,123.78,13385926
2024-03-10 19:25:47,123.78,128.15,121.37,126.26,38936279
2024-03-11 19:25:47,126.26,126.73,123.64,125.57,7900909
2024-03-12 19:25:47,125.57,126.75,124.21,124.37,12021629
2024-03-13 19:25:47,124.37,125.1,123.33,123.49,41636340
2024-03-14 19:25:47,123.49,125.13,122.64,122.67,28444577
2024-03-15 19:25:47,122.67,124.66,121.39,122.97,8742612
2024-03-16 19:25:47,122.97,125.01,117.31,119.55,49805620
2024-03-17 19:25:47,119.55,120.32,117.77,117.87,27804264
2024-03-18 19:25:47,117.87,120.66,115.96,119.01,45780532
2024-03-19 19:25:47,119.01,122.97,117.18,121.01,29403283
2024-03-20 19:25:47,121.01,124.67,119.71,123.46,45039247
2024-03-21 19:25:47,123.46,126.27,121.16,125.39,27297027
2024-03-22 19:25:47,125.39,130.33,125.28,128.17,26607710
2024-03-23 19:25:47,128.17,129.24,126.17,126.51,35207512
2024-03-24 19:25:47,126.51,130.25,125.34,127.86,15789933
2024-03-25 19:25:47,127.86,129.76,125.88,126.49,49270670
2024-03-26 19:25:47,126.49,131.85,124.98,129.65,40865437
2024-03-27 19:25:47,129.65,132.06,125.38,126.13,43679694
2024-03-28 19:25:47,126.13,127.64,125.38,126.41,30703741
2024-03-29 19:25:47,126.41,128.51,124.13,126.81,5916371
2024-03-30 19:25:47,126.81,128.78,123.91,126.15,1959206
2024-03-31 19:25:47,126.15,128.57,121.43,122.62,7318500
2024-04-01 19:25:47,122.62,123.76,117.78,119.17,14078323
2024-04-02 19:25:47,119.17,120.32,116.71,117.38,43606807
2024-04-03 19:25:47,117.38,117.48,115.91,116.71,19284885
2024-04-04 19:25:47,116.71,118.6,115.24,116.25,33840711
2024-04-05 19:25:47,116.25,120.65,115.54,119.29,15942510
2024-04-06 19:25:47,119.29,120.94,118.05,118.49,8651988
2024-04-07 19:25:47,118.49,119.2,118.02,118.47,7377056
2024-04-08 19:25:47,118.47,120.27,115.12,115.43,47984144
2024-04-09 19:25:47,115.43,116.43,114.29,114.47,11295794
2024-04-10 19:25:47,114.47,115.49,110.36,112.45,13858871
2024-04-11 19:25:47,112.45,114.76,111.47,114.01,14226989
2024-04-12 19:25:47,114.01,117.15,113.35,116.74,32663762
2024-04-13 19:25:47,116.74,118.86,113.98,115.03,28329512
2024-04-14 19:25:47,115.03,116.04,110.29,112.24,49402006
2024-04-15 19:25:47,112.24,116.34,110.03,115.56,13251235
2024-04-16 19:25:47,115.56,116.9,114.87,116.48,12801117
2024-04-17 19:25:47,116.48,117.25,110.9,113.06,16480411
2024-04-18 19:25:47,113.06,116.95,111.73,116.41,14107668
2024-04-19 19:25:47,116.41,118.45,115.93,116.16,24841994
2024-04-20 19:25:47,116.16,118.15,111.46,113.39,1025336
2024-04-21 19:25:47,113.39,114.95,109.02,110.59,39774415
2024-04-22 19:25:47,110.59,112.0,106.86,107.63,9203629
2024-04-23 19:25:47,107.63,108.64,102.85,104.55,11550337
2024-04-24 19:25:47,104.55,107.01,103.7,105.44,26811246
2024-04-25 19:25:47,105.44,107.28,104.47,106.74,42798782
2024-04-26 19:25:47,106.74,107.99,106.02,107.07,25009349
2024-04-27 19:25:47,107.07,109.91,106.85,108.6,10543040
2024-04-28 19:25:47,108.6,110.64,106.71,108.62,44263350
2024-04-29 19:25:47,108.62,109.92,106.51,107.01,19286928
2024-04-30 19:25:47,107.01,108.46,105.12,106.84,24792955
2024-05-01 19:25:47,106.84,107.47,103.84,105.58,26261038
2024-05-02 19:25:47,105.58,106.59,101.85,102.77,27799868
2024-05-03 19:25:47,102.77,103.8,99.66,99.84,36180972
2024-05-04 19:25:47,99.84,101.39,98.05,100.04,22239010
2024-05-05 19:25:47,100.04,100.21,96.16,97.69,49521387
2024-05-06 19:25:47,97.69,98.43,97.5,97.74,37563347
2024-05-07 19:25:47,97.74,98.75,96.16,98.75,23671546
2024-05-08 19:25:47,98.75,101.11,97.05,100.74,14950114
2024-05-09 19:25:47,100.74,101.65,100.61,101.45,38049882
2024-05-10 19:25:47,101.45,103.36,99.71,101.67,4201348
2024-05-11 19:25:47,101.67,104.67,101.01,104.59,1602852
2024-05-12 19:25:47,104.59,106.41,102.95,105.66,12606970
2024-05-13 19:25:47,105.66,108.42,103.57,107.64,28888785
2024-05-14 19:25:47,107.64,110.83,107.36,110.52,31470964
2024-05-15 19:25:47,110.52,113.33,109.0,111.36,13137985
2024-05-16 19:25:47,111.36,115.62,109.24,114.43,36426021
2024-05-17 19:25:47,114.43,116.84,113.02,114.93,7671423
2024-05-18 19:25:47,114.93,115.88,113.55,115.45,36433866
2024-05-19 19:25:47,115.45,117.52,113.31,113.9,10035079
2024-05-20 19:25:47,113.9,117.07,112.67,115.22,12414239
2024-05-21 19:25:47,115.22,118.37,113.77,116.87,4793444
2024-05-22 19:25:47,116.87,120.9,115.77,119.87,26685880
2024-05-23 19:25:47,119.87,120.6,117.83,118.57,29497543
2024-05-24 19:25:47,118.57,118.73,117.91,118.55,19937784
2024-05-25 19:25:47,118.55,122.51,117.43,121.28,21445625
2024-05-26 19:25:47,121.28,124.85,119.0,122.8,14950327
2024-05-27 19:25:47,122.8,123.89,118.87,119.16,45261484
2024-05-28 19:25:47,119.16,122.07,118.05,120.44,3312920
2024-05-29 19:25:47,120.44,121.67,119.91,120.12,15886192
2024-05-30 19:25:47,120.12,121.57,115.32,117.42,1828307
2024-05-31 19:25:47,117.42,119.02,114.75,115.65,21306138
2024-06-01 19:25:47,115.65,119.05,115.05,117.13,38302137
2024-06-02 19:25:47,117.13,120.67,116.11,118.94,42339381
2024-06-03 19:25:47,118.94,119.72,117.5,118.33,27240365
2024-06-04 19:25:47,118.33,121.52,117.14,120.27,42694354
2024-06-05 19:25:47,120.27,121.62,116.6,118.69,9419606
2024-06-06 19:25:47,118.69,121.06,114.84,116.91,29376883
2024-06-07 19:25:47,116.91,118.83,114.2,115.83,9812503
2024-06-08 19:25:47,115.83,115.96,113.76,114.69,35856863
2024-06-09 19:25:47,114.69,115.21,111.21,112.96,27045177
2024-06-10 19:25:47,112.96,116.72,111.55,115.05,33341290
2024-06-11 19:25:47,115.05,115.43,112.89,114.75,5662580
2024-06-12 19:25:47,114.75,115.11,113.34,113.66,31125726
2024-06-13 19:25:47,113.66,114.55,109.61,110.87,34677023
2024-06-14 19:25:47,110.87,112.37,109.89,111.14,33286870
2024-06-15 19:25:47,111.14,113.71,110.45,113.23,33522066
2024-06-16 19:25:47,113.23,116.38,112.36,115.48,30846894
2024-06-17 19:25:47,115.48,119.5,115.27,118.62,20305649
2024-06-18 19:25:47,118.62,118.87,115.54,116.91,44909099
2024-06-19 19:25:47,116.91,117.92,113.93,116.24,4035301
2024-06-20 19:25:47,116.24,118.55,113.39,115.12,16546004
2024-06-21 19:25:47,115.12,117.17,111.72,112.42,9980735
2024-06-22 19:25:47,112.42,114.37,111.45,113.23,1518984
2024-06-23 19:25:47,113.23,116.71,112.61,116.5,44858251
2024-06-24 19:25:47,116.5,119.51,115.5,117.94,36824976
2024-06-25 19:25:47,117.94,121.89,116.44,120.41,19040828
2024-06-26 19:25:47,120.41,122.96,120.35,120.72,26951401
2024-06-27 19:25:47,120.72,123.48,119.54,122.9,25354217
2024-06-28 19:25:47,122.9,123.95,119.67,121.6,34703338
2024-06-29 19:25:47,121.6,123.04,117.75,119.86,44086020
2024-06-30 19:25:47,119.86,124.66,117.87,122.47,39102339
2024-07-01 19:25:47,122.47,122.75,120.18,122.28,21232921
2024-07-02 19:25:47,122.28,124.44,120.36,122.29,21208813
2024-07-03 19:25:47,122.29,127.73,120.88,125.57,3192254
2024-07-04 19:25:47,125.57,127.9,123.04,124.71,16127943
2024-07-05 19:25:47,124.71,126.83,120.72,121.24,37056067
2024-07-06 19:25:47,121.24,125.04,120.14,124.61,41331976
2024-07-07 19:25:47,124.61,126.16,123.47,124.34,8134928
2024-07-08 19:25:47,124.34,125.93,119.49,120.68,42327848
2024-07-09 19:25:47,120.68,125.05,120.03,124.06,44960456
2024-07-10 19:25:47,124.06,124.19,119.43,121.81,21313919
2024-07-11 19:25:47,121.81,122.27,119.83,121.22,10464309
2024-07-12 19:25:47,121.22,127.32,120.64,124.83,22320302
2024-07-13 19:25:47,124.83,128.09,124.14,125.79,46917046
2024-07-14 19:25:47,125.79,127.36,124.8,127.28,5067025
2024-07-15 19:25:47,127.28,129.1,126.51,128.43,22521717
2024-07-16 19:25:47,128.43,131.47,128.18,129.6,17592739
2024-07-17 19:25:47,129.6,130.92,127.54,129.84,44026166
2024-07-18 19:25:47,129.84,132.31,125.43,126.23,20284454
2024-07-19 19:25:47,126.23,130.4,124.19,129.3,43061112
2024-07-20 19:25:47,129.3,135.26,129.02,132.96,4044044
2024-07-21 19:25:47,132.96,135.35,130.32,133.6,19668351
2024-07-22 19:25:47,133.6,135.2,131.88,133.15,40532022
2024-07-23 19:25:47,133.15,137.03,130.51,135.5,3942211
2024-07-24 19:25:47,135.5,137.54,134.38,136.48,41816925
2024-07-25 19:25:47,136.48,136.61,131.23,133.53,48465291
2024-07-26 19:25:47,133.53,133.55,129.82,132.07,16575478
2024-07-27 19:25:47,132.07,134.36,127.41,129.18,31890428
2024-07-28 19:25:47,129.18,131.66,127.47,131.35,18942255
2024-07-29 19:25:47,131.35,137.4,129.36,135.03,39575443
2024-07-30 19:25:47,135.03,137.91,133.75,137.04,20702811
2024-07-31 19:25:47,137.04,138.35,131.24,133.81,24368302
2024-08-01 19:25:47,133.81,135.24,133.68,135.09,36514566
2024-08-02 19:25:47,135.09,135.24,132.59,134.68,25079380
2024-08-03 19:25:47,134.68,134.95,130.77,132.92,47989086
2024-08-04 19:25:47,132.92,134.78,129.35,130.77,31356958
2024-08-05 19:25:47,130.77,135.42,129.88,132.78,38144353
2024-08-06 19:25:47,132.78,137.68,132.12,136.52,47579489
2024-08-07 19:25:47,136.52,136.55,131.87,133.11,13859530
2024-08-08 19:25:47,133.11,136.62,130.93,134.33,23334683
2024-08-09 19:25:47,134.33,136.55,131.83,134.55,1552732
2024-08-10 19:25:47,134.55,136.82,132.79,132.85,23664432
2024-08-11 19:25:47,132.85,134.38,130.91,133.17,4297234
2024-08-12 19:25:47,133.17,138.72,131.04,137.0,6139701
2024-08-13 19:25:47,137.0,139.04,135.87,136.77,10965513
2024-08-14 19:25:47,136.77,139.47,131.76,132.92,39607988
2024-08-15 19:25:47,132.92,135.88,131.35,133.33,34239211
2024-08-16 19:25:47,133.33,135.73,129.69,130.15,26962144
2024-08-17 19:25:47,130.15,132.3,126.03,126.39,7119841
2024-08-18 19:25:47,126.39,129.75,126.01,129.23,49703279
2024-08-19 19:25:47,129.23,134.77,128.56,132.81,44104384
2024-08-20 19:25:47,132.81,134.28,129.58,132.0,8621549
2024-08-21 19:25:47,132.0,135.96,131.57,134.8,21126096
2024-08-22 19:25:47,134.8,137.05,130.46,131.05,4324991
2024-08-23 19:25:47,131.05,134.0,129.03,131.44,26799541
2024-08-24 19:25:47,131.44,135.66,130.02,134.86,39001600
2024-08-25 19:25:47,134.86,137.54,132.25,135.73,13159087
2024-08-26 19:25:47,135.73,139.93,135.73,138.27,32292175
2024-08-27 19:25:47,138.27,138.62,136.76,137.85,33578553
2024-08-28 19:25:47,137.85,139.91,134.71,137.45,27146456
2024-08-29 19:25:47,137.45,141.45,135.03,140.21,16194968
2024-08-30 19:25:47,140.21,142.48,137.44,141.57,6071603
2024-08-31 19:25:47,141.57,144.37,140.64,141.92,26947842
2024-09-01 19:25:47,141.92,144.1,138.63,139.5,28384549
2024-09-02 19:25:47,139.5,144.22,137.76,141.96,41393989
2024-09-03 19:25:47,141.96,146.44,139.79,144.89,35157162
2024-09-04 19:25:47,144.89,147.45,140.23,140.99,17597503
2024-09-05 19:25:47,140.99,142.42,138.93,139.74,9496188
2024-09-06 19:25:47,139.74,142.07,136.18,138.66,32876104
2024-09-07 19:25:47,138.66,141.32,137.91,138.01,31180552
2024-09-08 19:25:47,138.01,138.88,135.7,137.03,38442969
2024-09-09 19:25:47,137.03,138.39,132.3,133.19,11924958
2024-09-10 19:25:47,133.19,135.47,128.36,129.62,32430707
2024-09-11 19:25:47,129.62,133.88,128.32,132.85,17407350
2024-09-12 19:25:47,132.85,135.06,127.67,129.3,27135034
2024-09-13 19:25:47,129.3,129.97,124.8,127.06,22700852
2024-09-14 19:25:47,127.06,127.62,125.21,127.58,2610631
2024-09-15 19:25:47,127.58,131.2,125.85,129.88,39867397
2024-09-16 19:25:47,129.88,134.45,128.22,133.29,36233320
2024-09-17 19:25:47,133.29,135.81,131.39,135.11,47041299
2024-09-18 19:25:47,135.11,140.83,133.95,138.59,46518216
2024-09-19 19:25:47,138.59,139.92,136.1,138.65,3006425
2024-09-20 19:25:47,138.65,139.47,137.33,139.02,43050670
2024-09-21 19:25:47,139.02,145.26,138.48,142.73,35129430
2024-09-22 19:25:47,142.73,146.39,140.42,145.47,19243406
2024-09-23 19:25:47,145.47,148.16,140.73,141.24,16662637
2024-09-24 19:25:47,141.24,142.85,136.57,137.99,13328622
2024-09-25 19:25:47,137.99,139.09,134.39,135.07,17783686
2024-09-26 19:25:47,135.07,138.11,133.61,136.3,41940123
2024-09-27 19:25:47,136.3,141.98,135.4,139.7,36297465
2024-09-28 19:25:47,139.7,141.46,135.34,136.21,30593555
2024-09-29 19:25:47,136.21,138.44,133.71,134.0,25583293
2024-09-30 19:25:47,134.0,137.82,132.57,135.86,26322312
2024-10-01 19:25:47,135.86,140.22,134.1,138.33,45679894
2024-10-02 19:25:47,138.33,140.43,136.76,138.02,31815257
2024-10-03 19:25:47,138.02,144.38,137.9,142.13,4292488
2024-10-04 19:25:47,142.13,144.21,140.56,142.24,48117003
2024-10-05 19:25:47,142.24,147.52,141.5,146.46,35027851
2024-10-06 19:25:47,146.46,148.54,141.06,143.75,3629812
2024-10-07 19:25:47,143.75,145.01,140.19,141.4,24819516
2024-10-08 19:25:47,141.4,143.45,136.4,137.95,41630662
2024-10-09 19:25:47,137.95,140.27,134.77,136.35,22332073
2024-10-10 19:25:47,136.35,138.98,132.83,134.72,5008801
2024-10-11 19:25:47,134.72,134.98,131.18,132.31,15582298
2024-10-12 19:25:47,132.31,133.72,127.81,129.12,15239183
2024-10-13 19:25:47,129.12,130.37,123.83,126.34,33012823
2024-10-14 19:25:47,126.34,129.08,125.03,128.97,14350047
2024-10-15 19:25:47,128.97,135.2,127.75,132.72,23106299
2024-10-16 19:25:47,132.72,135.09,130.61,133.13,43824656
2024-10-17 19:25:47,133.13,135.64,130.43,131.28,20525630
2024-10-18 19:25:47,131.28,133.66,130.16,132.34,47447816
2024-10-19 19:25:47,132.34,133.61,127.93,129.34,16944390
2024-10-20 19:25:47,129.34,131.04,128.51,129.05,32765231
2024-10-21 19:25:47,129.05,130.66,123.94,126.14,23341693
2024-10-22 19:25:47,126.14,129.19,125.81,127.85,44640772
2024-10-23 19:25:47,127.85,128.98,126.9,127.13,7614308
2024-10-24 19:25:47,127.13,128.97,123.92,124.61,25079237
2024-10-25 19:25:47,124.61,126.18,123.11,124.32,26709023
2024-10-26 19:25:47,124.32,127.35,123.78,127.14,27158663
2024-10-27 19:25:47,127.14,127.93,124.51,126.1,34673945
2024-10-28 19:25:47,126.1,127.6,124.06,125.9,26492953
2024-10-29 19:25:47,125.9,127.48,124.14,126.97,18962467
2024-10-30 19:25:47,126.97,128.49,121.66,124.0,4130259
2024-10-31 19:25:47,124.0,126.06,121.6,125.34,48456503
2024-11-01 19:25:47,125.34,126.71,122.24,124.28,22709750
2024-11-02 19:25:47,124.28,126.98,123.79,126.93,46982612
2024-11-03 19:25:47,126.93,130.33,125.87,129.2,47016824
2024-11-04 19:25:47,129.2,131.32,123.9,125.51,45263056
2024-11-05 19:25:47,125.51,125.99,121.71,122.97,25371281
2024-11-06 19:25:47,122.97,124.98,120.65,122.6,14489825
2024-11-07 19:25:47,122.6,123.6,119.51,119.79,45007800
2024-11-08 19:25:47,119.79,120.85,117.2,119.29,30905383
2024-11-09 19:25:47,119.29,120.6,117.15,118.05,22748234
2024-11-10 19:25:47,118.05,118.55,117.44,117.61,12303701
2024-11-11 19:25:47,117.61,119.52,115.79,119.42,2321637
2024-11-12 19:25:47,119.42,120.22,116.79,117.79,36146069
2024-11-13 19:25:47,117.79,118.25,115.4,117.23,27770914
2024-11-14 19:25:47,117.23,118.36,114.45,116.07,44564751
2024-11-15 19:25:47,116.07,116.69,114.43,116.24,37313220
2024-11-16 19:25:47,116.24,117.5,113.58,113.94,8488759
2024-11-17 19:25:47,113.94,116.09,112.25,114.92,41042222
2024-11-18 19:25:47,114.92,116.8,114.16,115.52,14933268
2024-11-19 19:25:47,115.52,119.61,114.93,118.53,5954866
2024-11-20 19:25:47,118.53,120.52,117.76,118.49,2470589
2024-11-21 19:25:47,118.49,119.72,116.69,116.99,4883476
2024-11-22 19:25:47,116.99,117.94,114.3,115.15,45028616
2024-11-23 19:25:47,115.15,116.65,113.38,114.74,15314956
2024-11-24 19:25:47,114.74,114.81,110.6,111.39,45933703
2024-11-25 19:25:47,111.39,112.44,106.75,108.52,29716757
2024-11-26 19:25:47,108.52,110.42,108.5,110.06,49564837
2024-11-27 19:25:47,110.06,111.32,106.71,107.24,34114813
2024-11-28 19:25:47,107.24,108.15,104.38,105.65,9351901
2024-11-29 19:25:47,105.65,107.72,103.93,105.63,7807937
2024-11-30 19:25:47,105.63,108.32,103.73,106.46,21725022
2024-12-01 19:25:47,106.46,106.6,105.46,105.75,6220222
2024-12-02 19:25:47,105.75,109.71,103.97,108.53,13059352
2024-12-03 19:25:47,108.53,110.29,108.09,109.2,29549008
2024-12-04 19:25:47,109.2,110.22,108.72,109.6,47299864
2024-12-05 19:25:47,109.6,110.57,108.63,109.42,38439261
2024-12-06 19:25:47,109.42,113.8,108.88,112.33,9483217
2024-12-07 19:25:47,112.33,114.75,112.17,113.8,33635914
2024-12-08 19:25:47,113.8,113.99,111.6,112.21,9091081
2024-12-09 19:25:47,112.21,114.19,108.53,109.01,19824870
2024-12-10 19:25:47,109.01,109.56,104.0,105.92,49798165
2024-12-11 19:25:47,105.92,107.5,104.18,104.76,25102818
2024-12-12 19:25:47,104.76,108.53,103.87,107.1,9736954
2024-12-13 19:25:47,107.1,107.14,102.4,104.27,44243057
2024-12-14 19:25:47,104.27,105.75,102.63,102.71,37973464
2024-12-15 19:25:47,102.71,103.24,101.05,103.24,40776833
2024-12-16 19:25:47,103.24,104.55,101.26,103.01,44936178
2024-12-17 19:25:47,103.01,103.03,100.53,101.21,6090093
2024-12-18 19:25:47,101.21,101.82,100.6,100.99,42606479
2024-12-19 19:25:47,100.99,102.21,99.44,99.74,16837184
2024-12-20 19:25:47,99.74,102.3,99.08,100.74,34952614
2024-12-21 19:25:47,100.74,102.65,98.11,99.72,17232756
2024-12-22 19:25:47,99.72,101.23,98.31,99.26,17230187
2024-12-23 19:25:47,99.26,100.28,96.92,97.45,24187255
2024-12-24 19:25:47,97.45,97.75,95.12,95.53,38158152
2024-12-25 19:25:47,95.53,96.5,94.75,95.46,21889553
2024-12-26 19:25:47,95.46,97.3,93.05,93.28,23864458
2024-12-27 19:25:47,93.28,93.5,92.41,93.48,49771349
2024-12-28 19:25:47,93.48,94.39,90.55,92.06,28745768
2024-12-29 19:25:47,92.06,94.61,90.53,94.17,44462089
2024-12-30 19:25:47,94.17,96.04,92.76,94.73,49061074
2024-12-31 19:25:47,94.73,94.82,93.12,94.19,43190428
2025-01-01 19:25:47,94.19,94.97,93.19,93.95,28141828
2025-01-02 19:25:47,93.95,94.97,92.67,94.14,27729224
2025-01-03 19:25:47,94.14,95.98,90.91,92.66,40884105
2025-01-04 19:25:47,92.66,93.41,91.21,92.85,49939221
2025-01-05 19:25:47,92.85,96.91,91.58,95.16,47126050
2025-01-06 19:25:47,95.16,95.23,93.21,94.56,15239320
2025-01-07 19:25:47,94.56,97.54,93.8,95.84,11852387
2025-01-08 19:25:47,95.84,97.58,92.6,93.19,5382785
2025-01-09 19:25:47,93.19,95.55,91.69,95.26,1460841
2025-01-10 19:25:47,95.26,97.8,95.0,97.39,24079194
2025-01-11 19:25:47,97.39,101.57,97.16,99.7,30501692
2025-01-12 19:25:47,99.7,101.45,98.38,101.34,8465301
2025-01-13 19:25:47,101.34,103.16,100.99,102.16,44083631
2025-01-14 19:25:47,102.16,103.72,99.24,100.37,47025589
2025-01-15 19:25:47,100.37,102.57,99.39,101.37,6136846
2025-01-16 19:25:47,101.37,102.75,98.36,100.06,43506829
2025-01-17 19:25:47,100.06,101.66,99.08,99.52,17410448
2025-01-18 19:25:47,99.52,100.42,97.86,100.32,34420007
2025-01-19 19:25:47,100.32,103.26,98.98,101.7,45467361
2025-01-20 19:25:47,101.7,105.83,99.95,103.82,47272344
2025-01-21 19:25:47,103.82,105.62,99.54,101.36,43577513
2025-01-22 19:25:47,101.36,102.82,98.12,99.07,4130381
2025-01-23 19:25:47,99.07,99.16,96.24,96.85,44520858
2025-01-24 19:25:47,96.85,98.56,92.47,94.14,20381267
2025-01-25 19:25:47,94.14,95.75,91.73,92.18,41762679
2025-01-26 19:25:47,92.18,94.99,91.25,93.65,39978691
2025-01-27 19:25:47,93.65,94.02,91.38,91.52,40582523
2025-01-28 19:25:47,91.52,93.29,89.34,89.59,13174158
2025-01-29 19:25:47,89.59,90.08,85.56,87.27,5816438
2025-01-30 19:25:47,87.27,88.67,83.4,84.97,47360988
2025-01-31 19:25:47,84.97,88.44,84.4,87.17,26192213
2025-02-01 19:25:47,87.17,88.6,85.91,87.31,17002478
2025-02-02 19:25:47,87.31,89.26,85.97,88.59,39740985
2025-02-03 19:25:47,88.59,91.17,87.76,89.56,23959926
2025-02-04 19:25:47,89.56,90.46,87.46,88.24,21722614
2025-02-05 19:25:47,88.24,89.38,86.56,87.74,25544619
2025-02-06 19:25:47,87.74,87.92,86.81,87.87,19523769
2025-02-07 19:25:47,87.87,89.43,87.39,87.68,27285891
2025-02-08 19:25:47,87.68,90.2,86.68,89.61,43214691
2025-02-09 19:25:47,89.61,90.99,88.11,90.8,47689801
2025-02-10 19:25:47,90.8,91.46,90.36,90.83,4961793
2025-02-11 19:25:47,90.83,91.77,89.61,91.09,28722953
2025-02-12 19:25:47,91.09,93.06,89.9,92.04,49405177
2025-02-13 19:25:47,92.04,93.72,89.08,90.83,22994698
2025-02-14 19:25:47,90.83,92.32,89.14,89.59,6222597
2025-02-15 19:25:47,89.59,90.53,89.59,89.88,21699128
2025-02-16 19:25:47,89.88,90.22,87.56,87.83,35052385
2025-02-17 19:25:47,87.83,88.13,85.19,86.03,39461267
2025-02-18 19:25:47,86.03,87.47,86.01,87.14,10276865
2025-02-19 19:25:47,87.14,89.02,85.55,87.59,17675313
2025-02-20 19:25:47,87.59,89.43,87.08,88.69,39954009
2025-02-21 19:25:47,88.69,90.18,86.36,88.05,23634105
2025-02-22 19:25:47,88.05,90.86,87.82,89.8,23230086
2025-02-23 19:25:47,89.8,90.29,89.15,89.79,48501666
2025-02-24 19:25:47,89.79,90.69,88.67,89.61,17554035
2025-02-25 19:25:47,89.61,90.64,87.33,89.02,12794212
2025-02-26 19:25:47,89.02,90.86,89.01,89.71,47678331
2025-02-27 19:25:47,89.71,90.41,88.97,89.04,12728626
2025-02-28 19:25:47,89.04,90.79,87.27,87.48,30862453
2025-03-01 19:25:47,87.48,87.85,84.3,85.4,3752191
2025-03-02 19:25:47,85.4,87.82,85.25,87.55,46335128
2025-03-03 19:25:47,87.55,89.37,86.76,87.86,30642955
2025-03-04 19:25:47,87.86,90.54,86.65,89.13,49367845
2025-03-05 19:25:47,89.13,89.52,88.86,88.87,38207996
2025-03-06 19:25:47,88.87,89.66,87.22,89.61,7051772
2025-03-07 19:25:47,89.61,90.58,85.62,87.29,48392849
2025-03-08 19:25:47,87.29,88.34,84.61,85.25,12197845
2025-03-09 19:25:47,85.25,87.65,84.06,86.54,16723453
2025-03-10 19:25:47,86.54,88.0,85.64,86.56,24379386
2025-03-11 19:25:47,86.56,87.33,83.08,84.14,41612976
2025-03-12 19:25:47,84.14,84.71,83.81,84.04,26296844
2025-03-13 19:25:47,84.04,85.43,83.41,84.79,35558918
2025-03-14 19:25:47,84.79,87.06,84.39,85.8,40181410
2025-03-15 19:25:47,85.8,86.02,83.14,83.79,12111632
2025-03-16 19:25:47,83.79,86.69,82.95,85.52,30231203
2025-03-17 19:25:47,85.52,88.97,85.32,87.47,19719227
2025-03-18 19:25:47,87.47,88.55,84.15,85.56,1247232
2025-03-19 19:25:47,85.56,88.32,84.24,87.1,12835472
2025-03-20 19:25:47,87.1,87.8,84.55,85.38,32284839
2025-03-21 19:25:47,85.38,88.02,84.86,87.1,16120728
2025-03-22 19:25:47,87.1,90.61,86.65,89.55,16053997
2025-03-23 19:25:47,89.55,89.69,86.13,87.32,31521060
2025-03-24 19:25:47,87.32,89.53,86.77,89.08,31583219
2025-03-25 19:25:47,89.08,89.49,85.76,86.41,46237446
2025-03-26 19:25:47,86.41,87.3,85.89,86.38,43827698
2025-03-27 19:25:47,86.38,86.92,85.46,86.82,7420300
2025-03-28 19:25:47,86.82,88.74,86.49,87.34,33283299
2025-03-29 19:25:47,87.34,88.5,83.5,85.19,15863174
2025-03-30 19:25:47,85.19,88.95,83.91,87.27,3518063
2025-03-31 19:25:47,87.27,88.68,86.03,88.37,20783217
2025-04-01 19:25:47,88.37,89.17,84.9,85.94,14127863
2025-04-02 19:25:47,85.94,87.03,85.51,85.7,3053519
2025-04-03 19:25:47,85.7,86.76,83.05,83.38,2517603
2025-04-04 19:25:47,83.38,85.86,81.85,85.33,28614176
2025-04-05 19:25:47,85.33,87.35,85.05,87.09,8295066
2025-04-06 19:25:47,87.09,87.53,86.62,86.94,1045013
2025-04-07 19:25:47,86.94,87.72,84.15,84.89,16460571
2025-04-08 19:25:47,84.89,86.21,82.05,83.01,25067740
2025-04-09 19:25:47,83.01,85.24,82.65,84.93,30277318
2025-04-10 19:25:47,84.93,86.22,83.97,85.01,27636923
2025-04-11 19:25:47,85.01,86.29,81.53,82.73,25440569
2025-04-12 19:25:47,82.73,84.71,81.92,83.47,30665633
2025-04-13 19:25:47,83.47,86.78,83.18,85.31,38700633
2025-04-14 19:25:47,85.31,85.35,83.94,84.1,7659094
2025-04-15 19:25:47,84.1,87.28,82.47,85.9,48279529
2025-04-16 19:25:47,85.9,89.3,85.81,88.04,8836459
2025-04-17 19:25:47,88.04,89.03,85.17,85.64,45862086
2025-04-18 19:25:47,85.64,86.34,83.69,84.78,20719797
2025-04-19 19:25:47,84.78,87.21,84.38,86.84,48690657
2025-04-20 19:25:47,86.84,87.59,86.07,86.29,43067911
2025-04-21 19:25:47,86.29,87.42,85.25,86.89,41234741
2025-04-22 19:25:47,86.89,90.02,86.48,89.02,20340895
2025-04-23 19:25:47,89.02,90.76,85.62,86.6,15270859
2025-04-24 19:25:47,86.6,86.8,84.13,85.42,17654131
2025-04-25 19:25:47,85.42,88.54,84.43,87.5,45713497
2025-04-26 19:25:47,87.5,88.26,86.67,86.73,39583169
2025-04-27 19:25:47,86.73,87.13,83.52,85.13,15729581
2025-04-28 19:25:47,85.13,85.47,82.92,83.65,16258558
2025-04-29 19:25:47,83.65,84.51,82.43,83.21,48059803
2025-04-30 19:25:47,83.21,84.22,82.16,82.66,43803579
2025-05-01 19:25:47,82.66,84.9,82.34,83.83,45253926
2025-05-02 19:25:47,83.83,84.92,81.76,83.2,46247235
2025-05-03 19:25:47,83.2,85.2,82.61,85.15,8023815
2025-05-04 19:25:47,85.15,86.35,84.25,84.79,16061985
2025-05-05 19:25:47,84.79,86.25,83.3,83.42,21430318
2025-05-06 19:25:47,83.42,83.91,81.25,82.3,2670244
2025-05-07 19:25:47,82.3,82.7,81.71,81.95,49159646
2025-05-08 19:25:47,81.95,83.07,78.98,80.42,27574074
2025-05-09 19:25:47,80.42,80.9,79.05,79.74,5045278
2025-05-10 19:25:47,79.74,80.29,78.36,79.68,42793763
2025-05-11 19:25:47,79.68,80.63,76.31,77.47,41856099
2025-05-12 19:25:47,77.47,78.81,76.56,78.74,48376057
2025-05-13 19:25:47,78.74,80.05,76.42,76.74,48585039
2025-05-14 19:25:47,76.74,78.26,75.86,78.02,6064488
2025-05-15 19:25:47,78.02,80.79,77.5,79.89,27599100
2025-05-16 19:25:47,79.89,80.77,78.73,79.39,2607365
2025-05-17 19:25:47,79.39,81.45,78.44,80.43,40716085
2025-05-18 19:25:47,80.43,80.65,77.11,78.4,5414213
2025-05-19 19:25:47,78.4,79.46,75.81,76.55,22441074
2025-05-20 19:25:47,76.55,77.45,74.02,75.04,20870376
2025-05-21 19:25:47,75.04,75.11,72.87,73.21,30980043
2025-05-22 19:25:47,73.21,75.14,72.93,74.22,40585537
2025-05-23 19:25:47,74.22,76.66,74.21,75.87,45214215
2025-05-24 19:25:47,75.87,77.62,75.68,77.54,17400368
2025-05-25 19:25:47,77.54,77.85,76.39,77.74,36350918
2025-05-26 19:25:47,77.74,79.19,76.55,78.06,31084521
2025-05-27 19:25:47,78.06,78.08,76.06,76.28,13894117
2025-05-28 19:25:47,76.28,77.36,74.9,75.76,31421413
2025-05-29 19:25:47,75.76,77.2,74.41,76.45,47691551
2025-05-30 19:25:47,76.45,79.62,75.81,78.54,26366551
2025-05-31 19:25:47,78.54,79.0,77.35,77.38,10223557
2025-06-01 19:25:47,77.38,79.14,75.9,78.07,5646673
2025-06-02 19:25:47,78.07,78.83,74.67,76.1,14018287
2025-06-03 19:25:47,76.1,76.48,75.77,76.23,43241319
2025-06-04 19:25:47,76.23,76.78,73.49,74.19,48549465
2025-06-05 19:25:47,74.19,74.47,73.41,73.95,16373690
2025-06-06 19:25:47,73.95,76.41,73.32,75.6,35865427
2025-06-07 19:25:47,75.6,78.59,75.06,77.82,38897498
2025-06-08 19:25:47,77.82,78.94,77.1,77.48,8453300
2025-06-09 19:25:47,77.48,80.45,77.06,79.23,40168573
2025-06-10 19:25:47,79.23,80.12,77.89,79.14,19283611
2025-06-11 19:25:47,79.14,82.66,77.86,81.15,24972510
2025-06-12 19:25:47,81.15,82.82,80.54,82.63,18126246
2025-06-13 19:25:47,82.63,82.63,80.78,81.34,33513000
2025-06-14 19:25:47,81.34,82.9,80.95,82.37,26632797
2025-06-15 19:25:47,82.37,83.84,81.01,82.75,10975391
2025-06-16 19:25:47,82.75,84.24,81.97,82.76,33673345
2025-06-17 19:25:47,82.76,82.82,82.59,82.69,38223278
2025-06-18 19:25:47,82.69,84.34,82.09,83.29,44150512
2025-06-19 19:25:47,83.29,85.31,81.8,83.82,37492134
2025-06-20 19:25:47,83.82,84.53,79.85,81.38,49339929
2025-06-21 19:25:47,81.38,81.94,80.12,80.66,38022130
2025-06-22 19:25:47,80.66,81.12,78.84,79.9,11712102
2025-06-23 19:25:47,79.9,80.66,77.14,78.48,12979887
2025-06-24 19:25:47,78.48,80.71,77.28,80.32,31718726
2025-06-25 19:25:47,80.32,80.76,76.48,77.96,9745466
2025-06-26 19:25:47,77.96,79.06,76.51,77.33,47379471
2025-06-27 19:25:47,77.33,79.81,76.7,79.4,22842687
2025-06-28 19:25:47,79.4,79.72,78.42,78.49,16866659
2025-06-29 19:25:47,78.49,80.0,77.96,78.57,39919872
2025-06-30 19:25:47,78.57,79.29,77.14,77.89,24965651
2025-07-01 19:25:47,77.89,80.07,77.59,78.82,13773242
2025-07-02 19:25:47,78.82,81.64,78.51,81.01,37770635
2025-07-03 19:25:47,81.01,82.56,79.12,79.39,39839429
2025-07-04 19:25:47,79.39,79.61,77.16,77.78,32655595
2025-07-05 19:25:47,77.78,78.75,75.4,75.62,14464606
2025-07-06 19:25:47,75.62,76.15,74.12,74.22,36387903
2025-07-07 19:25:47,74.22,74.73,71.1,72.54,43600304
2025-07-08 19:25:47,72.54,75.17,72.51,73.72,48258012
2025-07-09 19:25:47,73.72,76.04,73.41,74.79,12115489
2025-07-10 19:25:47,74.79,75.06,73.1,73.85,18157842
2025-07-11 19:25:47,73.85,74.3,72.21,73.12,47548589
2025-07-12 19:25:47,73.12,73.93,71.95,72.08,1968682
2025-07-13 19:25:47,72.08,72.57,70.56,70.96,20540521
2025-07-14 19:25:47,70.96,71.06,70.28,70.87,8887237
2025-07-15 19:25:47,70.87,71.84,69.09,70.0,17800618
2025-07-16 19:25:47,70.0,70.88,69.34,70.52,36776151
2025-07-17 19:25:47,70.52,73.11,69.28,72.51,18520197
2025-07-18 19:25:47,72.51,72.52,71.13,72.37,43275673
2025-07-19 19:25:47,72.37,74.54,71.46,73.28,6193973
2025-07-20 19:25:47,73.28,74.63,73.1,74.29,28978767
2025-07-21 19:25:47,74.29,74.36,72.24,73.18,25268712
2025-07-22 19:25:47,73.18,74.64,71.55,72.94,1951422
2025-07-23 19:25:47,72.94,74.58,72.68,73.38,14358035
2025-07-24 19:25:47,73.38,74.66,71.33,72.12,30032511
2025-07-25 19:25:47,72.12,73.09,70.47,71.38,15091147
2025-07-26 19:25:47,71.38,72.37,70.33,70.7,39909572
2025-07-27 19:25:47,70.7,70.79,70.3,70.79,36726578
2025-07-28 19:25:47,70.79,72.47,69.45,71.71,13160538
2025-07-29 19:25:47,71.71,72.83,70.81,70.99,25540109
2025-07-30 19:25:47,70.99,72.18,70.18,71.35,48351745
2025-07-31 19:25:47,71.35,71.74,70.65,71.29,19473974
2025-08-01 19:25:47,71.29,71.3,70.02,70.51,26638200
2025-08-02 19:25:47,70.51,71.01,68.68,69.36,11905510
2025-08-03 19:25:47,69.36,71.89,68.94,70.87,27491325
2025-08-04 19:25:47,70.87,71.91,70.8,71.35,33151190
2025-08-05 19:25:47,71.35,72.9,70.55,71.79,9219113
2025-08-06 19:25:47,71.79,72.14,70.37,71.11,25952661
2025-08-07 19:25:47,71.11,72.14,70.64,71.72,10587357
2025-08-08 19:25:47,71.72,72.32,71.12,72.11,45894348
2025-08-09 19:25:47,72.11,73.43,69.64,70.03,47701326
2025-08-10 19:25:47,70.03,70.25,67.69,68.5,4700144
2025-08-11 19:25:47,68.5,71.07,67.16,70.25,42131241
2025-08-12 19:25:47,70.25,72.7,69.41,72.0,32303505
2025-08-13 19:25:47,72.0,72.71,71.6,71.63,24156286
2025-08-14 19:25:47,71.63,73.22,71.25,72.91,23703393
2025-08-15 19:25:47,72.91,74.49,71.95,74.11,47207846
2025-08-16 19:25:47,74.11,75.71,73.58,74.54,2165098
2025-08-17 19:25:47,74.54,75.88,74.15,74.77,16254427
2025-08-18 19:25:47,74.77,77.14,74.49,76.85,36734678
2025-08-19 19:25:47,76.85,77.07,75.99,76.15,6187385
2025-08-20 19:25:47,76.15,78.42,75.06,77.28,25313380
2025-08-21 19:25:47,77.28,77.85,76.72,77.39,9651283
2025-08-22 19:25:47,77.39,77.82,77.04,77.31,8210777
2025-08-23 19:25:47,77.31,79.97,76.87,79.32,23693290
2025-08-24 19:25:47,79.32,80.79,76.46,77.92,23591411
2025-08-25 19:25:47,77.92,79.41,76.38,78.74,20464935
2025-08-26 19:25:47,78.74,79.62,78.03,79.59,26097066
2025-08-27 19:25:47,79.59,82.97,78.31,81.87,47929929
2025-08-28 19:25:47,81.87,82.31,81.61,81.93,7642002
2025-08-29 19:25:47,81.93,83.05,80.74,82.88,12814282
2025-08-30 19:25:47,82.88,84.19,81.06,81.84,32803318
2025-08-31 19:25:47,81.84,82.8,79.63,80.91,32405144
2025-09-01 19:25:47,80.91,81.68,78.46,79.08,13031358
2025-09-02 19:25:47,79.08,81.99,78.47,81.05,26330393
2025-09-03 19:25:47,81.05,82.55,79.09,80.22,21967326
2025-09-04 19:25:47,80.22,83.24,80.06,82.03,15444933
2025-09-05 19:25:47,82.03,82.87,81.57,82.47,45486217
2025-09-06 19:25:47,82.47,83.64,80.21,80.48,10946048
2025-09-07 19:25:47,80.48,83.98,79.84,82.47,30717878
2025-09-08 19:25:47,82.47,82.66,81.36,81.91,41428261
2025-09-09 19:25:47,81.91,83.32,80.74,81.12,23626289
2025-09-10 19:25:47,81.12,81.44,81.09,81.42,21450218
2025-09-11 19:25:47,81.42,81.87,78.83,80.17,15821904
2025-09-12 19:25:47,80.17,80.56,78.7,80.34,43113692
2025-09-13 19:25:47,80.34,83.79,79.22,82.23,44676279
2025-09-14 19:25:47,82.23,84.94,80.68,84.02,23563148
2025-09-15 19:25:47,84.02,85.04,83.47,83.93,10970184
2025-09-16 19:25:47,83.93,84.98,81.42,81.49,21793300
2025-09-17 19:25:47,81.49,82.57,80.77,81.42,38353775
2025-09-18 19:25:47,81.42,82.15,78.46,79.6,3252261
2025-09-19 19:25:47,79.6,81.12,78.82,78.96,42127055
2025-09-20 19:25:47,78.96,82.0,78.13,80.73,40742776
2025-09-21 19:25:47,80.73,80.78,77.34,78.46,38564641
2025-09-22 19:25:47,78.46,80.26,78.29,78.73,33960013
2025-09-23 19:25:47,78.73,79.02,76.64,77.6,18564724
2025-09-24 19:25:47,77.6,77.69,75.44,76.92,40152960
2025-09-25 19:25:47,76.92,77.14,75.61,76.59,11934076
2025-09-26 19:25:47,76.59,77.69,73.02,74.48,9728121
2025-09-27 19:25:47,74.48,75.46,72.93,74.4,18402482
2025-09-28 19:25:47,74.4,75.09,72.49,73.69,18066142
2025-09-29 19:25:47,73.69,75.23,72.94,74.0,32738019
2025-09-30 19:25:47,74.0,74.54,73.31,74.12,3018231
2025-10-01 19:25:47,74.12,74.23,70.78,71.9,6950777
2025-10-02 19:25:47,71.9,72.37,70.35,71.78,17045031
2025-10-03 19:25:47,71.78,72.07,70.55,71.16,28491015
2025-10-04 19:25:47,71.16,71.64,69.12,69.46,40653558
2025-10-05 19:25:47,69.46,71.89,68.6,70.73,40154358
2025-10-06 19:25:47,70.73,73.86,70.44,72.66,46613390
2025-10-07 19:25:47,72.66,73.15,69.99,71.22,37911200
2025-10-08 19:25:47,71.22,73.34,70.18,72.1,7321483
2025-10-09 19:25:47,72.1,72.39,72.05,72.38,24208670
2025-10-10 19:25:47,72.38,72.43,71.21,71.85,5362555
2025-10-11 19:25:47,71.85,72.02,69.65,69.79,36107884
2025-10-12 19:25:47,69.79,69.81,68.7,69.05,47129881
2025-10-13 19:25:47,69.05,70.26,66.9,67.1,35792883
2025-10-14 19:25:47,67.1,67.77,64.91,65.09,5153407
2025-10-15 19:25:47,65.09,65.4,63.49,63.64,43768068
2025-10-16 19:25:47,63.64,65.94,63.06,65.32,19146233
2025-10-17 19:25:47,65.32,66.5,64.82,65.53,30524836
2025-10-18 19:25:47,65.53,65.95,64.31,65.54,8755496
2025-10-19 19:25:47,65.54,66.07,64.3,65.57,48898224
2025-10-20 19:25:47,65.57,67.69,64.56,67.06,48737956
2025-10-21 19:25:47,67.06,67.52,65.84,66.78,44221530
2025-10-22 19:25:47,66.78,69.15,66.52,68.53,46494122
2025-10-23 19:25:47,68.53,68.82,68.15,68.61,30272445
2025-10-24 19:25:47,68.61,70.16,68.59,69.95,22163920
2025-10-25 19:25:47,69.95,70.71,67.58,68.14,34029184
2025-10-26 19:25:47,68.14,68.3,66.91,67.94,8282034
2025-10-27 19:25:47,67.94,69.15,67.48,68.25,31475516
2025-10-28 19:25:47,68.25,69.11,67.12,68.77,18364432
2025-10-29 19:25:47,68.77,70.11,67.05,67.6,1575324
2025-10-30 19:25:47,67.6,68.16,66.44,67.53,28190798
2025-10-31 19:25:47,67.53,68.46,66.29,66.65,40333425
2025-11-01 19:25:47,66.65,67.12,65.95,66.7,7466722
2025-11-02 19:25:47,66.7,68.47,66.01,67.96,37221154
2025-11-03 19:25:47,67.96,70.53,66.89,69.89,42435708
2025-11-04 19:25:47,69.89,70.21,67.58,68.9,23494176
2025-11-05 19:25:47,68.9,69.17,67.41,68.28,47632391
2025-11-06 19:25:47,68.28,69.05,66.53,66.85,34637854
2025-11-07 19:25:47,66.85,67.81,65.04,65.47,24158625
2025-11-08 19:25:47,65.47,67.23,64.87,66.31,41452657
2025-11-09 19:25:47,66.31,66.55,64.94,65.02,37454578
2025-11-10 19:25:47,65.02,65.34,63.02,63.73,28426076
2025-11-11 19:25:47,63.73,64.58,62.67,62.93,18988481
2025-11-12 19:25:47,62.93,64.27,61.97,63.75,49037816
2025-11-13 19:25:47,63.75,64.83,63.02,64.05,10977667
2025-11-14 19:25:47,64.05,65.72,63.53,64.92,11458246
2025-11-15 19:25:47,64.92,65.6,63.1,63.95,7730954
2025-11-16 19:25:47,63.95,65.47,63.46,64.33,17872160
2025-11-17 19:25:47,64.33,65.99,63.49,65.41,36209255
2025-11-18 19:25:47,65.41,66.66,63.19,64.02,43340895
2025-11-19 19:25:47,64.02,64.69,61.3,62.51,39349968
2025-11-20 19:25:47,62.51,63.73,62.03,63.36,21081855
2025-11-21 19:25:47,63.36,64.29,62.58,63.61,25093495
2025-11-22 19:25:47,63.61,65.43,63.37,64.63,43480357
2025-11-23 19:25:47,64.63,65.84,64.02,65.82,49684522
2025-11-24 19:25:47,65.82,66.53,64.33,65.58,42842106
2025-11-25 19:25:47,65.58,66.92,65.28,65.97,33630493
2025-11-26 19:25:47,65.97,66.41,64.82,64.87,11543264
2025-11-27 19:25:47,64.87,65.04,64.81,64.9,16347351
2025-11-28 19:25:47,64.9,67.02,64.45,66.3,38429646
2025-11-29 19:25:47,66.3,67.71,65.26,66.6,3956407
2025-11-30 19:25:47,66.6,67.12,65.36,65.71,35714615
2025-12-01 19:25:47,65.71,66.79,64.2,64.93,39327094
2025-12-02 19:25:47,64.93,66.74,64.28,66.2,25831975
2025-12-03 19:25:47,66.2,67.01,64.05,65.22,1437513
2025-12-04 19:25:47,65.22,67.55,65.09,67.06,33330862
2025-12-05 19:25:47,67.06,68.86,66.48,68.22,25892811
2025-12-06 19:25:47,68.22,69.33,66.46,67.13,14130414
2025-12-07 19:25:47,67.13,69.73,66.18,68.4,35990741
2025-12-08 19:25:47,68.4,70.75,67.75,70.23,46358708
2025-12-09 19:25:47,70.23,72.44,69.91,71.34,20518143
2025-12-10 19:25:47,71.34,73.01,70.34,71.82,17708512
2025-12-11 19:25:47,71.82,72.63,69.7,70.31,4490446
2025-12-12 19:25:47,70.31,71.35,69.92,71.16,42116749
2025-12-13 19:25:47,71.16,71.9,68.07,69.33,8078999
2025-12-14 19:25:47,69.33,70.54,67.6,67.65,43765952
2025-12-15 19:25:47,67.65,67.85,66.64,67.41,7149251
2025-12-16 19:25:47,67.41,69.39,67.17,68.57,3286158
2025-12-17 19:25:47,68.57,71.19,68.39,70.17,18420308
2025-12-18 19:25:47,70.17,72.85,69.71,71.56,28381189
2025-12-19 19:25:47,71.56,72.41,69.81,70.11,19298636
2025-12-20 19:25:47,70.11,71.21,67.98,68.69,14494439
2025-12-21 19:25:47,68.69,69.09,67.61,68.51,45348200
2025-12-22 19:25:47,68.51,69.37,66.74,68.05,24664475
2025-12-23 19:25:47,68.05,70.08,67.38,68.98,48992102
2025-12-24 19:25:47,68.98,69.59,66.57,67.64,12433230
2025-12-25 19:25:47,67.64,69.99,67.26,69.19,24757621
2025-12-26 19:25:47,69.19,70.46,67.94,69.24,5973107
2025-12-27 19:25:47,69.24,70.6,67.75,67.82,43891238
2025-12-28 19:25:47,67.82,67.98,65.93,67.04,4779836
2025-12-29 19:25:47,67.04,69.83,65.93,68.81,44527749
2025-12-30 19:25:47,68.81,69.74,65.47,66.75,33922668
2025-12-31 19:25:47,66.75,67.25,64.81,66.08,47137834
2026-01-01 19:25:47,66.08,67.5,65.98,66.71,41434881
2026-01-02 19:25:47,66.71,68.02,64.78,66.1,15999862
2026-01-03 19:25:47,66.1,67.23,65.02,66.21,33910926
2026-01-04 19:25:47,66.21,66.36,65.36,66.21,3385856
2026-01-05 19:25:47,66.21,67.24,65.44,65.59,48149319
2026-01-06 19:25:47,65.59,66.75,63.99,64.31,5824279
2026-01-07 19:25:47,64.31,64.86,63.19,63.6,26049888
2026-01-08 19:25:47,63.6,63.91,61.8,62.96,44084119
2026-01-09 19:25:47,62.96,65.46,62.56,64.25,19695370
2026-01-10 19:25:47,64.25,65.46,63.26,63.31,2422745
2026-01-11 19:25:47,63.31,64.95,62.36,64.74,47417281
2026-01-12 19:25:47,64.74,65.8,64.35,65.21,37313567
2026-01-13 19:25:47,65.21,66.26,64.25,65.29,34960270
2026-01-14 19:25:47,65.29,67.36,64.15,66.42,42431408
2026-01-15 19:25:47,66.42,66.9,64.5,65.25,42494110
2026-01-16 19:25:47,65.25,66.13,63.99,65.18,5176037
2026-01-17 19:25:47,65.18,66.13,62.6,63.75,10501114
2026-01-18 19:25:47,63.75,64.82,63.62,63.71,32785457
2026-01-19 19:25:47,63.71,65.38,63.18,65.32,13233515
2026-01-20 19:25:47,65.32,66.52,63.31,64.05,15344978
2026-01-21 19:25:47,64.05,65.35,63.7,64.22,27846409
2026-01-22 19:25:47,64.22,64.86,63.94,64.85,7796191
2026-01-23 19:25:47,64.85,66.56,63.89,65.9,18475643
2026-01-24 19:25:47,65.9,67.16,65.01,67.08,45182177
2026-01-25 19:25:47,67.08,68.35,66.1,68.07,2713364
2026-01-26 19:25:47,68.07,69.85,66.89,69.24,43034871
2026-01-27 19:25:47,69.24,70.23,67.07,67.9,33712222
2026-01-28 19:25:47,67.9,69.01,66.76,66.89,2799280
2026-01-29 19:25:47,66.89,68.96,65.98,68.54,5656443
2026-01-30 19:25:47,68.54,68.66,66.76,68.09,48182624
2026-01-31 19:25:47,68.09,68.94,67.81,68.21,18590580
2026-02-01 19:25:47,68.21,69.26,67.15,68.24,4941453
2026-02-02 19:25:47,68.24,68.87,66.34,66.54,21222575
2026-02-03 19:25:47,66.54,68.21,66.29,67.01,19559662
2026-02-04 19:25:47,67.01,68.11,64.98,65.97,8585619
2026-02-05 19:25:47,65.97,67.78,65.51,67.13,9617810
2026-02-06 19:25:47,67.13,68.31,66.42,67.4,43306421
2026-02-07 19:25:47,67.4,69.64,66.32,69.37,20478001
2026-02-08 19:25:47,69.37,70.42,66.36,67.35,28930574
2026-02-09 19:25:47,67.35,69.21,66.04,68.6,9028249
2026-02-10 19:25:47,68.6,68.66,66.78,67.73,8398258
2026-02-11 19:25:47,67.73,70.27,67.48,69.47,2937520
2026-02-12 19:25:47,69.47,71.7,68.96,70.79,23634780
2026-02-13 19:25:47,70.79,71.23,67.99,69.0,40645942
2026-02-14 19:25:47,69.0,71.85,68.29,70.66,14296225
2026-02-15 19:25:47,70.66,71.15,69.19,70.18,15085595
2026-02-16 19:25:47,70.18,71.05,69.49,70.26,37619121
2026-02-17 19:25:47,70.26,72.31,69.61,71.49,14247898
2026-02-18 19:25:47,71.49,73.29,70.15,72.99,42134616
2026-02-19 19:25:47,72.99,74.84,72.91,73.95,5720402
2026-02-20 19:25:47,73.95,74.13,71.88,73.07,11359314
2026-02-21 19:25:47,73.07,75.45,71.97,74.18,18783432
2026-02-22 19:25:47,74.18,75.08,72.68,72.93,27296961
2026-02-23 19:25:47,72.93,73.38,71.82,71.87,33117470
2026-02-24 19:25:47,71.87,72.47,71.38,72.32,7767719
2026-02-25 19:25:47,72.32,74.32,71.28,74.31,49648842
2026-02-26 19:25:47,74.31,75.92,73.1,74.88,29604990
2026-02-27 19:25:47,74.88,77.41,73.77,76.91,22775730
2026-02-28 19:25:47,76.91,77.42,75.87,76.6,12416881
2026-03-01 19:25:47,76.6,77.32,76.16,77.03,49139595
2026-03-02 19:25:47,77.03,78.77,76.8,77.44,30322730
2026-03-03 19:25:47,77.44,78.0,75.78,76.05,21823786
2026-03-04 19:25:47,76.05,76.51,74.81,75.77,8648130
2026-03-05 19:25:47,75.77,77.53,75.08,76.28,25443325
2026-03-06 19:25:47,76.28,78.63,75.13,77.46,40747896
2026-03-07 19:25:47,77.46,78.46,76.66,77.13,23309232
2026-03-08 19:25:47,77.13,77.27,74.27,75.46,26711061
2026-03-09 19:25:47,75.46,76.42,74.81,75.31,44299605
2026-03-10 19:25:47,75.31,76.78,72.73,73.26,35688372
2026-03-11 19:25:47,73.26,74.94,71.91,73.61,5400600
2026-03-12 19:25:47,73.61,76.01,72.54,74.53,10471723
2026-03-13 19:25:47,74.53,75.36,73.33,74.3,20696650
2026-03-14 19:25:47,74.3,76.28,73.21,75.85,9010442
2026-03-15 19:25:47,75.85,77.37,74.77,77.09,13002652
2026-03-16 19:25:47,77.09,80.71,76.1,79.21,10871112
2026-03-17 19:25:47,79.21,79.39,78.49,79.18,15665539
2026-03-18 19:25:47,79.18,79.77,76.3,77.57,19103764
2026-03-19 19:25:47,77.57,78.1,77.21,77.62,14361026
2026-03-20 19:25:47,77.62,78.93,75.07,75.42,9263250
2026-03-21 19:25:47,75.42,76.06,74.98,75.53,3570356
2026-03-22 19:25:47,75.53,77.17,74.74,76.66,17467730
2026-03-23 19:25:47,76.66,77.78,74.58,75.13,25852639
2026-03-24 19:25:47,75.13,76.5,74.9,75.08,36102030
2026-03-25 19:25:47,75.08,75.62,73.83,74.15,26734695
2026-03-26 19:25:47,74.15,75.39,72.01,72.39,18030745
2026-03-27 19:25:47,72.39,74.55,72.07,73.09,46487188
2026-03-28 19:25:47,73.09,73.9,70.65,71.38,6724810
2026-03-29 19:25:47,71.38,71.94,69.27,69.4,26269512
2026-03-30 19:25:47,69.4,71.44,68.03,70.85,38323746
2026-03-31 19:25:47,70.85,72.15,69.37,69.91,28365338
2026-04-01 19:25:47,69.91,72.2,69.21,71.09,21805007
2026-04-02 19:25:47,71.09,72.83,70.45,72.39,14593848
2026-04-03 19:25:47,72.39,73.14,72.06,72.75,47128980
2026-04-04 19:25:47,72.75,72.87,71.48,72.86,30014139
2026-04-05 19:25:47,72.86,74.79,72.37,74.63,23084156
2026-04-06 19:25:47,74.63,76.07,71.37,72.65,16553253
2026-04-07 19:25:47,72.65,73.29,70.91,71.39,44746283
2026-04-08 19:25:47,71.39,72.08,70.47,71.34,3407000
2026-04-09 19:25:47,71.34,73.08,71.25,72.67,13743468
2026-04-10 19:25:47,72.67,74.02,71.61,72.17,44840298
2026-04-11 19:25:47,72.17,75.71,72.09,74.25,42995616
2026-04-12 19:25:47,74.25,74.65,73.21,73.58,49951448
2026-04-13 19:25:47,73.58,73.84,72.79,73.2,29173958
2026-04-14 19:25:47,73.2,73.67,73.13,73.43,21548998
2026-04-15 19:25:47,73.43,76.67,72.59,75.32,44775930
2026-04-16 19:25:47,75.32,75.36,72.5,73.64,5986506
2026-04-17 19:25:47,73.64,75.02,72.94,73.37,42363472
2026-04-18 19:25:47,73.37,74.24,71.31,71.77,30424060
2026-04-19 19:25:47,71.77,72.11,69.69,70.49,29787896
2026-04-20 19:25:47,70.49,70.61,69.53,69.97,13026218
2026-04-21 19:25:47,69.97,73.27,68.96,71.94,16940597
2026-04-22 19:25:47,71.94,73.21,70.62,73.21,43202967
2026-04-23 19:25:47,73.21,74.39,71.16,72.38,26660461
2026-04-24 19:25:47,72.38,73.45,70.3,70.71,49656020
2026-04-25 19:25:47,70.71,72.99,69.66,72.47,28988205
2026-04-26 19:25:47,72.47,73.4,71.85,72.14,48061020
2026-04-27 19:25:47,72.14,73.7,70.78,73.02,35136761
2026-04-28 19:25:47,73.02,74.39,71.27,72.43,38564186
2026-04-29 19:25:47,72.43,74.21,71.22,73.5,32860016
2026-04-30 19:25:47,73.5,75.62,72.29,75.51,19512954
2026-05-01 19:25:47,75.51,77.83,74.45,77.66,44434807
2026-05-02 19:25:47,77.66,78.67,75.61,76.78,10113615
2026-05-03 19:25:47,76.78,77.09,74.42,74.88,37617410
2026-05-04 19:25:47,74.88,74.97,71.8,72.7,45061313
2026-05-05 19:25:47,72.7,73.67,71.14,72.46,15807823
2026-05-06 19:25:47,72.46,73.9,71.46,72.1,42102666
2026-05-07 19:25:47,72.1,72.28,70.84,71.85,32927199
2026-05-08 19:25:47,71.85,73.12,71.19,72.7,4237491
2026-05-09 19:25:47,72.7,73.81,71.33,72.56,3106438
2026-05-10 19:25:47,72.56,73.43,70.81,71.59,27915500
2026-05-11 19:25:47,71.59,72.66,69.44,69.62,22902377
2026-05-12 19:25:47,69.62,69.92,68.82,69.25,14355250
2026-05-13 19:25:47,69.25,71.27,68.34,70.72,1782518
2026-05-14 19:25:47,70.72,72.72,69.78,72.61,29103676
2026-05-15 19:25:47,72.61,72.84,71.02,71.67,22802590
2026-05-16 19:25:47,71.67,73.69,70.98,73.48,12465754
2026-05-17 19:25:47,73.48,76.43,73.26,75.33,20968116
2026-05-18 19:25:47,75.33,77.45,73.96,75.99,27984086
2026-05-19 19:25:47,75.99,76.41,74.3,74.73,18902745
2026-05-20 19:25:47,74.73,78.04,74.35,76.64,26041360
2026-05-21 19:25:47,76.64,78.49,76.43,77.41,15244635
2026-05-22 19:25:47,77.41,80.77,76.23,79.28,41354765
2026-05-23 19:25:47,79.28,80.45,77.93,78.37,26693625
2026-05-24 19:25:47,78.37,81.06,77.98,80.21,37353114
2026-05-25 19:25:47,80.21,80.42,79.44,80.2,27231036
2026-05-26 19:25:47,80.2,81.0,78.91,80.39,13522112
2026-05-27 19:25:47,80.39,81.29,78.59,79.16,13246014
2026-05-28 19:25:47,79.16,81.95,78.35,80.78,47150273
2026-05-29 19:25:47,80.78,81.13,78.6,80.16,30883682
2026-05-30 19:25:47,80.16,81.23,76.78,77.86,41133557
2026-05-31 19:25:47,77.86,79.62,77.47,79.27,4455961
2026-06-01 19:25:47,79.27,80.45,77.49,78.57,36375504
2026-06-02 19:25:47,78.57,79.68,77.26,77.37,5717759
2026-06-03 19:25:47,77.37,77.91,75.11,75.79,43809698
2026-06-04 19:25:47,75.79,76.4,73.58,74.75,7239999
2026-06-05 19:25:47,74.75,75.08,72.57,73.6,16324943
2026-06-06 19:25:47,73.6,74.73,72.84,73.0,7820367
2026-06-07 19:25:47,73.0,76.0,72.06,74.77,6484741
2026-06-08 19:25:47,74.77,76.89,73.95,76.24,9325274
2026-06-09 19:25:47,76.24,76.56,73.68,74.36,19499598
2026-06-10 19:25:47,74.36,74.58,71.54,72.42,3974071
2026-06-11 19:25:47,72.42,72.49,70.15,70.92,25927785
2026-06-12 19:25:47,70.92,72.04,70.36,70.89,27655659
2026-06-13 19:25:47,70.89,71.64,68.26,69.25,29524392
2026-06-14 19:25:47,69.25,71.33,68.47,70.91,27927629
2026-06-15 19:25:47,70.91,72.84,70.62,72.0,34367076
2026-06-16 19:25:47,72.0,72.04,68.79,70.05,23147641
2026-06-17 19:25:47,70.05,72.32,69.6,71.66,46631270
2026-06-18 19:25:47,71.66,73.45,70.69,72.32,17349082
2026-06-19 19:25:47,72.32,75.39,72.13,74.1,7200346
2026-06-20 19:25:47,74.1,75.57,72.73,75.57,1924130
2026-06-21 19:25:47,75.57,78.78,74.31,77.84,42050275
2026-06-22 19:25:47,77.84,78.98,75.05,76.09,6267816
2026-06-23 19:25:47,76.09,77.32,72.71,73.96,30656728
2026-06-24 19:25:47,73.96,75.14,72.87,74.75,11938652
2026-06-25 19:25:47,74.75,76.44,73.56,75.21,12826193
2026-06-26 19:25:47,75.21,76.39,73.57,73.65,7530682
2026-06-27 19:25:47,73.65,74.25,71.17,72.5,39821160
2026-06-28 19:25:47,72.5,72.87,71.22,72.79,11749186
2026-06-29 19:25:47,72.79,74.19,70.34,71.43,35958619
2026-06-30 19:25:47,71.43,73.19,70.37,72.59,14170187
2026-07-01 19:25:47,72.59,73.22,70.47,70.67,8893874
2026-07-02 19:25:47,70.67,72.68,69.28,72.11,11012591
2026-07-03 19:25:47,72.11,73.77,71.63,72.82,7967168
2026-07-04 19:25:47,72.82,75.11,72.37,73.97,35917720
2026-07-05 19:25:47,73.97,74.49,71.21,71.97,19490294
2026-07-06 19:25:47,71.97,73.31,71.92,72.67,13111975
2026-07-07 19:25:47,72.67,74.5,71.59,73.12,33020160
2026-07-08 19:25:47,73.12,73.46,72.73,73.22,23353053
2026-07-09 19:25:47,73.22,74.08,71.21,72.08,32389891
2026-07-10 19:25:47,72.08,72.6,70.92,72.56,30397167
2026-07-11 19:25:47,72.56,75.74,71.36,74.67,8493528
2026-07-12 19:25:47,74.67,75.88,72.33,72.7,24860345
2026-07-13 19:25:47,72.7,75.26,72.09,74.7,27347605
2026-07-14 19:25:47,74.7,74.82,72.87,73.4,4512598
2026-07-15 19:25:47,73.4,75.18,72.85,74.73,25176485
2026-07-16 19:25:47,74.73,77.04,74.19,76.53,10416265
2026-07-17 19:25:47,76.53,77.06,74.68,74.89,27098468
2026-07-18 19:25:47,74.89,75.66,74.3,74.82,5720202
2026-07-19 19:25:47,74.82,75.61,73.83,74.32,7343129
2026-07-20 19:25:47,74.32,74.53,72.98,73.97,4960902
2026-07-21 19:25:47,73.97,76.79,73.03,75.78,27273876
2026-07-22 19:25:47,75.78,78.13,74.96,77.1,6900155
2026-07-23 19:25:47,77.1,79.41,76.18,78.57,29376356
2026-07-24 19:25:47,78.57,81.41,78.34,80.4,48267272
2026-07-25 19:25:47,80.4,82.79,79.45,82.52,4285471
2026-07-26 19:25:47,82.52,84.31,81.9,83.03,29559327
2026-07-27 19:25:47,83.03,85.52,81.39,84.84,23359176
2026-07-28 19:25:47,84.84,87.31,84.77,86.02,28703592
2026-07-29 19:25:47,86.02,87.68,83.34,83.89,35347360
2026-07-30 19:25:47,83.89,85.38,83.11,85.22,2200319
2026-07-31 19:25:47,85.22,86.2,84.2,84.85,6395210
2026-08-01 19:25:47,84.85,86.51,83.51,84.63,18098198
2026-08-02 19:25:47,84.63,86.36,84.51,85.18,23007977
2026-08-03 19:25:47,85.18,88.63,84.81,87.27,8194703
2026-08-04 19:25:47,87.27,88.63,84.42,84.75,30637708
2026-08-05 19:25:47,84.75,87.79,84.58,86.34,45574887
2026-08-06 19:25:47,86.34,87.8,82.81,83.8,24941018
2026-08-07 19:25:47,83.8,83.92,81.86,82.63,24935506
2026-08-08 19:25:47,82.63,83.34,80.05,80.71,34056495
2026-08-09 19:25:47,80.71,81.02,79.17,80.22,40733981
2026-08-10 19:25:47,80.22,80.6,79.27,79.4,33377389
2026-08-11 19:25:47,79.4,80.79,77.89,78.87,26419838
2026-08-12 19:25:47,78.87,79.24,77.57,78.5,25141607
2026-08-13 19:25:47,78.5,79.86,77.39,77.72,1456268
2026-08-14 19:25:47,77.72,81.02,76.4,79.57,10896566
2026-08-15 19:25:47,79.57,80.67,78.36,78.87,38997550
2026-08-16 19:25:47,78.87,79.07,77.96,79.01,14748623
2026-08-17 19:25:47,79.01,80.56,76.98,77.57,16204157
2026-08-18 19:25:47,77.57,78.94,76.53,78.17,33006583
2026-08-19 19:25:47,78.17,78.17,78.06,78.14,33127982
2026-08-20 19:25:47,78.14,78.98,75.8,77.03,27011385
2026-08-21 19:25:47,77.03,77.04,74.94,75.95,23414941
2026-08-22 19:25:47,75.95,76.88,75.55,75.77,23812714
2026-08-23 19:25:47,75.77,76.81,74.65,75.12,37783985
2026-08-24 19:25:47,75.12,75.28,73.61,74.03,26812206
2026-08-25 19:25:47,74.03,75.7,72.65,75.57,4993820
2026-08-26 19:25:47,75.57,77.88,75.42,76.78,49722788
2026-08-27 19:25:47,76.78,78.79,75.73,77.48,29695968
2026-08-28 19:25:47,77.48,78.94,76.29,76.91,14241567
2026-08-29 19:25:47,76.91,77.5,75.94,77.44,35545572
2026-08-30 19:25:47,77.44,77.91,76.16,76.27,20144672
