time,open,high,low,close,volume
2016-09-02 19:25:47,2.5,2.58,2.47,2.56,22870200
2016-09-03 19:25:47,2.56,2.6,2.54,2.58,18663909
2016-09-04 19:25:47,2.58,2.61,2.58,2.6,1679498
2016-09-05 19:25:47,2.6,2.61,2.52,2.55,26326303
2016-09-06 19:25:47,2.55,2.56,2.46,2.48,40029630
2016-09-07 19:25:47,2.48,2.52,2.38,2.42,10020320
2016-09-08 19:25:47,2.42,2.51,2.38,2.47,24761316
2016-09-09 19:25:47,2.47,2.49,2.45,2.47,36771725
2016-09-10 19:25:47,2.47,2.49,2.36,2.4,26822206
2016-09-11 19:25:47,2.4,2.46,2.37,2.42,36032056
2016-09-12 19:25:47,2.42,2.44,2.39,2.43,12990251
2016-09-13 19:25:47,2.43,2.47,2.41,2.41,10015082
2016-09-14 19:25:47,2.41,2.43,2.41,2.41,45072731
2016-09-15 19:25:47,2.41,2.44,2.36,2.39,17913819
2016-09-16 19:25:47,2.39,2.44,2.3,2.35,49695148
2016-09-17 19:25:47,2.35,2.45,2.3,2.41,2966507
2016-09-18 19:25:47,2.41,2.46,2.41,2.42,44658846
2016-09-19 19:25:47,2.42,2.45,2.4,2.45,8612036
2016-09-20 19:25:47,2.45,2.45,2.36,2.41,28952762
2016-09-21 19:25:47,2.41,2.44,2.34,2.35,47725872
2016-09-22 19:25:47,2.35,2.39,2.28,2.33,30368060
2016-09-23 19:25:47,2.33,2.36,2.3,2.32,26899494
2016-09-24 19:25:47,2.32,2.35,2.26,2.29,47688098
2016-09-25 19:25:47,2.29,2.39,2.27,2.35,27416295
2016-09-26 19:25:47,2.35,2.36,2.32,2.34,36569491
2016-09-27 19:25:47,2.34,2.36,2.26,2.28,38924262
2016-09-28 19:25:47,2.28,2.3,2.21,2.22,13793846
2016-09-29 19:25:47,2.22,2.32,2.18,2.28,48820145
2016-09-30 19:25:47,2.28,2.35,2.26,2.32,36102626
2016-10-01 19:25:47,2.32,2.33,2.29,2.32,31254425
2016-10-02 19:25:47,2.32,2.33,2.32,2.33,1784770
2016-10-03 19:25:47,2.33,2.34,2.29,2.3,41850545
2016-10-04 19:25:47,2.3,2.36,2.28,2.31,17630666
2016-10-05 19:25:47,2.31,2.36,2.3,2.33,46216375
2016-10-06 19:25:47,2.33,2.37,2.31,2.36,13898035
2016-10-07 19:25:47,2.36,2.4,2.3,2.33,36085935
2016-10-08 19:25:47,2.33,2.35,2.29,2.34,46377483
2016-10-09 19:25:47,2.34,2.38,2.3,2.38,49940762
2016-10-10 19:25:47,2.38,2.45,2.36,2.43,49514721
2016-10-11 19:25:47,2.43,2.44,2.38,2.42,36064431
2016-10-12 19:25:47,2.42,2.44,2.38,2.43,4967515
2016-10-13 19:25:47,2.43,2.47,2.42,2.47,19938868
2016-10-14 19:25:47,2.47,2.48,2.39,2.4,38056295
2016-10-15 19:25:47,2.4,2.45,2.36,2.42,44985907
2016-10-16 19:25:47,2.42,2.47,2.4,2.46,10503843
2016-10-17 19:25:47,2.46,2.5,2.37,2.4,11339947
2016-10-18 19:25:47,2.4,2.4,2.33,2.33,23933939
2016-10-19 19:25:47,2.33,2.36,2.27,2.27,42999095
2016-10-20 19:25:47,2.27,2.32,2.18,2.2,12885938
2016-10-21 19:25:47,2.2,2.24,2.16,2.16,20170408
2016-10-22 19:25:47,2.16,2.19,2.11,2.11,14983993
2016-10-23 19:25:47,2.11,2.14,2.04,2.05,13830813
2016-10-24 19:25:47,2.05,2.12,2.04,2.08,36383411
2016-10-25 19:25:47,2.08,2.14,2.08,2.14,8191115
2016-10-26 19:25:47,2.14,2.16,2.1,2.15,10841655
2016-10-27 19:25:47,2.15,2.17,2.1,2.11,22610746
2016-10-28 19:25:47,2.11,2.17,2.11,2.14,42547791
2016-10-29 19:25:47,2.14,2.15,2.07,2.09,48974147
2016-10-30 19:25:47,2.09,2.11,2.0,2.03,5704880
2016-10-31 19:25:47,2.03,2.11,2.0,2.07,19569695
2016-11-01 19:25:47,2.07,2.13,2.04,2.1,46008713
2016-11-02 19:25:47,2.1,2.15,2.06,2.14,2299406
2016-11-03 19:25:47,2.14,2.15,2.1,2.13,11236889
2016-11-04 19:25:47,2.13,2.19,2.12,2.17,22247698
2016-11-05 19:25:47,2.17,2.22,2.13,2.21,16373080
2016-11-06 19:25:47,2.21,2.27,2.18,2.24,43687159
2016-11-07 19:25:47,2.24,2.28,2.16,2.18,15510368
2016-11-08 19:25:47,2.18,2.18,2.1,2.13,10251208
2016-11-09 19:25:47,2.13,2.18,2.1,2.14,3412347
2016-11-10 19:25:47,2.14,2.17,2.08,2.11,8585693
2016-11-11 19:25:47,2.11,2.14,2.1,2.12,31879565
2016-11-12 19:25:47,2.12,2.12,2.11,2.11,11992320
2016-11-13 19:25:47,2.11,2.19,2.09,2.16,11036977
2016-11-14 19:25:47,2.16,2.21,2.09,2.12,16973804
2016-11-15 19:25:47,2.12,2.15,2.11,2.12,12621594
2016-11-16 19:25:47,2.12,2.15,2.04,2.07,10938377
2016-11-17 19:25:47,2.07,2.11,2.0,2.05,46556761
2016-11-18 19:25:47,2.05,2.06,1.98,2.01,10874161
2016-11-19 19:25:47,2.01,2.02,1.97,2.01,18398361
2016-11-20 19:25:47,2.01,2.07,2.01,2.05,8175020
2016-11-21 19:25:47,2.05,2.08,2.01,2.01,47395717
2016-11-22 19:25:47,2.01,2.03,1.98,2.02,27873052
2016-11-23 19:25:47,2.02,2.09,2.01,2.05,2545338
2016-11-24 19:25:47,2.05,2.06,2.0,2.02,17147059
2016-11-25 19:25:47,2.02,2.08,1.99,2.04,36959537
2016-11-26 19:25:47,2.04,2.05,2.0,2.03,9532091
2016-11-27 19:25:47,2.03,2.05,1.97,1.98,48009535
2016-11-28 19:25:47,1.98,1.99,1.92,1.94,28062375
2016-11-29 19:25:47,1.94,1.95,1.9,1.9,47446439
2016-11-30 19:25:47,1.9,1.9,1.82,1.85,21784754
2016-12-01 19:25:47,1.85,1.86,1.8,1.82,39272732
2016-12-02 19:25:47,1.82,1.82,1.8,1.8,10012355
2016-12-03 19:25:47,1.8,1.84,1.78,1.82,44163613
2016-12-04 19:25:47,1.82,1.9,1.79,1.86,18666774
2016-12-05 19:25:47,1.86,1.88,1.84,1.88,33217647
2016-12-06 19:25:47,1.88,1.96,1.84,1.92,38579227
2016-12-07 19:25:47,1.92,1.97,1.92,1.93,8467739
2016-12-08 19:25:47,1.93,1.94,1.9,1.94,6446018
2016-12-09 19:25:47,1.94,2.0,1.9,1.97,48269254
2016-12-10 19:25:47,1.97,2.01,1.94,1.98,5478464
2016-12-11 19:25:47,1.98,2.01,1.96,2.0,40101929
2016-12-12 19:25:47,2.0,2.03,1.93,1.96,4283814
2016-12-13 19:25:47,1.96,1.97,1.92,1.95,29930945
2016-12-14 19:25:47,1.95,2.02,1.94,2.0,17494442
2016-12-15 19:25:47,2.0,2.02,1.99,2.0,7408669
2016-12-16 19:25:47,2.0,2.05,1.99,2.04,42301316
2016-12-17 19:25:47,2.04,2.07,1.97,2.01,27624219
2016-12-18 19:25:47,2.01,2.02,1.97,2.01,41010625
2016-12-19 19:25:47,2.01,2.02,1.95,1.96,21937291
2016-12-20 19:25:47,1.96,1.97,1.94,1.97,41420488
2016-12-21 19:25:47,1.97,1.99,1.91,1.93,32005161
2016-12-22 19:25:47,1.93,1.94,1.88,1.92,5161995
2016-12-23 19:25:47,1.92,1.96,1.89,1.93,6055699
2016-12-24 19:25:47,1.93,1.97,1.9,1.96,48218805
2016-12-25 19:25:47,1.96,1.99,1.93,1.98,41215882
2016-12-26 19:25:47,1.98,2.0,1.9,1.93,49305939
2016-12-27 19:25:47,1.93,1.93,1.87,1.91,2772860
2016-12-28 19:25:47,1.91,1.91,1.87,1.9,15715079
2016-12-29 19:25:47,1.9,1.92,1.89,1.91,6644623
2016-12-30 19:25:47,1.91,1.92,1.87,1.91,26138529
2016-12-31 19:25:47,1.91,1.94,1.88,1.94,25643926
2017-01-01 19:25:47,1.94,1.96,1.87,1.89,17790481
2017-01-02 19:25:47,1.89,1.9,1.83,1.85,20283434
2017-01-03 19:25:47,1.85,1.86,1.81,1.82,38582814
2017-01-04 19:25:47,1.82,1.83,1.8,1.81,38198994
2017-01-05 19:25:47,1.81,1.83,1.81,1.81,43125937
2017-01-06 19:25:47,1.81,1.88,1.79,1.85,25403929
2017-01-07 19:25:47,1.85,1.89,1.84,1.86,24166123
2017-01-08 19:25:47,1.86,1.87,1.82,1.82,6206854
2017-01-09 19:25:47,1.82,1.83,1.78,1.82,2339243
2017-01-10 19:25:47,1.82,1.84,1.77,1.79,13066656
2017-01-11 19:25:47,1.79,1.82,1.77,1.77,43554276
2017-01-12 19:25:47,1.77,1.83,1.74,1.8,22655045
2017-01-13 19:25:47,1.8,1.81,1.76,1.77,42064458
2017-01-14 19:25:47,1.77,1.84,1.77,1.82,38822412
2017-01-15 19:25:47,1.82,1.86,1.8,1.83,15152592
2017-01-16 19:25:47,1.83,1.85,1.82,1.83,22904025
2017-01-17 19:25:47,1.83,1.91,1.82,1.88,46317397
2017-01-18 19:25:47,1.88,1.94,1.85,1.91,21892778
2017-01-19 19:25:47,1.91,1.94,1.88,1.93,9430767
2017-01-20 19:25:47,1.93,1.97,1.91,1.96,8920177
2017-01-21 19:25:47,1.96,2.02,1.94,2.01,30481648
2017-01-22 19:25:47,2.01,2.02,1.93,1.96,31496776
2017-01-23 19:25:47,1.96,1.98,1.91,1.93,49175625
2017-01-24 19:25:47,1.93,1.97,1.86,1.9,32905598
2017-01-25 19:25:47,1.9,1.96,1.9,1.94,15906143
2017-01-26 19:25:47,1.94,1.95,1.92,1.92,47568896
2017-01-27 19:25:47,1.92,1.93,1.91,1.92,49175650
2017-01-28 19:25:47,1.92,1.95,1.88,1.88,9428181
2017-01-29 19:25:47,1.88,1.91,1.84,1.87,13344363
2017-01-30 19:25:47,1.87,1.89,1.82,1.83,14089303
2017-01-31 19:25:47,1.83,1.9,1.83,1.88,3511742
2017-02-01 19:25:47,1.88,1.95,1.86,1.92,6907707
2017-02-02 19:25:47,1.92,1.97,1.92,1.95,44161353
2017-02-03 19:25:47,1.95,2.01,1.92,1.99,18889448
2017-02-04 19:25:47,1.99,2.05,1.98,2.04,48749564
2017-02-05 19:25:47,2.04,2.08,2.02,2.06,47615190
2017-02-06 19:25:47,2.06,2.07,2.02,2.04,9880158
2017-02-07 19:25:47,2.04,2.06,2.0,2.05,25618522
2017-02-08 19:25:47,2.05,2.07,1.96,2.0,45457888
2017-02-09 19:25:47,2.0,2.07,1.96,2.05,41395924
2017-02-10 19:25:47,2.05,2.08,2.02,2.07,7594492
2017-02-11 19:25:47,2.07,2.09,2.01,2.02,12691418
2017-02-12 19:25:47,2.02,2.05,1.97,2.0,9632088
2017-02-13 19:25:47,2.0,2.0,1.97,1.99,1850874
2017-02-14 19:25:47,1.99,1.99,1.93,1.96,36980217
2017-02-15 19:25:47,1.96,1.97,1.94,1.95,21478356
2017-02-16 19:25:47,1.95,1.96,1.9,1.92,12094982
2017-02-17 19:25:47,1.92,1.93,1.85,1.87,36433540
2017-02-18 19:25:47,1.87,1.91,1.82,1.83,14997780
2017-02-19 19:25:47,1.83,1.85,1.77,1.8,16550765
2017-02-20 19:25:47,1.8,1.83,1.74,1.76,49663441
2017-02-21 19:25:47,1.76,1.78,1.7,1.7,21292392
2017-02-22 19:25:47,1.7,1.73,1.66,1.68,8598633
2017-02-23 19:25:47,1.68,1.7,1.64,1.66,12518045
2017-02-24 19:25:47,1.66,1.74,1.63,1.71,26729899
2017-02-25 19:25:47,1.71,1.73,1.7,1.71,13402538
2017-02-26 19:25:47,1.71,1.75,1.68,1.74,40039457
2017-02-27 19:25:47,1.74,1.77,1.74,1.74,7069218
2017-02-28 19:25:47,1.74,1.74,1.71,1.71,45137736
2017-03-01 19:25:47,1.71,1.72,1.69,1.7,48205988
2017-03-02 19:25:47,1.7,1.71,1.67,1.7,35738437
2017-03-03 19:25:47,1.7,1.71,1.67,1.71,9504018
2017-03-04 19:25:47,1.71,1.76,1.71,1.74,32376365
2017-03-05 19:25:47,1.74,1.8,1.71,1.77,14430081
2017-03-06 19:25:47,1.77,1.84,1.75,1.82,5481040
2017-03-07 19:25:47,1.82,1.9,1.81,1.87,34066299
2017-03-08 19:25:47,1.87,1.88,1.83,1.83,22362383
2017-03-09 19:25:47,1.83,1.87,1.77,1.79,33439699
2017-03-10 19:25:47,1.79,1.85,1.79,1.83,19688966
2017-03-11 19:25:47,1.83,1.87,1.81,1.85,27536229
2017-03-12 19:25:47,1.85,1.91,1.82,1.91,15003222
2017-03-13 19:25:47,1.91,1.97,1.88,1.94,32236494
2017-03-14 19:25:47,1.94,1.96,1.89,1.89,3890364
2017-03-15 19:25:47,1.89,1.9,1.83,1.85,31232628
2017-03-16 19:25:47,1.85,1.86,1.82,1.83,22992525
2017-03-17 19:25:47,1.83,1.87,1.81,1.82,34473525
2017-03-18 19:25:47,1.82,1.84,1.77,1.8,45263317
2017-03-19 19:25:47,1.8,1.83,1.77,1.79,49334411
2017-03-20 19:25:47,1.79,1.81,1.76,1.78,47380226
2017-03-21 19:25:47,1.78,1.79,1.75,1.78,33009548
2017-03-22 19:25:47,1.78,1.81,1.76,1.77,42622945
2017-03-23 19:25:47,1.77,1.79,1.74,1.75,29116809
2017-03-24 19:25:47,1.75,1.79,1.74,1.78,26338528
2017-03-25 19:25:47,1.78,1.78,1.74,1.75,10860264
2017-03-26 19:25:47,1.75,1.83,1.74,1.8,34100101
2017-03-27 19:25:47,1.8,1.83,1.75,1.78,13248976
2017-03-28 19:25:47,1.78,1.81,1.71,1.73,36664570
2017-03-29 19:25:47,1.73,1.76,1.73,1.75,23288068
2017-03-30 19:25:47,1.75,1.78,1.75,1.75,35853984
2017-03-31 19:25:47,1.75,1.82,1.73,1.8,49041234
2017-04-01 19:25:47,1.8,1.8,1.77,1.77,44897031
2017-04-02 19:25:47,1.77,1.81,1.76,1.78,43168480
2017-04-03 19:25:47,1.78,1.81,1.7,1.73,22496543
2017-04-04 19:25:47,1.73,1.77,1.68,1.69,41761937
2017-04-05 19:25:47,1.69,1.7,1.62,1.65,19831210
2017-04-06 19:25:47,1.65,1.69,1.62,1.67,31386638
2017-04-07 19:25:47,1.67,1.72,1.67,1.69,14829983
2017-04-08 19:25:47,1.69,1.71,1.68,1.69,27169382
2017-04-09 19:25:47,1.69,1.72,1.62,1.66,46266465
2017-04-10 19:25:47,1.66,1.69,1.6,1.61,30397663
2017-04-11 19:25:47,1.61,1.68,1.58,1.65,37689507
2017-04-12 19:25:47,1.65,1.67,1.64,1.65,32532785
2017-04-13 19:25:47,1.65,1.66,1.58,1.6,18249955
2017-04-14 19:25:47,1.6,1.6,1.55,1.58,30103768
2017-04-15 19:25:47,1.58,1.58,1.5,1.53,19447522
2017-04-16 19:25:47,1.53,1.58,1.51,1.57,4493993
2017-04-17 19:25:47,1.57,1.59,1.56,1.58,13114117
2017-04-18 19:25:47,1.58,1.6,1.58,1.59,39674890
2017-04-19 19:25:47,1.59,1.65,1.58,1.62,21762133
2017-04-20 19:25:47,1.62,1.68,1.6,1.66,16227100
2017-04-21 19:25:47,1.66,1.67,1.66,1.66,16396821
2017-04-22 19:25:47,1.66,1.7,1.63,1.67,32311372
2017-04-23 19:25:47,1.67,1.67,1.63,1.63,49466899
2017-04-24 19:25:47,1.63,1.67,1.62,1.65,34793790
2017-04-25 19:25:47,1.65,1.69,1.64,1.66,36199899
2017-04-26 19:25:47,1.66,1.68,1.63,1.64,27008868
2017-04-27 19:25:47,1.64,1.7,1.62,1.68,20567117
2017-04-28 19:25:47,1.68,1.69,1.65,1.66,4681989
2017-04-29 19:25:47,1.66,1.71,1.64,1.69,38504341
2017-04-30 19:25:47,1.69,1.71,1.68,1.71,2997352
2017-05-01 19:25:47,1.71,1.73,1.68,1.72,20123162
2017-05-02 19:25:47,1.72,1.73,1.69,1.71,22794470
2017-05-03 19:25:47,1.71,1.76,1.7,1.74,35033790
2017-05-04 19:25:47,1.74,1.75,1.72,1.74,44178959
2017-05-05 19:25:47,1.74,1.77,1.73,1.76,40077001
2017-05-06 19:25:47,1.76,1.77,1.74,1.75,17560637
2017-05-07 19:25:47,1.75,1.8,1.74,1.78,36506842
2017-05-08 19:25:47,1.78,1.79,1.72,1.75,10735492
2017-05-09 19:25:47,1.75,1.79,1.7,1.72,42056285
2017-05-10 19:25:47,1.72,1.75,1.66,1.69,40488885
2017-05-11 19:25:47,1.69,1.76,1.67,1.73,3350673
2017-05-12 19:25:47,1.73,1.79,1.71,1.76,49836510
2017-05-13 19:25:47,1.76,1.8,1.69,1.72,12085641
2017-05-14 19:25:47,1.72,1.78,1.72,1.77,12355214
2017-05-15 19:25:47,1.77,1.78,1.76,1.78,7445604
2017-05-16 19:25:47,1.78,1.78,1.74,1.76,25469805
2017-05-17 19:25:47,1.76,1.79,1.72,1.72,18728627
2017-05-18 19:25:47,1.72,1.72,1.68,1.7,29018837
2017-05-19 19:25:47,1.7,1.73,1.63,1.67,5271573
2017-05-20 19:25:47,1.67,1.7,1.6,1.62,4913693
2017-05-21 19:25:47,1.62,1.64,1.62,1.63,41018337
2017-05-22 19:25:47,1.63,1.66,1.57,1.59,29010509
2017-05-23 19:25:47,1.59,1.62,1.59,1.61,3747337
2017-05-24 19:25:47,1.61,1.62,1.58,1.6,27385190
2017-05-25 19:25:47,1.6,1.63,1.59,1.62,15415051
2017-05-26 19:25:47,1.62,1.65,1.6,1.64,33279418
2017-05-27 19:25:47,1.64,1.64,1.6,1.63,30380795
2017-05-28 19:25:47,1.63,1.65,1.62,1.63,7399784
2017-05-29 19:25:47,1.63,1.63,1.61,1.63,22669473
2017-05-30 19:25:47,1.63,1.66,1.62,1.65,21694933
2017-05-31 19:25:47,1.65,1.67,1.64,1.64,19820330
2017-06-01 19:25:47,1.64,1.67,1.61,1.65,37954073
2017-06-02 19:25:47,1.65,1.69,1.64,1.67,16934607
2017-06-03 19:25:47,1.67,1.7,1.67,1.68,20832983
2017-06-04 19:25:47,1.68,1.7,1.67,1.69,22411122
2017-06-05 19:25:47,1.69,1.71,1.68,1.68,6078652
2017-06-06 19:25:47,1.68,1.73,1.67,1.72,5879416
2017-06-07 19:25:47,1.72,1.72,1.66,1.69,20972900
2017-06-08 19:25:47,1.69,1.75,1.66,1.72,43775122
2017-06-09 19:25:47,1.72,1.8,1.72,1.76,33715053
2017-06-10 19:25:47,1.76,1.83,1.74,1.8,41658649
2017-06-11 19:25:47,1.8,1.82,1.8,1.81,6226420
2017-06-12 19:25:47,1.81,1.88,1.79,1.84,43727626
2017-06-13 19:25:47,1.84,1.87,1.77,1.79,1251075
2017-06-14 19:25:47,1.79,1.79,1.76,1.78,14102971
2017-06-15 19:25:47,1.78,1.81,1.72,1.75,4198165
2017-06-16 19:25:47,1.75,1.79,1.71,1.75,20562563
2017-06-17 19:25:47,1.75,1.76,1.73,1.76,40978757
2017-06-18 19:25:47,1.76,1.79,1.74,1.75,27569047
2017-06-19 19:25:47,1.75,1.77,1.73,1.74,46950909
2017-06-20 19:25:47,1.74,1.76,1.72,1.73,37386933
2017-06-21 19:25:47,1.73,1.77,1.7,1.75,36989210
2017-06-22 19:25:47,1.75,1.75,1.69,1.72,46571513
2017-06-23 19:25:47,1.72,1.74,1.66,1.68,29258692
2017-06-24 19:25:47,1.68,1.7,1.68,1.7,25160080
2017-06-25 19:25:47,1.7,1.71,1.64,1.65,30002361
2017-06-26 19:25:47,1.65,1.67,1.65,1.67,47705823
2017-06-27 19:25:47,1.67,1.68,1.63,1.64,19327358
2017-06-28 19:25:47,1.64,1.64,1.59,1.6,1415827
2017-06-29 19:25:47,1.6,1.62,1.57,1.6,2854830
2017-06-30 19:25:47,1.6,1.61,1.55,1.56,21143215
2017-07-01 19:25:47,1.56,1.57,1.51,1.52,31333557
2017-07-02 19:25:47,1.52,1.53,1.46,1.48,34638738
2017-07-03 19:25:47,1.48,1.53,1.47,1.51,2020313
2017-07-04 19:25:47,1.51,1.54,1.48,1.51,12477007
2017-07-05 19:25:47,1.51,1.55,1.5,1.52,23251450
2017-07-06 19:25:47,1.52,1.55,1.49,1.54,31901348
2017-07-07 19:25:47,1.54,1.58,1.52,1.58,28088439
2017-07-08 19:25:47,1.58,1.61,1.56,1.59,24481416
2017-07-09 19:25:47,1.59,1.62,1.56,1.57,9304430
2017-07-10 19:25:47,1.57,1.57,1.56,1.57,42722801
2017-07-11 19:25:47,1.57,1.58,1.51,1.53,32015890
2017-07-12 19:25:47,1.53,1.6,1.52,1.58,28837508
2017-07-13 19:25:47,1.58,1.61,1.56,1.6,39976503
2017-07-14 19:25:47,1.6,1.63,1.58,1.61,30342972
2017-07-15 19:25:47,1.61,1.61,1.58,1.58,44803043
2017-07-16 19:25:47,1.58,1.61,1.54,1.56,17437326
2017-07-17 19:25:47,1.56,1.6,1.56,1.58,34790080
2017-07-18 19:25:47,1.58,1.61,1.56,1.58,36971298
2017-07-19 19:25:47,1.58,1.6,1.53,1.56,11542292
2017-07-20 19:25:47,1.56,1.6,1.55,1.59,12134429
2017-07-21 19:25:47,1.59,1.62,1.59,1.6,6657572
2017-07-22 19:25:47,1.6,1.63,1.58,1.59,6351861
2017-07-23 19:25:47,1.59,1.61,1.57,1.6,39407135
2017-07-24 19:25:47,1.6,1.62,1.58,1.62,40452975
2017-07-25 19:25:47,1.62,1.64,1.55,1.58,8451542
2017-07-26 19:25:47,1.58,1.6,1.51,1.54,11391080
2017-07-27 19:25:47,1.54,1.6,1.51,1.58,26652281
2017-07-28 19:25:47,1.58,1.64,1.55,1.61,15921989
2017-07-29 19:25:47,1.61,1.63,1.54,1.57,24514497
2017-07-30 19:25:47,1.57,1.62,1.54,1.61,22843852
2017-07-31 19:25:47,1.61,1.66,1.59,1.63,4134871
2017-08-01 19:25:47,1.63,1.65,1.57,1.6,37411295
2017-08-02 19:25:47,1.6,1.66,1.58,1.63,46798103
2017-08-03 19:25:47,1.63,1.66,1.58,1.59,22989875
2017-08-04 19:25:47,1.59,1.61,1.56,1.6,12822237
2017-08-05 19:25:47,1.6,1.61,1.56,1.56,43178269
2017-08-06 19:25:47,1.56,1.58,1.5,1.52,3642914
2017-08-07 19:25:47,1.52,1.59,1.52,1.56,10227762
2017-08-08 19:25:47,1.56,1.59,1.54,1.59,24217841
2017-08-09 19:25:47,1.59,1.6,1.56,1.56,6173477
2017-08-10 19:25:47,1.56,1.57,1.52,1.54,37055041
2017-08-11 19:25:47,1.54,1.57,1.53,1.55,19947339
2017-08-12 19:25:47,1.55,1.56,1.51,1.52,49812602
2017-08-13 19:25:47,1.52,1.58,1.49,1.55,41896613
2017-08-14 19:25:47,1.55,1.59,1.55,1.59,10713193
2017-08-15 19:25:47,1.59,1.63,1.57,1.6,15738291
2017-08-16 19:25:47,1.6,1.6,1.58,1.58,14975416
2017-08-17 19:25:47,1.58,1.61,1.57,1.57,4460731
2017-08-18 19:25:47,1.57,1.63,1.57,1.61,6957870
2017-08-19 19:25:47,1.61,1.65,1.6,1.65,9890311
2017-08-20 19:25:47,1.65,1.65,1.61,1.62,16294861
2017-08-21 19:25:47,1.62,1.64,1.59,1.62,17899173
2017-08-22 19:25:47,1.62,1.64,1.59,1.62,7796488
2017-08-23 19:25:47,1.62,1.69,1.59,1.66,49456078
2017-08-24 19:25:47,1.66,1.66,1.64,1.65,9640160
2017-08-25 19:25:47,1.65,1.67,1.6,1.62,13797860
2017-08-26 19:25:47,1.62,1.63,1.61,1.62,15733641
2017-08-27 19:25:47,1.62,1.66,1.61,1.65,47742310
2017-08-28 19:25:47,1.65,1.67,1.58,1.61,38191307
2017-08-29 19:25:47,1.61,1.63,1.61,1.62,29436914
2017-08-30 19:25:47,1.62,1.64,1.59,1.62,3147528
2017-08-31 19:25:47,1.62,1.64,1.55,1.58,45472446
2017-09-01 19:25:47,1.58,1.58,1.53,1.55,34605101
2017-09-02 19:25:47,1.55,1.57,1.51,1.53,18858097
2017-09-03 19:25:47,1.53,1.54,1.53,1.53,16410226
2017-09-04 19:25:47,1.53,1.56,1.51,1.56,45442518
2017-09-05 19:25:47,1.56,1.61,1.55,1.6,6416140
2017-09-06 19:25:47,1.6,1.6,1.59,1.59,46073851
2017-09-07 19:25:47,1.59,1.63,1.56,1.61,48426084
2017-09-08 19:25:47,1.61,1.64,1.56,1.59,17897934
2017-09-09 19:25:47,1.59,1.61,1.58,1.59,36190143
2017-09-10 19:25:47,1.59,1.62,1.58,1.59,30394971
2017-09-11 19:25:47,1.59,1.61,1.58,1.59,48574554
2017-09-12 19:25:47,1.59,1.6,1.59,1.59,38171875
2017-09-13 19:25:47,1.59,1.64,1.56,1.63,19194749
2017-09-14 19:25:47,1.63,1.67,1.62,1.66,36758655
2017-09-15 19:25:47,1.66,1.72,1.65,1.7,4273384
2017-09-16 19:25:47,1.7,1.73,1.62,1.65,28527650
2017-09-17 19:25:47,1.65,1.67,1.64,1.64,36783984
2017-09-18 19:25:47,1.64,1.71,1.63,1.68,18055897
2017-09-19 19:25:47,1.68,1.7,1.64,1.64,23315069
2017-09-20 19:25:47,1.64,1.66,1.61,1.65,39785970
2017-09-21 19:25:47,1.65,1.66,1.62,1.62,7602710
2017-09-22 19:25:47,1.62,1.64,1.6,1.62,34991321
2017-09-23 19:25:47,1.62,1.65,1.6,1.62,21012384
2017-09-24 19:25:47,1.62,1.64,1.58,1.58,27451941
2017-09-25 19:25:47,1.58,1.61,1.56,1.61,42822823
2017-09-26 19:25:47,1.61,1.61,1.56,1.58,34972485
2017-09-27 19:25:47,1.58,1.6,1.57,1.6,45054202
2017-09-28 19:25:47,1.6,1.6,1.57,1.6,37996683
2017-09-29 19:25:47,1.6,1.6,1.58,1.58,1953641
2017-09-30 19:25:47,1.58,1.62,1.58,1.61,49264020
2017-10-01 19:25:47,1.61,1.63,1.59,1.6,46262937
2017-10-02 19:25:47,1.6,1.63,1.59,1.62,47030505
2017-10-03 19:25:47,1.62,1.69,1.61,1.67,19564443
2017-10-04 19:25:47,1.67,1.7,1.65,1.7,41588231
2017-10-05 19:25:47,1.7,1.75,1.68,1.74,33647022
2017-10-06 19:25:47,1.74,1.78,1.73,1.76,17917196
2017-10-07 19:25:47,1.76,1.78,1.71,1.73,19225519
2017-10-08 19:25:47,1.73,1.74,1.71,1.71,46804510
2017-10-09 19:25:47,1.71,1.73,1.67,1.68,37560874
2017-10-10 19:25:47,1.68,1.69,1.65,1.69,4522791
2017-10-11 19:25:47,1.69,1.72,1.67,1.7,22902350
2017-10-12 19:25:47,1.7,1.73,1.65,1.67,28368660
2017-10-13 19:25:47,1.67,1.68,1.63,1.66,22649623
2017-10-14 19:25:47,1.66,1.68,1.63,1.66,3207594
2017-10-15 19:25:47,1.66,1.68,1.61,1.64,36285078
2017-10-16 19:25:47,1.64,1.7,1.62,1.67,42728293
2017-10-17 19:25:47,1.67,1.74,1.65,1.71,14528868
2017-10-18 19:25:47,1.71,1.77,1.69,1.74,36341181
2017-10-19 19:25:47,1.74,1.79,1.7,1.76,27885496
2017-10-20 19:25:47,1.76,1.81,1.76,1.78,11809177
2017-10-21 19:25:47,1.78,1.8,1.72,1.74,12390940
2017-10-22 19:25:47,1.74,1.8,1.72,1.77,42593031
2017-10-23 19:25:47,1.77,1.77,1.75,1.76,13689732
2017-10-24 19:25:47,1.76,1.78,1.74,1.75,29205061
2017-10-25 19:25:47,1.75,1.78,1.75,1.76,33572714
2017-10-26 19:25:47,1.76,1.79,1.75,1.76,11222906
2017-10-27 19:25:47,1.76,1.78,1.71,1.74,22903734
2017-10-28 19:25:47,1.74,1.75,1.72,1.74,2193880
2017-10-29 19:25:47,1.74,1.74,1.73,1.74,39670542
2017-10-30 19:25:47,1.74,1.75,1.72,1.74,44013226
2017-10-31 19:25:47,1.74,1.8,1.71,1.78,30731846
2017-11-01 19:25:47,1.78,1.8,1.74,1.78,8075080
2017-11-02 19:25:47,1.78,1.81,1.76,1.79,46694884
2017-11-03 19:25:47,1.79,1.8,1.76,1.77,13013079
2017-11-04 19:25:47,1.77,1.8,1.76,1.78,26512298
2017-11-05 19:25:47,1.78,1.8,1.72,1.74,41261056
2017-11-06 19:25:47,1.74,1.78,1.74,1.76,12692780
2017-11-07 19:25:47,1.76,1.77,1.72,1.74,41603978
2017-11-08 19:25:47,1.74,1.78,1.73,1.77,32739586
2017-11-09 19:25:47,1.77,1.81,1.75,1.8,11059565
2017-11-10 19:25:47,1.8,1.81,1.78,1.8,8624299
2017-11-11 19:25:47,1.8,1.84,1.79,1.84,31659194
2017-11-12 19:25:47,1.84,1.87,1.82,1.84,10583322
2017-11-13 19:25:47,1.84,1.9,1.83,1.88,29508033
2017-11-14 19:25:47,1.88,1.91,1.86,1.9,20646222
2017-11-15 19:25:47,1.9,1.92,1.85,1.86,45406422
2017-11-16 19:25:47,1.86,1.93,1.83,1.91,11388430
2017-11-17 19:25:47,1.91,1.96,1.91,1.95,6023883
2017-11-18 19:25:47,1.95,1.98,1.92,1.94,22794422
2017-11-19 19:25:47,1.94,1.97,1.88,1.89,5021017
2017-11-20 19:25:47,1.89,1.89,1.82,1.83,12447450
2017-11-21 19:25:47,1.83,1.87,1.81,1.82,20792679
2017-11-22 19:25:47,1.82,1.86,1.77,1.79,20756289
2017-11-23 19:25:47,1.79,1.8,1.77,1.79,10059170
2017-11-24 19:25:47,1.79,1.82,1.77,1.79,6510858
2017-11-25 19:25:47,1.79,1.85,1.76,1.83,14790808
2017-11-26 19:25:47,1.83,1.86,1.8,1.83,26356372
2017-11-27 19:25:47,1.83,1.85,1.77,1.79,42287015
2017-11-28 19:25:47,1.79,1.81,1.77,1.77,10630008
2017-11-29 19:25:47,1.77,1.8,1.75,1.77,26094388
2017-11-30 19:25:47,1.77,1.82,1.73,1.79,22789633
2017-12-01 19:25:47,1.79,1.82,1.75,1.76,40259726
2017-12-02 19:25:47,1.76,1.78,1.7,1.73,33267665
2017-12-03 19:25:47,1.73,1.75,1.7,1.72,45004558
2017-12-04 19:25:47,1.72,1.73,1.72,1.72,20263770
2017-12-05 19:25:47,1.72,1.74,1.68,1.71,48632987
2017-12-06 19:25:47,1.71,1.77,1.68,1.74,36981943
2017-12-07 19:25:47,1.74,1.77,1.72,1.72,47470622
2017-12-08 19:25:47,1.72,1.73,1.67,1.67,37757043
2017-12-09 19:25:47,1.67,1.73,1.66,1.72,37058590
2017-12-10 19:25:47,1.72,1.74,1.71,1.71,26531148
2017-12-11 19:25:47,1.71,1.72,1.66,1.67,45944127
2017-12-12 19:25:47,1.67,1.69,1.62,1.65,27605644
2017-12-13 19:25:47,1.65,1.68,1.64,1.67,44247561
2017-12-14 19:25:47,1.67,1.7,1.62,1.63,43746632
2017-12-15 19:25:47,1.63,1.64,1.59,1.61,7892235
2017-12-16 19:25:47,1.61,1.67,1.6,1.65,10392180
2017-12-17 19:25:47,1.65,1.71,1.65,1.69,2361851
2017-12-18 19:25:47,1.69,1.72,1.64,1.65,7327027
2017-12-19 19:25:47,1.65,1.65,1.62,1.62,25356130
2017-12-20 19:25:47,1.62,1.63,1.59,1.62,24095731
2017-12-21 19:25:47,1.62,1.63,1.6,1.61,14197782
2017-12-22 19:25:47,1.61,1.67,1.6,1.65,34928034
2017-12-23 19:25:47,1.65,1.68,1.62,1.65,41081287
2017-12-24 19:25:47,1.65,1.68,1.6,1.63,42279243
2017-12-25 19:25:47,1.63,1.64,1.62,1.64,32940675
2017-12-26 19:25:47,1.64,1.66,1.59,1.6,40539916
2017-12-27 19:25:47,1.6,1.63,1.57,1.59,47034898
2017-12-28 19:25:47,1.59,1.65,1.58,1.62,36380945
2017-12-29 19:25:47,1.62,1.69,1.61,1.66,25295166
2017-12-30 19:25:47,1.66,1.68,1.59,1.62,40482152
2017-12-31 19:25:47,1.62,1.65,1.6,1.6,41631123
2018-01-01 19:25:47,1.6,1.63,1.58,1.61,42947283
2018-01-02 19:25:47,1.61,1.67,1.61,1.64,38098900
2018-01-03 19:25:47,1.64,1.66,1.59,1.61,39109814
2018-01-04 19:25:47,1.61,1.63,1.6,1.6,45831233
2018-01-05 19:25:47,1.6,1.66,1.6,1.64,19416494
2018-01-06 19:25:47,1.64,1.69,1.62,1.67,4851650
2018-01-07 19:25:47,1.67,1.7,1.64,1.64,45329830
2018-01-08 19:25:47,1.64,1.66,1.61,1.64,27233952
2018-01-09 19:25:47,1.64,1.66,1.62,1.62,13529780
2018-01-10 19:25:47,1.62,1.63,1.59,1.6,48953119
2018-01-11 19:25:47,1.6,1.61,1.57,1.6,36907179
2018-01-12 19:25:47,1.6,1.62,1.54,1.56,41794066
2018-01-13 19:25:47,1.56,1.59,1.53,1.58,16548475
2018-01-14 19:25:47,1.58,1.62,1.58,1.59,5801396
2018-01-15 19:25:47,1.59,1.6,1.54,1.55,19803836
2018-01-16 19:25:47,1.55,1.59,1.52,1.57,29909284
2018-01-17 19:25:47,1.57,1.57,1.51,1.54,14337773
2018-01-18 19:25:47,1.54,1.58,1.51,1.56,48337177
2018-01-19 19:25:47,1.56,1.58,1.53,1.56,3135573
2018-01-20 19:25:47,1.56,1.59,1.55,1.56,17629365
2018-01-21 19:25:47,1.56,1.58,1.55,1.58,33336634
2018-01-22 19:25:47,1.58,1.59,1.53,1.54,40108807
2018-01-23 19:25:47,1.54,1.58,1.53,1.55,16440029
2018-01-24 19:25:47,1.55,1.56,1.53,1.55,13722628
2018-01-25 19:25:47,1.55,1.57,1.51,1.51,2277369
2018-01-26 19:25:47,1.51,1.54,1.48,1.5,20789468
2018-01-27 19:25:47,1.5,1.55,1.47,1.54,36190534
2018-01-28 19:25:47,1.54,1.55,1.53,1.55,26077824
2018-01-29 19:25:47,1.55,1.58,1.53,1.56,27944942
2018-01-30 19:25:47,1.56,1.58,1.56,1.58,10287242
2018-01-31 19:25:47,1.58,1.58,1.52,1.54,3270641
2018-02-01 19:25:47,1.54,1.56,1.52,1.56,41721112
2018-02-02 19:25:47,1.56,1.59,1.51,1.53,13299978
2018-02-03 19:25:47,1.53,1.57,1.52,1.55,24491529
2018-02-04 19:25:47,1.55,1.57,1.53,1.53,37808601
2018-02-05 19:25:47,1.53,1.56,1.49,1.5,45758783
2018-02-06 19:25:47,1.5,1.52,1.45,1.46,10327449
2018-02-07 19:25:47,1.46,1.47,1.45,1.46,17637689
2018-02-08 19:25:47,1.46,1.48,1.42,1.42,11058841
2018-02-09 19:25:47,1.42,1.48,1.42,1.45,36585251
2018-02-10 19:25:47,1.45,1.5,1.45,1.48,23389165
2018-02-11 19:25:47,1.48,1.51,1.47,1.48,9118346
2018-02-12 19:25:47,1.48,1.52,1.47,1.5,47486675
2018-02-13 19:25:47,1.5,1.5,1.46,1.49,28739085
2018-02-14 19:25:47,1.49,1.49,1.43,1.45,38933810
2018-02-15 19:25:47,1.45,1.46,1.41,1.44,13880104
2018-02-16 19:25:47,1.44,1.46,1.42,1.42,38986424
2018-02-17 19:25:47,1.42,1.42,1.37,1.38,38300997
2018-02-18 19:25:47,1.38,1.42,1.37,1.4,44858428
2018-02-19 19:25:47,1.4,1.42,1.36,1.38,28994425
2018-02-20 19:25:47,1.38,1.39,1.36,1.37,15027627
2018-02-21 19:25:47,1.37,1.41,1.36,1.41,19972198
2018-02-22 19:25:47,1.41,1.45,1.39,1.43,11119150
2018-02-23 19:25:47,1.43,1.45,1.41,1.44,2647716
2018-02-24 19:25:47,1.44,1.5,1.42,1.47,11926431
2018-02-25 19:25:47,1.47,1.48,1.43,1.44,5044483
2018-02-26 19:25:47,1.44,1.44,1.38,1.4,33925892
2018-02-27 19:25:47,1.4,1.42,1.37,1.41,24935367
2018-02-28 19:25:47,1.41,1.46,1.41,1.44,12761225
2018-03-01 19:25:47,1.44,1.45,1.43,1.45,4361426
2018-03-02 19:25:47,1.45,1.47,1.42,1.43,14233545
2018-03-03 19:25:47,1.43,1.43,1.39,1.41,4509594
2018-03-04 19:25:47,1.41,1.45,1.4,1.44,1940576
2018-03-05 19:25:47,1.44,1.48,1.43,1.46,46315696
2018-03-06 19:25:47,1.46,1.51,1.44,1.5,33005433
2018-03-07 19:25:47,1.5,1.55,1.48,1.52,38785083
2018-03-08 19:25:47,1.52,1.54,1.47,1.48,12822026
2018-03-09 19:25:47,1.48,1.49,1.45,1.45,21589907
2018-03-10 19:25:47,1.45,1.49,1.44,1.46,39665077
2018-03-11 19:25:47,1.46,1.48,1.43,1.44,15113690
2018-03-12 19:25:47,1.44,1.44,1.41,1.44,16753682
2018-03-13 19:25:47,1.44,1.45,1.39,1.41,6170246
2018-03-14 19:25:47,1.41,1.42,1.39,1.4,1587440
2018-03-15 19:25:47,1.4,1.4,1.38,1.4,46329086
2018-03-16 19:25:47,1.4,1.44,1.38,1.42,11294457
2018-03-17 19:25:47,1.42,1.45,1.41,1.44,19876688
2018-03-18 19:25:47,1.44,1.46,1.4,1.42,35631883
2018-03-19 19:25:47,1.42,1.42,1.38,1.39,33814659
2018-03-20 19:25:47,1.39,1.4,1.34,1.36,40096871
2018-03-21 19:25:47,1.36,1.39,1.36,1.37,31439171
2018-03-22 19:25:47,1.37,1.43,1.36,1.41,47195607
2018-03-23 19:25:47,1.41,1.44,1.38,1.42,30145730
2018-03-24 19:25:47,1.42,1.45,1.38,1.39,15341341
2018-03-25 19:25:47,1.39,1.46,1.38,1.44,14074801
2018-03-26 19:25:47,1.44,1.44,1.42,1.42,33611511
2018-03-27 19:25:47,1.42,1.44,1.4,1.43,46065552
2018-03-28 19:25:47,1.43,1.49,1.43,1.46,22689522
2018-03-29 19:25:47,1.46,1.52,1.43,1.49,8632680
2018-03-30 19:25:47,1.49,1.51,1.46,1.49,30335891
2018-03-31 19:25:47,1.49,1.5,1.47,1.47,16043239
2018-04-01 19:25:47,1.47,1.51,1.47,1.5,20523638
2018-04-02 19:25:47,1.5,1.57,1.48,1.54,22912737
2018-04-03 19:25:47,1.54,1.58,1.52,1.57,11388026
2018-04-04 19:25:47,1.57,1.57,1.52,1.55,20746440
2018-04-05 19:25:47,1.55,1.58,1.52,1.52,43811614
2018-04-06 19:25:47,1.52,1.55,1.5,1.53,39130498
2018-04-07 19:25:47,1.53,1.55,1.53,1.55,11808440
2018-04-08 19:25:47,1.55,1.6,1.53,1.59,32161087
2018-04-09 19:25:47,1.59,1.61,1.58,1.61,37589576
2018-04-10 19:25:47,1.61,1.63,1.6,1.61,29948767
2018-04-11 19:25:47,1.61,1.65,1.6,1.62,20904888
2018-04-12 19:25:47,1.62,1.65,1.59,1.61,13938744
2018-04-13 19:25:47,1.61,1.63,1.57,1.58,23497565
2018-04-14 19:25:47,1.58,1.63,1.58,1.61,47830365
2018-04-15 19:25:47,1.61,1.63,1.59,1.61,17778290
2018-04-16 19:25:47,1.61,1.62,1.58,1.6,44197486
2018-04-17 19:25:47,1.6,1.6,1.55,1.56,35120767
2018-04-18 19:25:47,1.56,1.59,1.55,1.55,42432136
2018-04-19 19:25:47,1.55,1.61,1.55,1.59,10058509
2018-04-20 19:25:47,1.59,1.61,1.55,1.56,19626673
2018-04-21 19:25:47,1.56,1.6,1.54,1.6,45463463
2018-04-22 19:25:47,1.6,1.62,1.56,1.57,24483253
2018-04-23 19:25:47,1.57,1.62,1.56,1.61,45587794
2018-04-24 19:25:47,1.61,1.66,1.58,1.64,42662718
2018-04-25 19:25:47,1.64,1.65,1.64,1.64,21477930
2018-04-26 19:25:47,1.64,1.66,1.6,1.6,34962207
2018-04-27 19:25:47,1.6,1.6,1.56,1.57,46765647
2018-04-28 19:25:47,1.57,1.58,1.52,1.53,39810792
2018-04-29 19:25:47,1.53,1.54,1.5,1.54,23273539
2018-04-30 19:25:47,1.54,1.57,1.51,1.57,22790277
2018-05-01 19:25:47,1.57,1.58,1.55,1.58,36111304
2018-05-02 19:25:47,1.58,1.58,1.53,1.56,22852405
2018-05-03 19:25:47,1.56,1.58,1.5,1.52,1457611
2018-05-04 19:25:47,1.52,1.56,1.5,1.55,11587958
2018-05-05 19:25:47,1.55,1.56,1.52,1.55,17725654
2018-05-06 19:25:47,1.55,1.57,1.52,1.56,5738117
2018-05-07 19:25:47,1.56,1.58,1.52,1.53,2097540
2018-05-08 19:25:47,1.53,1.54,1.53,1.53,25785149
2018-05-09 19:25:47,1.53,1.57,1.52,1.54,3057722
2018-05-10 19:25:47,1.54,1.58,1.53,1.56,38774734
2018-05-11 19:25:47,1.56,1.58,1.5,1.52,25834490
2018-05-12 19:25:47,1.52,1.55,1.51,1.54,13336434
2018-05-13 19:25:47,1.54,1.56,1.48,1.5,24829837
2018-05-14 19:25:47,1.5,1.53,1.48,1.51,6647673
2018-05-15 19:25:47,1.51,1.53,1.45,1.47,20186161
2018-05-16 19:25:47,1.47,1.49,1.42,1.43,31593866
2018-05-17 19:25:47,1.43,1.46,1.38,1.41,20196955
2018-05-18 19:25:47,1.41,1.42,1.36,1.39,17451716
2018-05-19 19:25:47,1.39,1.41,1.33,1.35,26850804
2018-05-20 19:25:47,1.35,1.36,1.31,1.32,16000988
2018-05-21 19:25:47,1.32,1.34,1.3,1.33,33310167
2018-05-22 19:25:47,1.33,1.35,1.31,1.34,39638365
2018-05-23 19:25:47,1.34,1.36,1.34,1.36,46960513
2018-05-24 19:25:47,1.36,1.38,1.32,1.33,40319365
2018-05-25 19:25:47,1.33,1.38,1.31,1.35,37261531
2018-05-26 19:25:47,1.35,1.37,1.35,1.35,36966523
2018-05-27 19:25:47,1.35,1.36,1.3,1.32,30151081
2018-05-28 19:25:47,1.32,1.35,1.31,1.33,15429126
2018-05-29 19:25:47,1.33,1.34,1.31,1.34,7425578
2018-05-30 19:25:47,1.34,1.38,1.33,1.38,24577370
2018-05-31 19:25:47,1.38,1.44,1.36,1.42,48576524
2018-06-01 19:25:47,1.42,1.48,1.39,1.45,25708903
2018-06-02 19:25:47,1.45,1.5,1.43,1.5,9281961
2018-06-03 19:25:47,1.5,1.5,1.46,1.48,4118456
2018-06-04 19:25:47,1.48,1.52,1.47,1.52,41561796
2018-06-05 19:25:47,1.52,1.53,1.49,1.53,17126974
2018-06-06 19:25:47,1.53,1.56,1.52,1.56,18366798
2018-06-07 19:25:47,1.56,1.59,1.56,1.58,18056336
2018-06-08 19:25:47,1.58,1.58,1.53,1.54,7344440
2018-06-09 19:25:47,1.54,1.54,1.51,1.51,8102308
2018-06-10 19:25:47,1.51,1.56,1.49,1.53,8811495
2018-06-11 19:25:47,1.53,1.56,1.47,1.49,14824973
2018-06-12 19:25:47,1.49,1.5,1.48,1.49,9302730
2018-06-13 19:25:47,1.49,1.5,1.46,1.5,24822420
2018-06-14 19:25:47,1.5,1.52,1.49,1.51,27027427
2018-06-15 19:25:47,1.51,1.53,1.45,1.48,8358931
2018-06-16 19:25:47,1.48,1.49,1.43,1.44,4733698
2018-06-17 19:25:47,1.44,1.49,1.43,1.46,38107245
2018-06-18 19:25:47,1.46,1.46,1.43,1.44,34240609
2018-06-19 19:25:47,1.44,1.45,1.42,1.45,37212787
2018-06-20 19:25:47,1.45,1.46,1.42,1.42,10942654
2018-06-21 19:25:47,1.42,1.44,1.37,1.38,11921642
2018-06-22 19:25:47,1.38,1.4,1.35,1.36,12441868
2018-06-23 19:25:47,1.36,1.4,1.35,1.38,28065684
2018-06-24 19:25:47,1.38,1.4,1.35,1.38,45099664
2018-06-25 19:25:47,1.38,1.41,1.36,1.39,38460190
2018-06-26 19:25:47,1.39,1.44,1.38,1.43,27679442
2018-06-27 19:25:47,1.43,1.46,1.41,1.43,48372991
2018-06-28 19:25:47,1.43,1.45,1.4,1.42,32396435
2018-06-29 19:25:47,1.42,1.44,1.39,1.42,22525839
2018-06-30 19:25:47,1.42,1.48,1.41,1.45,22295974
2018-07-01 19:25:47,1.45,1.49,1.44,1.49,4793938
2018-07-02 19:25:47,1.49,1.51,1.43,1.45,14930648
2018-07-03 19:25:47,1.45,1.51,1.43,1.49,8783511
2018-07-04 19:25:47,1.49,1.54,1.46,1.53,14284749
2018-07-05 19:25:47,1.53,1.6,1.5,1.57,20677192
2018-07-06 19:25:47,1.57,1.61,1.57,1.59,48011890
2018-07-07 19:25:47,1.59,1.62,1.55,1.58,10822498
2018-07-08 19:25:47,1.58,1.64,1.56,1.63,26672022
2018-07-09 19:25:47,1.63,1.64,1.6,1.61,44986914
2018-07-10 19:25:47,1.61,1.64,1.56,1.57,16853946
2018-07-11 19:25:47,1.57,1.6,1.53,1.56,6031165
2018-07-12 19:25:47,1.56,1.59,1.56,1.58,30746362
2018-07-13 19:25:47,1.58,1.64,1.55,1.61,9532020
2018-07-14 19:25:47,1.61,1.63,1.61,1.62,16981762
2018-07-15 19:25:47,1.62,1.66,1.61,1.65,21659444
2018-07-16 19:25:47,1.65,1.7,1.63,1.7,41895921
2018-07-17 19:25:47,1.7,1.72,1.65,1.67,23396484
2018-07-18 19:25:47,1.67,1.68,1.6,1.62,6226590
2018-07-19 19:25:47,1.62,1.66,1.59,1.63,15971511
2018-07-20 19:25:47,1.63,1.68,1.6,1.68,20508998
2018-07-21 19:25:47,1.68,1.71,1.65,1.66,20539705
2018-07-22 19:25:47,1.66,1.69,1.6,1.61,15770289
2018-07-23 19:25:47,1.61,1.61,1.57,1.59,12409033
2018-07-24 19:25:47,1.59,1.6,1.58,1.59,20383263
2018-07-25 19:25:47,1.59,1.64,1.56,1.61,9603222
2018-07-26 19:25:47,1.61,1.66,1.58,1.65,2011328
2018-07-27 19:25:47,1.65,1.66,1.61,1.63,3278378
2018-07-28 19:25:47,1.63,1.67,1.62,1.64,47073474
2018-07-29 19:25:47,1.64,1.69,1.61,1.66,1870701
2018-07-30 19:25:47,1.66,1.68,1.63,1.66,12990385
2018-07-31 19:25:47,1.66,1.72,1.64,1.7,1922483
2018-08-01 19:25:47,1.7,1.73,1.69,1.7,31599770
2018-08-02 19:25:47,1.7,1.7,1.67,1.68,38393942
2018-08-03 19:25:47,1.68,1.73,1.65,1.7,46852659
2018-08-04 19:25:47,1.7,1.72,1.67,1.71,32638818
2018-08-05 19:25:47,1.71,1.75,1.69,1.72,37560166
2018-08-06 19:25:47,1.72,1.77,1.7,1.74,13105690
2018-08-07 19:25:47,1.74,1.78,1.72,1.76,46300147
2018-08-08 19:25:47,1.76,1.84,1.73,1.81,33110662
2018-08-09 19:25:47,1.81,1.86,1.81,1.83,32768352
2018-08-10 19:25:47,1.83,1.84,1.79,1.81,39367617
2018-08-11 19:25:47,1.81,1.89,1.79,1.86,34350676
2018-08-12 19:25:47,1.86,1.88,1.82,1.88,36587295
2018-08-13 19:25:47,1.88,1.94,1.88,1.9,44063698
2018-08-14 19:25:47,1.9,1.92,1.87,1.9,46369235
2018-08-15 19:25:47,1.9,1.99,1.89,1.95,13156213
2018-08-16 19:25:47,1.95,2.0,1.94,1.98,4126447
2018-08-17 19:25:47,1.98,2.01,1.95,1.96,9302551
2018-08-18 19:25:47,1.96,2.02,1.94,1.99,41776510
2018-08-19 19:25:47,1.99,2.03,1.97,2.0,46614210
2018-08-20 19:25:47,2.0,2.05,1.99,2.02,34010126
2018-08-21 19:25:47,2.02,2.11,2.02,2.08,45861920
2018-08-22 19:25:47,2.08,2.14,2.06,2.11,14941453
2018-08-23 19:25:47,2.11,2.14,2.04,2.06,48265362
2018-08-24 19:25:47,2.06,2.13,2.05,2.1,41453317
2018-08-25 19:25:47,2.1,2.19,2.06,2.15,33124075
2018-08-26 19:25:47,2.15,2.19,2.08,2.09,29174085
2018-08-27 19:25:47,2.09,2.11,2.04,2.05,6908948
2018-08-28 19:25:47,2.05,2.11,2.02,2.08,39365158
2018-08-29 19:25:47,2.08,2.09,2.06,2.07,5026206
2018-08-30 19:25:47,2.07,2.08,2.01,2.02,43781123
2018-08-31 19:25:47,2.02,2.07,2.01,2.06,41904664
2018-09-01 19:25:47,2.06,2.09,2.01,2.03,19821631
2018-09-02 19:25:47,2.03,2.08,2.02,2.08,4582863
2018-09-03 19:25:47,2.08,2.13,2.05,2.1,8286502
2018-09-04 19:25:47,2.1,2.11,2.06,2.08,48686505
2018-09-05 19:25:47,2.08,2.12,2.04,2.06,11695318
2018-09-06 19:25:47,2.06,2.07,2.0,2.01,21119144
2018-09-07 19:25:47,2.01,2.04,2.0,2.04,19732154
2018-09-08 19:25:47,2.04,2.13,2.01,2.09,7673866
2018-09-09 19:25:47,2.09,2.1,2.06,2.09,32692670
2018-09-10 19:25:47,2.09,2.13,2.03,2.07,5987383
2018-09-11 19:25:47,2.07,2.15,2.06,2.11,9168782
2018-09-12 19:25:47,2.11,2.14,2.06,2.07,7810583
2018-09-13 19:25:47,2.07,2.11,2.03,2.1,31897646
2018-09-14 19:25:47,2.1,2.12,2.07,2.1,10471440
2018-09-15 19:25:47,2.1,2.16,2.06,2.14,44695693
2018-09-16 19:25:47,2.14,2.17,2.07,2.1,15962515
2018-09-17 19:25:47,2.1,2.14,2.0,2.04,35810759
2018-09-18 19:25:47,2.04,2.07,1.97,1.99,19466547
2018-09-19 19:25:47,1.99,2.02,1.97,2.01,33914651
2018-09-20 19:25:47,2.01,2.05,1.98,2.03,16736318
2018-09-21 19:25:47,2.03,2.04,1.95,1.97,14535939
2018-09-22 19:25:47,1.97,2.0,1.96,1.97,4830867
2018-09-23 19:25:47,1.97,2.04,1.93,2.01,22296008
2018-09-24 19:25:47,2.01,2.02,1.98,1.98,38784359
2018-09-25 19:25:47,1.98,2.0,1.94,1.95,34867104
2018-09-26 19:25:47,1.95,1.96,1.89,1.92,24464441
2018-09-27 19:25:47,1.92,1.94,1.87,1.88,23659007
2018-09-28 19:25:47,1.88,1.91,1.82,1.83,25951453
2018-09-29 19:25:47,1.83,1.86,1.78,1.8,2297875
2018-09-30 19:25:47,1.8,1.83,1.75,1.76,5005309
2018-10-01 19:25:47,1.76,1.79,1.72,1.74,33611563
2018-10-02 19:25:47,1.74,1.76,1.72,1.76,18910543
2018-10-03 19:25:47,1.76,1.82,1.75,1.79,1937042
2018-10-04 19:25:47,1.79,1.85,1.79,1.83,30060824
2018-10-05 19:25:47,1.83,1.86,1.82,1.85,6918223
2018-10-06 19:25:47,1.85,1.88,1.82,1.82,1887699
2018-10-07 19:25:47,1.82,1.85,1.81,1.82,46555768
2018-10-08 19:25:47,1.82,1.82,1.78,1.79,35645463
2018-10-09 19:25:47,1.79,1.8,1.78,1.78,2099999
2018-10-10 19:25:47,1.78,1.82,1.74,1.8,40382084
2018-10-11 19:25:47,1.8,1.8,1.75,1.78,17115788
2018-10-12 19:25:47,1.78,1.83,1.75,1.82,43201854
2018-10-13 19:25:47,1.82,1.84,1.75,1.78,14832809
2018-10-14 19:25:47,1.78,1.82,1.74,1.75,6580890
2018-10-15 19:25:47,1.75,1.78,1.72,1.76,40511710
2018-10-16 19:25:47,1.76,1.78,1.74,1.74,32769132
2018-10-17 19:25:47,1.74,1.79,1.72,1.77,49461518
2018-10-18 19:25:47,1.77,1.79,1.76,1.76,3720126
2018-10-19 19:25:47,1.76,1.76,1.76,1.76,4122960
2018-10-20 19:25:47,1.76,1.79,1.72,1.75,14186902
2018-10-21 19:25:47,1.75,1.79,1.74,1.74,45436218
2018-10-22 19:25:47,1.74,1.76,1.67,1.7,26446012
2018-10-23 19:25:47,1.7,1.71,1.67,1.7,24563303
2018-10-24 19:25:47,1.7,1.73,1.68,1.73,28641043
2018-10-25 19:25:47,1.73,1.76,1.7,1.7,34931947
2018-10-26 19:25:47,1.7,1.73,1.63,1.66,12350687
2018-10-27 19:25:47,1.66,1.71,1.64,1.68,3662953
2018-10-28 19:25:47,1.68,1.71,1.62,1.65,9634834
2018-10-29 19:25:47,1.65,1.65,1.63,1.64,41679692
2018-10-30 19:25:47,1.64,1.64,1.59,1.62,32566082
2018-10-31 19:25:47,1.62,1.63,1.58,1.6,28577858
2018-11-01 19:25:47,1.6,1.62,1.6,1.62,20979980
2018-11-02 19:25:47,1.62,1.67,1.6,1.66,32564488
2018-11-03 19:25:47,1.66,1.66,1.59,1.62,47197226
2018-11-04 19:25:47,1.62,1.62,1.58,1.6,45437603
2018-11-05 19:25:47,1.6,1.67,1.57,1.64,23136719
2018-11-06 19:25:47,1.64,1.7,1.63,1.66,15336858
2018-11-07 19:25:47,1.66,1.67,1.61,1.62,37148818
2018-11-08 19:25:47,1.62,1.67,1.6,1.65,49511396
2018-11-09 19:25:47,1.65,1.67,1.58,1.61,40456070
2018-11-10 19:25:47,1.61,1.64,1.58,1.63,22610231
2018-11-11 19:25:47,1.63,1.7,1.61,1.67,24012225
2018-11-12 19:25:47,1.67,1.69,1.6,1.62,41498071
2018-11-13 19:25:47,1.62,1.67,1.61,1.65,43218502
2018-11-14 19:25:47,1.65,1.7,1.65,1.69,43353403
2018-11-15 19:25:47,1.69,1.74,1.66,1.71,26446864
2018-11-16 19:25:47,1.71,1.78,1.69,1.75,14462577
2018-11-17 19:25:47,1.75,1.77,1.75,1.77,42631382
2018-11-18 19:25:47,1.77,1.78,1.74,1.75,31065160
2018-11-19 19:25:47,1.75,1.77,1.73,1.75,18583181
2018-11-20 19:25:47,1.75,1.77,1.75,1.76,34882079
2018-11-21 19:25:47,1.76,1.77,1.71,1.75,9530330
2018-11-22 19:25:47,1.75,1.81,1.73,1.78,23570225
2018-11-23 19:25:47,1.78,1.79,1.71,1.74,48396502
2018-11-24 19:25:47,1.74,1.77,1.73,1.74,33357559
2018-11-25 19:25:47,1.74,1.79,1.71,1.78,38449213
2018-11-26 19:25:47,1.78,1.83,1.78,1.79,32503914
2018-11-27 19:25:47,1.79,1.85,1.78,1.83,30702777
2018-11-28 19:25:47,1.83,1.86,1.81,1.85,7093062
2018-11-29 19:25:47,1.85,1.88,1.82,1.88,30539319
2018-11-30 19:25:47,1.88,1.96,1.85,1.93,11172226
2018-12-01 19:25:47,1.93,1.95,1.91,1.92,21423597
2018-12-02 19:25:47,1.92,1.94,1.89,1.9,7237431
2018-12-03 19:25:47,1.9,1.91,1.87,1.88,21054007
2018-12-04 19:25:47,1.88,1.91,1.86,1.88,29261382
2018-12-05 19:25:47,1.88,1.94,1.88,1.93,45517331
2018-12-06 19:25:47,1.93,2.01,1.92,1.98,3413016
2018-12-07 19:25:47,1.98,2.01,1.95,2.01,41655301
2018-12-08 19:25:47,2.01,2.01,1.98,1.98,1741749
2018-12-09 19:25:47,1.98,1.99,1.97,1.98,35216557
2018-12-10 19:25:47,1.98,2.04,1.94,2.01,20804931
2018-12-11 19:25:47,2.01,2.04,1.98,2.01,41906012
2018-12-12 19:25:47,2.01,2.04,1.97,2.03,44031309
2018-12-13 19:25:47,2.03,2.06,1.99,2.0,38354083
2018-12-14 19:25:47,2.0,2.01,1.96,1.96,26484013
2018-12-15 19:25:47,1.96,2.0,1.92,1.98,10320311
2018-12-16 19:25:47,1.98,2.0,1.95,2.0,8717686
2018-12-17 19:25:47,2.0,2.02,1.96,2.02,30909998
2018-12-18 19:25:47,2.02,2.1,1.99,2.08,22745020
2018-12-19 19:25:47,2.08,2.12,2.04,2.06,11308688
2018-12-20 19:25:47,2.06,2.11,2.05,2.09,20665718
2018-12-21 19:25:47,2.09,2.13,2.07,2.11,11883509
2018-12-22 19:25:47,2.11,2.18,2.07,2.14,3495973
2018-12-23 19:25:47,2.14,2.17,2.12,2.15,38621710
2018-12-24 19:25:47,2.15,2.19,2.11,2.14,39910045
2018-12-25 19:25:47,2.14,2.23,2.1,2.2,34097260
2018-12-26 19:25:47,2.2,2.21,2.18,2.2,25077795
2018-12-27 19:25:47,2.2,2.23,2.13,2.15,37272494
2018-12-28 19:25:47,2.15,2.19,2.15,2.17,8717416
2018-12-29 19:25:47,2.17,2.2,2.14,2.2,22213718
2018-12-30 19:25:47,2.2,2.27,2.18,2.26,42535934
2018-12-31 19:25:47,2.26,2.31,2.25,2.27,20233806
2019-01-01 19:25:47,2.27,2.29,2.24,2.26,13244441
2019-01-02 19:25:47,2.26,2.3,2.21,2.25,8271089
2019-01-03 19:25:47,2.25,2.29,2.23,2.27,21441977
2019-01-04 19:25:47,2.27,2.33,2.27,2.29,42528061
2019-01-05 19:25:47,2.29,2.34,2.27,2.34,48337209
2019-01-06 19:25:47,2.34,2.41,2.33,2.39,16008516
2019-01-07 19:25:47,2.39,2.39,2.35,2.38,26404898
2019-01-08 19:25:47,2.38,2.44,2.34,2.43,24659492
2019-01-09 19:25:47,2.43,2.47,2.42,2.43,5856860
2019-01-10 19:25:47,2.43,2.54,2.41,2.49,36803212
2019-01-11 19:25:47,2.49,2.54,2.47,2.47,40128826
2019-01-12 19:25:47,2.47,2.51,2.46,2.47,39086542
2019-01-13 19:25:47,2.47,2.54,2.43,2.53,28544294
2019-01-14 19:25:47,2.53,2.54,2.42,2.46,28084473
2019-01-15 19:25:47,2.46,2.47,2.38,2.42,22376505
2019-01-16 19:25:47,2.42,2.51,2.42,2.47,32078718
2019-01-17 19:25:47,2.47,2.58,2.46,2.53,8525520
2019-01-18 19:25:47,2.53,2.56,2.42,2.45,9648571
2019-01-19 19:25:47,2.45,2.5,2.41,2.49,45278240
2019-01-20 19:25:47,2.49,2.56,2.49,2.56,47453630
2019-01-21 19:25:47,2.56,2.62,2.55,2.58,12942623
2019-01-22 19:25:47,2.58,2.59,2.5,2.51,38810178
2019-01-23 19:25:47,2.51,2.53,2.44,2.46,35356563
2019-01-24 19:25:47,2.46,2.55,2.42,2.51,49895160
2019-01-25 19:25:47,2.51,2.54,2.49,2.51,29396483
2019-01-26 19:25:47,2.51,2.62,2.49,2.59,45293340
2019-01-27 19:25:47,2.59,2.63,2.55,2.62,30883400
2019-01-28 19:25:47,2.62,2.65,2.56,2.57,18110832
2019-01-29 19:25:47,2.57,2.58,2.53,2.56,26207487
2019-01-30 19:25:47,2.56,2.6,2.45,2.5,9885691
2019-01-31 19:25:47,2.5,2.55,2.47,2.5,2766819
2019-02-01 19:25:47,2.5,2.54,2.45,2.46,27255950
2019-02-02 19:25:47,2.46,2.5,2.39,2.43,48306911
2019-02-03 19:25:47,2.43,2.47,2.42,2.46,21776053
2019-02-04 19:25:47,2.46,2.5,2.46,2.49,35233272
2019-02-05 19:25:47,2.49,2.54,2.45,2.5,2796662
2019-02-06 19:25:47,2.5,2.54,2.41,2.43,12147618
2019-02-07 19:25:47,2.43,2.48,2.34,2.37,42446083
2019-02-08 19:25:47,2.37,2.38,2.31,2.33,49849783
2019-02-09 19:25:47,2.33,2.37,2.32,2.35,14564774
2019-02-10 19:25:47,2.35,2.39,2.35,2.37,25564635
2019-02-11 19:25:47,2.37,2.4,2.35,2.38,44652361
2019-02-12 19:25:47,2.38,2.4,2.33,2.39,44044384
2019-02-13 19:25:47,2.39,2.47,2.37,2.47,31080836
2019-02-14 19:25:47,2.47,2.47,2.41,2.43,47971768
2019-02-15 19:25:47,2.43,2.46,2.33,2.36,10677403
2019-02-16 19:25:47,2.36,2.41,2.35,2.39,31031716
2019-02-17 19:25:47,2.39,2.44,2.38,2.41,13895873
2019-02-18 19:25:47,2.41,2.45,2.38,2.41,44209575
2019-02-19 19:25:47,2.41,2.44,2.38,2.43,34252576
2019-02-20 19:25:47,2.43,2.49,2.4,2.47,43898642
2019-02-21 19:25:47,2.47,2.5,2.42,2.46,10309087
2019-02-22 19:25:47,2.46,2.51,2.44,2.47,36436570
2019-02-23 19:25:47,2.47,2.51,2.47,2.49,23935611
2019-02-24 19:25:47,2.49,2.5,2.43,2.45,44291947
2019-02-25 19:25:47,2.45,2.49,2.41,2.43,19059469
2019-02-26 19:25:47,2.43,2.49,2.39,2.45,29858337
2019-02-27 19:25:47,2.45,2.54,2.41,2.52,12275137
2019-02-28 19:25:47,2.52,2.53,2.48,2.52,21013617
2019-03-01 19:25:47,2.52,2.63,2.5,2.59,4091594
2019-03-02 19:25:47,2.59,2.67,2.57,2.66,26369644
2019-03-03 19:25:47,2.66,2.71,2.61,2.63,28898220
2019-03-04 19:25:47,2.63,2.69,2.61,2.66,7251938
2019-03-05 19:25:47,2.66,2.78,2.66,2.73,40927907
2019-03-06 19:25:47,2.73,2.8,2.72,2.75,31616829
2019-03-07 19:25:47,2.75,2.76,2.66,2.7,9663254
2019-03-08 19:25:47,2.7,2.77,2.67,2.73,33203774
2019-03-09 19:25:47,2.73,2.79,2.72,2.79,15823853
2019-03-10 19:25:47,2.79,2.89,2.79,2.87,12877466
2019-03-11 19:25:47,2.87,2.88,2.77,2.82,26021373
2019-03-12 19:25:47,2.82,2.88,2.81,2.85,48531547
2019-03-13 19:25:47,2.85,2.86,2.78,2.82,41202952
2019-03-14 19:25:47,2.82,2.89,2.79,2.89,10346249
2019-03-15 19:25:47,2.89,2.96,2.85,2.94,28050547
2019-03-16 19:25:47,2.94,2.99,2.88,2.92,16329705
2019-03-17 19:25:47,2.92,2.97,2.89,2.9,39623406
2019-03-18 19:25:47,2.9,2.93,2.88,2.88,30858254
2019-03-19 19:25:47,2.88,2.93,2.87,2.87,13308589
2019-03-20 19:25:47,2.87,2.89,2.81,2.85,6451072
2019-03-21 19:25:47,2.85,2.96,2.8,2.92,22673751
2019-03-22 19:25:47,2.92,2.93,2.87,2.93,12508143
2019-03-23 19:25:47,2.93,2.97,2.89,2.94,39289995
2019-03-24 19:25:47,2.94,2.99,2.86,2.91,22275533
2019-03-25 19:25:47,2.91,2.92,2.79,2.85,20447470
2019-03-26 19:25:47,2.85,2.93,2.79,2.91,40522317
2019-03-27 19:25:47,2.91,2.97,2.83,2.84,43153093
2019-03-28 19:25:47,2.84,2.84,2.75,2.76,4424952
2019-03-29 19:25:47,2.76,2.79,2.74,2.75,6836070
2019-03-30 19:25:47,2.75,2.85,2.74,2.83,36513652
2019-03-31 19:25:47,2.83,2.91,2.81,2.86,16126619
2019-04-01 19:25:47,2.86,2.88,2.8,2.8,20324503
2019-04-02 19:25:47,2.8,2.89,2.78,2.86,29064166
2019-04-03 19:25:47,2.86,2.89,2.76,2.82,36558779
2019-04-04 19:25:47,2.82,2.87,2.72,2.75,1831896
2019-04-05 19:25:47,2.75,2.84,2.74,2.83,38727339
2019-04-06 19:25:47,2.83,2.87,2.78,2.79,5892363
2019-04-07 19:25:47,2.79,2.92,2.79,2.87,28368710
2019-04-08 19:25:47,2.87,2.93,2.82,2.9,19114593
2019-04-09 19:25:47,2.9,2.92,2.83,2.87,39208120
2019-04-10 19:25:47,2.87,2.93,2.85,2.89,12217267
2019-04-11 19:25:47,2.89,2.9,2.81,2.81,35573663
2019-04-12 19:25:47,2.81,2.93,2.79,2.89,41501521
2019-04-13 19:25:47,2.89,2.92,2.79,2.8,47632265
2019-04-14 19:25:47,2.8,2.85,2.74,2.8,9550124
2019-04-15 19:25:47,2.8,2.81,2.72,2.73,19691852
2019-04-16 19:25:47,2.73,2.79,2.64,2.69,41434609
2019-04-17 19:25:47,2.69,2.74,2.68,2.7,23355973
2019-04-18 19:25:47,2.7,2.76,2.69,2.72,21209092
2019-04-19 19:25:47,2.72,2.73,2.66,2.69,13044413
2019-04-20 19:25:47,2.69,2.72,2.67,2.71,39022914
2019-04-21 19:25:47,2.71,2.74,2.69,2.69,44421888
2019-04-22 19:25:47,2.69,2.74,2.67,2.73,37270859
2019-04-23 19:25:47,2.73,2.78,2.72,2.74,37533531
2019-04-24 19:25:47,2.74,2.76,2.62,2.67,19135245
2019-04-25 19:25:47,2.67,2.79,2.66,2.74,16552780
2019-04-26 19:25:47,2.74,2.76,2.66,2.7,20241387
2019-04-27 19:25:47,2.7,2.78,2.69,2.73,33951901
2019-04-28 19:25:47,2.73,2.75,2.66,2.68,7215674
2019-04-29 19:25:47,2.68,2.76,2.65,2.72,11123061
2019-04-30 19:25:47,2.72,2.84,2.71,2.79,38058607
2019-05-01 19:25:47,2.79,2.9,2.75,2.86,39546317
2019-05-02 19:25:47,2.86,2.9,2.86,2.89,27123519
2019-05-03 19:25:47,2.89,2.92,2.79,2.83,20819787
2019-05-04 19:25:47,2.83,2.91,2.78,2.89,33000823
2019-05-05 19:25:47,2.89,2.94,2.86,2.89,4987296
2019-05-06 19:25:47,2.89,3.01,2.84,2.97,4780670
2019-05-07 19:25:47,2.97,3.06,2.93,3.02,46181226
2019-05-08 19:25:47,3.02,3.05,2.92,2.96,30516541
2019-05-09 19:25:47,2.96,2.97,2.92,2.93,26539983
2019-05-10 19:25:47,2.93,2.98,2.9,2.95,10281970
2019-05-11 19:25:47,2.95,2.97,2.89,2.9,34192355
2019-05-12 19:25:47,2.9,3.0,2.85,2.96,30908088
2019-05-13 19:25:47,2.96,3.02,2.9,2.93,4541324
2019-05-14 19:25:47,2.93,3.04,2.92,3.01,6571011
2019-05-15 19:25:47,3.01,3.03,2.95,3.02,28556922
2019-05-16 19:25:47,3.02,3.03,2.92,2.93,36262478
2019-05-17 19:25:47,2.93,3.05,2.89,3.01,12518428
2019-05-18 19:25:47,3.01,3.04,2.99,3.04,5729582
2019-05-19 19:25:47,3.04,3.04,3.03,3.04,21381018
2019-05-20 19:25:47,3.04,3.09,2.99,3.02,47249068
2019-05-21 19:25:47,3.02,3.15,2.97,3.1,4589109
2019-05-22 19:25:47,3.1,3.13,2.99,3.01,18322929
2019-05-23 19:25:47,3.01,3.08,2.95,3.04,46118372
2019-05-24 19:25:47,3.04,3.05,3.0,3.02,4314501
2019-05-25 19:25:47,3.02,3.12,2.97,3.08,42087363
2019-05-26 19:25:47,3.08,3.09,3.05,3.07,25793156
2019-05-27 19:25:47,3.07,3.11,2.99,3.03,4439768
2019-05-28 19:25:47,3.03,3.04,2.93,2.99,22579092
2019-05-29 19:25:47,2.99,3.11,2.96,3.06,25463901
2019-05-30 19:25:47,3.06,3.15,3.05,3.12,25276512
2019-05-31 19:25:47,3.12,3.23,3.06,3.2,34831817
2019-06-01 19:25:47,3.2,3.22,3.15,3.16,30955157
2019-06-02 19:25:47,3.16,3.29,3.11,3.24,20434908
2019-06-03 19:25:47,3.24,3.28,3.22,3.24,32141302
2019-06-04 19:25:47,3.24,3.3,3.23,3.28,20623274
2019-06-05 19:25:47,3.28,3.34,3.22,3.31,35192805
2019-06-06 19:25:47,3.31,3.35,3.26,3.28,18453400
2019-06-07 19:25:47,3.28,3.38,3.24,3.34,47841021
2019-06-08 19:25:47,3.34,3.36,3.27,3.33,10090617
2019-06-09 19:25:47,3.33,3.39,3.29,3.35,37435724
2019-06-10 19:25:47,3.35,3.37,3.25,3.31,34871290
2019-06-11 19:25:47,3.31,3.36,3.2,3.24,14564873
2019-06-12 19:25:47,3.24,3.24,3.21,3.23,40066652
2019-06-13 19:25:47,3.23,3.29,3.19,3.29,48077644
2019-06-14 19:25:47,3.29,3.32,3.19,3.19,33871900
2019-06-15 19:25:47,3.19,3.2,3.09,3.12,12204080
2019-06-16 19:25:47,3.12,3.2,3.1,3.15,47504663
2019-06-17 19:25:47,3.15,3.17,3.08,3.11,36088972
2019-06-18 19:25:47,3.11,3.11,3.0,3.02,26991084
2019-06-19 19:25:47,3.02,3.05,2.89,2.95,19318799
2019-06-20 19:25:47,2.95,3.02,2.92,2.99,18896394
2019-06-21 19:25:47,2.99,3.04,2.93,2.95,44911810
2019-06-22 19:25:47,2.95,2.96,2.88,2.93,44484187
2019-06-23 19:25:47,2.93,2.98,2.87,2.9,16289266
2019-06-24 19:25:47,2.9,2.99,2.84,2.97,22638518
2019-06-25 19:25:47,2.97,2.99,2.87,2.92,29195282
2019-06-26 19:25:47,2.92,3.0,2.91,2.96,32438409
2019-06-27 19:25:47,2.96,3.0,2.91,2.95,28889397
2019-06-28 19:25:47,2.95,3.06,2.92,3.0,36437658
2019-06-29 19:25:47,3.0,3.04,2.9,2.96,15010195
2019-06-30 19:25:47,2.96,2.99,2.92,2.96,27041413
2019-07-01 19:25:47,2.96,3.05,2.95,3.01,13087867
2019-07-02 19:25:47,3.01,3.05,2.98,3.04,30447282
2019-07-03 19:25:47,3.04,3.04,2.96,3.02,37816260
2019-07-04 19:25:47,3.02,3.1,3.01,3.07,46504405
2019-07-05 19:25:47,3.07,3.11,3.04,3.1,5686563
2019-07-06 19:25:47,3.1,3.12,3.05,3.06,36891887
2019-07-07 19:25:47,3.06,3.16,3.02,3.12,29144372
2019-07-08 19:25:47,3.12,3.16,3.05,3.07,31551908
2019-07-09 19:25:47,3.07,3.09,3.03,3.04,36377291
2019-07-10 19:25:47,3.04,3.09,3.02,3.08,7356570
2019-07-11 19:25:47,3.08,3.09,3.01,3.04,25201253
2019-07-12 19:25:47,3.04,3.05,3.02,3.04,26608166
2019-07-13 19:25:47,3.04,3.06,2.99,3.06,12091566
2019-07-14 19:25:47,3.06,3.14,3.04,3.14,27578575
2019-07-15 19:25:47,3.14,3.23,3.07,3.19,40519605
2019-07-16 19:25:47,3.19,3.29,3.13,3.26,33796537
2019-07-17 19:25:47,3.26,3.32,3.2,3.29,38354232
2019-07-18 19:25:47,3.29,3.37,3.23,3.37,13803207
2019-07-19 19:25:47,3.37,3.48,3.34,3.41,17499504
2019-07-20 19:25:47,3.41,3.57,3.36,3.51,46011610
2019-07-21 19:25:47,3.51,3.57,3.35,3.4,38154571
2019-07-22 19:25:47,3.4,3.45,3.4,3.42,33136206
2019-07-23 19:25:47,3.42,3.46,3.31,3.32,20304303
2019-07-24 19:25:47,3.32,3.37,3.18,3.23,25074351
2019-07-25 19:25:47,3.23,3.31,3.21,3.26,43047038
2019-07-26 19:25:47,3.26,3.28,3.18,3.22,37206695
2019-07-27 19:25:47,3.22,3.31,3.19,3.3,5917104
2019-07-28 19:25:47,3.3,3.43,3.3,3.4,24652528
2019-07-29 19:25:47,3.4,3.44,3.34,3.39,32614517
2019-07-30 19:25:47,3.39,3.45,3.3,3.34,33684123
2019-07-31 19:25:47,3.34,3.37,3.26,3.28,6655212
2019-08-01 19:25:47,3.28,3.3,3.17,3.23,23293252
2019-08-02 19:25:47,3.23,3.26,3.13,3.17,49499312
2019-08-03 19:25:47,3.17,3.2,3.07,3.12,36099464
2019-08-04 19:25:47,3.12,3.21,3.06,3.16,2352211
2019-08-05 19:25:47,3.16,3.17,3.1,3.16,33059254
2019-08-06 19:25:47,3.16,3.17,3.1,3.1,36333361
2019-08-07 19:25:47,3.1,3.14,3.01,3.06,34180914
2019-08-08 19:25:47,3.06,3.07,2.99,3.04,49745372
2019-08-09 19:25:47,3.04,3.05,2.99,3.02,21897328
2019-08-10 19:25:47,3.02,3.02,2.95,3.0,35277918
2019-08-11 19:25:47,3.0,3.04,2.94,2.98,46916055
2019-08-12 19:25:47,2.98,3.01,2.98,2.98,14168894
2019-08-13 19:25:47,2.98,3.05,2.94,3.0,43545502
2019-08-14 19:25:47,3.0,3.04,2.93,2.99,36519374
2019-08-15 19:25:47,2.99,3.06,2.96,3.01,17959235
2019-08-16 19:25:47,3.01,3.03,2.97,2.99,44375381
2019-08-17 19:25:47,2.99,3.03,2.92,2.94,16094639
2019-08-18 19:25:47,2.94,2.98,2.93,2.97,41274265
2019-08-19 19:25:47,2.97,3.01,2.92,2.99,41602464
2019-08-20 19:25:47,2.99,3.01,2.87,2.92,14336395
2019-08-21 19:25:47,2.92,2.95,2.89,2.91,23422656
2019-08-22 19:25:47,2.91,2.93,2.83,2.86,41225456
2019-08-23 19:25:47,2.86,2.86,2.75,2.78,3244609
2019-08-24 19:25:47,2.78,2.79,2.75,2.77,12409557
2019-08-25 19:25:47,2.77,2.79,2.68,2.73,43346267
2019-08-26 19:25:47,2.73,2.77,2.71,2.71,2507257
2019-08-27 19:25:47,2.71,2.76,2.67,2.72,33691015
2019-08-28 19:25:47,2.72,2.74,2.65,2.66,9028966
2019-08-29 19:25:47,2.66,2.69,2.64,2.65,40747628
2019-08-30 19:25:47,2.65,2.67,2.6,2.63,13339360
2019-08-31 19:25:47,2.63,2.69,2.63,2.66,36485281
2019-09-01 19:25:47,2.66,2.68,2.57,2.58,37786491
2019-09-02 19:25:47,2.58,2.59,2.54,2.55,22298579
2019-09-03 19:25:47,2.55,2.62,2.54,2.61,1611433
2019-09-04 19:25:47,2.61,2.65,2.49,2.53,18614504
2019-09-05 19:25:47,2.53,2.56,2.44,2.47,46208694
2019-09-06 19:25:47,2.47,2.54,2.45,2.53,23658075
2019-09-07 19:25:47,2.53,2.53,2.51,2.53,37113305
2019-09-08 19:25:47,2.53,2.56,2.48,2.5,14012554
2019-09-09 19:25:47,2.5,2.52,2.43,2.44,40826617
2019-09-10 19:25:47,2.44,2.48,2.43,2.44,25458198
2019-09-11 19:25:47,2.44,2.47,2.37,2.39,18262943
2019-09-12 19:25:47,2.39,2.44,2.34,2.39,48278509
2019-09-13 19:25:47,2.39,2.4,2.36,2.38,37796776
2019-09-14 19:25:47,2.38,2.41,2.31,2.34,41406641
2019-09-15 19:25:47,2.34,2.35,2.29,2.32,28880165
2019-09-16 19:25:47,2.32,2.35,2.26,2.27,37811080
2019-09-17 19:25:47,2.27,2.28,2.22,2.24,27591894
2019-09-18 19:25:47,2.24,2.27,2.15,2.17,38400216
2019-09-19 19:25:47,2.17,2.21,2.16,2.2,34835381
2019-09-20 19:25:47,2.2,2.22,2.17,2.2,24697632
2019-09-21 19:25:47,2.2,2.29,2.17,2.26,38611326
2019-09-22 19:25:47,2.26,2.29,2.25,2.29,11423083
2019-09-23 19:25:47,2.29,2.39,2.26,2.35,3510524
2019-09-24 19:25:47,2.35,2.4,2.31,2.37,18940385
2019-09-25 19:25:47,2.37,2.42,2.34,2.4,8300120
2019-09-26 19:25:47,2.4,2.42,2.34,2.34,9330156
2019-09-27 19:25:47,2.34,2.44,2.34,2.4,28733367
2019-09-28 19:25:47,2.4,2.49,2.37,2.44,4471972
2019-09-29 19:25:47,2.44,2.47,2.38,2.42,22248948
2019-09-30 19:25:47,2.42,2.48,2.4,2.45,3778672
2019-10-01 19:25:47,2.45,2.47,2.4,2.44,18070397
2019-10-02 19:25:47,2.44,2.46,2.39,2.41,47108855
2019-10-03 19:25:47,2.41,2.51,2.38,2.46,20075787
2019-10-04 19:25:47,2.46,2.48,2.39,2.42,26894580
2019-10-05 19:25:47,2.42,2.45,2.41,2.42,13102305
2019-10-06 19:25:47,2.42,2.47,2.32,2.36,42288919
2019-10-07 19:25:47,2.36,2.41,2.36,2.4,45278600
2019-10-08 19:25:47,2.4,2.41,2.36,2.38,21841509
2019-10-09 19:25:47,2.38,2.43,2.36,2.4,46721602
2019-10-10 19:25:47,2.4,2.42,2.36,2.41,4741529
2019-10-11 19:25:47,2.41,2.52,2.38,2.47,38858934
2019-10-12 19:25:47,2.47,2.5,2.47,2.49,20747231
2019-10-13 19:25:47,2.49,2.51,2.42,2.47,34554848
2019-10-14 19:25:47,2.47,2.47,2.45,2.45,15195794
2019-10-15 19:25:47,2.45,2.53,2.42,2.49,6200252
2019-10-16 19:25:47,2.49,2.57,2.47,2.53,21744135
2019-10-17 19:25:47,2.53,2.54,2.47,2.5,46737468
2019-10-18 19:25:47,2.5,2.5,2.47,2.49,32341676
2019-10-19 19:25:47,2.49,2.58,2.45,2.53,40896574
2019-10-20 19:25:47,2.53,2.57,2.52,2.57,2312571
2019-10-21 19:25:47,2.57,2.63,2.53,2.58,23023074
2019-10-22 19:25:47,2.58,2.63,2.52,2.53,45916401
2019-10-23 19:25:47,2.53,2.56,2.45,2.47,1736227
2019-10-24 19:25:47,2.47,2.55,2.44,2.52,31382483
2019-10-25 19:25:47,2.52,2.54,2.44,2.46,9793777
2019-10-26 19:25:47,2.46,2.53,2.45,2.49,4205360
2019-10-27 19:25:47,2.49,2.52,2.43,2.45,5546592
2019-10-28 19:25:47,2.45,2.48,2.37,2.38,49094460
2019-10-29 19:25:47,2.38,2.41,2.38,2.39,5133722
2019-10-30 19:25:47,2.39,2.43,2.37,2.41,9332508
2019-10-31 19:25:47,2.41,2.47,2.38,2.47,14884885
2019-11-01 19:25:47,2.47,2.56,2.45,2.53,44411392
2019-11-02 19:25:47,2.53,2.55,2.44,2.47,1621599
2019-11-03 19:25:47,2.47,2.58,2.44,2.54,2208795
2019-11-04 19:25:47,2.54,2.57,2.49,2.54,49232126
2019-11-05 19:25:47,2.54,2.61,2.5,2.59,41929381
2019-11-06 19:25:47,2.59,2.59,2.56,2.58,38721870
2019-11-07 19:25:47,2.58,2.6,2.52,2.55,32535444
2019-11-08 19:25:47,2.55,2.6,2.52,2.53,38921369
2019-11-09 19:25:47,2.53,2.62,2.48,2.58,14081061
2019-11-10 19:25:47,2.58,2.62,2.58,2.62,33023658
2019-11-11 19:25:47,2.62,2.66,2.55,2.57,9178140
2019-11-12 19:25:47,2.57,2.64,2.55,2.59,30118777
2019-11-13 19:25:47,2.59,2.67,2.56,2.62,32137845
2019-11-14 19:25:47,2.62,2.65,2.55,2.56,19355128
2019-11-15 19:25:47,2.56,2.56,2.55,2.55,30457547
2019-11-16 19:25:47,2.55,2.56,2.51,2.54,15064464
2019-11-17 19:25:47,2.54,2.56,2.48,2.52,10455480
2019-11-18 19:25:47,2.52,2.54,2.43,2.44,24239051
2019-11-19 19:25:47,2.44,2.51,2.42,2.51,31299787
2019-11-20 19:25:47,2.51,2.52,2.49,2.52,38490589
2019-11-21 19:25:47,2.52,2.54,2.41,2.45,29630414
2019-11-22 19:25:47,2.45,2.53,2.41,2.48,1265566
2019-11-23 19:25:47,2.48,2.49,2.4,2.43,27827798
2019-11-24 19:25:47,2.43,2.45,2.34,2.37,23241062
2019-11-25 19:25:47,2.37,2.39,2.32,2.35,49796772
2019-11-26 19:25:47,2.35,2.39,2.3,2.32,23044673
2019-11-27 19:25:47,2.32,2.33,2.26,2.27,15728709
2019-11-28 19:25:47,2.27,2.34,2.23,2.33,46455678
2019-11-29 19:25:47,2.33,2.35,2.25,2.29,17258306
2019-11-30 19:25:47,2.29,2.33,2.24,2.27,22676425
2019-12-01 19:25:47,2.27,2.3,2.25,2.28,25965576
2019-12-02 19:25:47,2.28,2.39,2.26,2.35,49478325
2019-12-03 19:25:47,2.35,2.42,2.3,2.39,21412038
2019-12-04 19:25:47,2.39,2.46,2.37,2.44,21786656
2019-12-05 19:25:47,2.44,2.52,2.43,2.49,8640181
2019-12-06 19:25:47,2.49,2.54,2.44,2.46,27156123
2019-12-07 19:25:47,2.46,2.48,2.38,2.41,12397937
2019-12-08 19:25:47,2.41,2.43,2.38,2.42,30784624
2019-12-09 19:25:47,2.42,2.51,2.38,2.47,30996670
2019-12-10 19:25:47,2.47,2.52,2.46,2.48,43490295
2019-12-11 19:25:47,2.48,2.49,2.44,2.45,7318360
2019-12-12 19:25:47,2.45,2.48,2.39,2.43,17513675
2019-12-13 19:25:47,2.43,2.44,2.41,2.43,5060755
2019-12-14 19:25:47,2.43,2.5,2.41,2.49,39205593
2019-12-15 19:25:47,2.49,2.56,2.46,2.53,31329160
2019-12-16 19:25:47,2.53,2.57,2.48,2.49,22661015
2019-12-17 19:25:47,2.49,2.52,2.46,2.48,42206787
2019-12-18 19:25:47,2.48,2.49,2.47,2.48,39777228
2019-12-19 19:25:47,2.48,2.51,2.39,2.43,48835428
2019-12-20 19:25:47,2.43,2.52,2.42,2.5,26985880
2019-12-21 19:25:47,2.5,2.52,2.44,2.49,42162900
2019-12-22 19:25:47,2.49,2.54,2.44,2.52,26714046
2019-12-23 19:25:47,2.52,2.53,2.44,2.46,28045920
2019-12-24 19:25:47,2.46,2.48,2.37,2.39,39679372
2019-12-25 19:25:47,2.39,2.45,2.35,2.4,25362704
2019-12-26 19:25:47,2.4,2.43,2.35,2.38,10110133
2019-12-27 19:25:47,2.38,2.45,2.37,2.43,24466039
2019-12-28 19:25:47,2.43,2.45,2.37,2.37,40855373
2019-12-29 19:25:47,2.37,2.39,2.33,2.36,31545281
2019-12-30 19:25:47,2.36,2.4,2.32,2.39,8050782
2019-12-31 19:25:47,2.39,2.44,2.29,2.32,30151556
2020-01-01 19:25:47,2.32,2.37,2.32,2.34,5046331
2020-01-02 19:25:47,2.34,2.41,2.32,2.39,24505421
2020-01-03 19:25:47,2.39,2.44,2.35,2.43,39485363
2020-01-04 19:25:47,2.43,2.44,2.37,2.42,38226976
2020-01-05 19:25:47,2.42,2.49,2.41,2.44,37770000
2020-01-06 19:25:47,2.44,2.48,2.4,2.43,43020581
2020-01-07 19:25:47,2.43,2.48,2.41,2.47,45733285
2020-01-08 19:25:47,2.47,2.52,2.4,2.44,22376833
2020-01-09 19:25:47,2.44,2.5,2.39,2.47,19901541
2020-01-10 19:25:47,2.47,2.54,2.43,2.49,23870882
2020-01-11 19:25:47,2.49,2.52,2.41,2.46,41879727
2020-01-12 19:25:47,2.46,2.51,2.43,2.46,6363474
2020-01-13 19:25:47,2.46,2.48,2.45,2.45,28159571
2020-01-14 19:25:47,2.45,2.49,2.37,2.4,6718553
2020-01-15 19:25:47,2.4,2.44,2.39,2.44,5026312
2020-01-16 19:25:47,2.44,2.45,2.37,2.4,34702781
2020-01-17 19:25:47,2.4,2.42,2.33,2.36,28045386
2020-01-18 19:25:47,2.36,2.39,2.32,2.34,21998984
2020-01-19 19:25:47,2.34,2.35,2.26,2.29,44378013
2020-01-20 19:25:47,2.29,2.31,2.26,2.31,34534623
2020-01-21 19:25:47,2.31,2.39,2.28,2.36,29106936
2020-01-22 19:25:47,2.36,2.41,2.34,2.41,43758387
2020-01-23 19:25:47,2.41,2.43,2.39,2.39,11804652
2020-01-24 19:25:47,2.39,2.42,2.34,2.35,45889819
2020-01-25 19:25:47,2.35,2.4,2.32,2.39,21572553
2020-01-26 19:25:47,2.39,2.39,2.29,2.33,3015239
2020-01-27 19:25:47,2.33,2.35,2.27,2.29,47207280
2020-01-28 19:25:47,2.29,2.37,2.28,2.33,5115620
2020-01-29 19:25:47,2.33,2.34,2.32,2.33,30234784
2020-01-30 19:25:47,2.33,2.35,2.26,2.27,13282279
2020-01-31 19:25:47,2.27,2.33,2.27,2.3,12276553
2020-02-01 19:25:47,2.3,2.31,2.28,2.3,10211318
2020-02-02 19:25:47,2.3,2.39,2.29,2.35,27016957
2020-02-03 19:25:47,2.35,2.38,2.25,2.29,14097495
2020-02-04 19:25:47,2.29,2.37,2.27,2.34,14882863
2020-02-05 19:25:47,2.34,2.36,2.3,2.31,13150225
2020-02-06 19:25:47,2.31,2.37,2.27,2.35,8660594
2020-02-07 19:25:47,2.35,2.37,2.3,2.35,4777852
2020-02-08 19:25:47,2.35,2.43,2.31,2.42,8643634
2020-02-09 19:25:47,2.42,2.51,2.42,2.47,21164165
2020-02-10 19:25:47,2.47,2.5,2.47,2.49,49109794
2020-02-11 19:25:47,2.49,2.52,2.45,2.49,18765935
2020-02-12 19:25:47,2.49,2.51,2.45,2.47,6537901
2020-02-13 19:25:47,2.47,2.5,2.43,2.46,23420117
2020-02-14 19:25:47,2.46,2.49,2.44,2.49,20271887
2020-02-15 19:25:47,2.49,2.58,2.47,2.54,23487612
2020-02-16 19:25:47,2.54,2.66,2.5,2.61,19922722
2020-02-17 19:25:47,2.61,2.63,2.58,2.6,15340820
2020-02-18 19:25:47,2.6,2.65,2.56,2.58,2652399
2020-02-19 19:25:47,2.58,2.71,2.58,2.66,23610930
2020-02-20 19:25:47,2.66,2.66,2.61,2.65,15663701
2020-02-21 19:25:47,2.65,2.67,2.6,2.61,35666510
2020-02-22 19:25:47,2.61,2.62,2.59,2.61,22801744
2020-02-23 19:25:47,2.61,2.65,2.54,2.57,5352692
2020-02-24 19:25:47,2.57,2.6,2.53,2.57,20626182
2020-02-25 19:25:47,2.57,2.62,2.53,2.56,49784099
2020-02-26 19:25:47,2.56,2.61,2.51,2.54,4354068
2020-02-27 19:25:47,2.54,2.59,2.51,2.55,32454617
2020-02-28 19:25:47,2.55,2.61,2.51,2.57,29139975
2020-02-29 19:25:47,2.57,2.61,2.55,2.59,21575897
2020-03-01 19:25:47,2.59,2.63,2.55,2.58,10091002
2020-03-02 19:25:47,2.58,2.6,2.49,2.53,13810445
2020-03-03 19:25:47,2.53,2.55,2.49,2.54,16750399
2020-03-04 19:25:47,2.54,2.58,2.52,2.53,5682495
2020-03-05 19:25:47,2.53,2.57,2.46,2.49,18163600
2020-03-06 19:25:47,2.49,2.51,2.43,2.46,3978952
2020-03-07 19:25:47,2.46,2.54,2.43,2.5,10737095
2020-03-08 19:25:47,2.5,2.53,2.42,2.44,12679483
2020-03-09 19:25:47,2.44,2.45,2.38,2.39,34315279
2020-03-10 19:25:47,2.39,2.4,2.31,2.35,48415213
2020-03-11 19:25:47,2.35,2.38,2.3,2.3,5092263
2020-03-12 19:25:47,2.3,2.33,2.28,2.29,45045032
2020-03-13 19:25:47,2.29,2.3,2.25,2.26,32443050
2020-03-14 19:25:47,2.26,2.26,2.2,2.22,14889701
2020-03-15 19:25:47,2.22,2.28,2.18,2.24,39127670
2020-03-16 19:25:47,2.24,2.27,2.2,2.2,35755708
2020-03-17 19:25:47,2.2,2.28,2.18,2.26,30674168
2020-03-18 19:25:47,2.26,2.28,2.21,2.27,1032510
2020-03-19 19:25:47,2.27,2.35,2.26,2.33,36574700
2020-03-20 19:25:47,2.33,2.34,2.26,2.27,16809181
2020-03-21 19:25:47,2.27,2.32,2.24,2.29,8095512
2020-03-22 19:25:47,2.29,2.32,2.24,2.25,10559192
2020-03-23 19:25:47,2.25,2.28,2.25,2.25,27963879
2020-03-24 19:25:47,2.25,2.28,2.23,2.26,7477345
2020-03-25 19:25:47,2.26,2.32,2.23,2.28,6809585
2020-03-26 19:25:47,2.28,2.35,2.24,2.32,26858354
2020-03-27 19:25:47,2.32,2.4,2.32,2.38,33931558
2020-03-28 19:25:47,2.38,2.43,2.33,2.37,45267452
2020-03-29 19:25:47,2.37,2.41,2.33,2.33,47344312
2020-03-30 19:25:47,2.33,2.36,2.32,2.36,20079844
2020-03-31 19:25:47,2.36,2.42,2.31,2.4,43944926
2020-04-01 19:25:47,2.4,2.42,2.35,2.36,26149553
2020-04-02 19:25:47,2.36,2.36,2.32,2.35,41296334
2020-04-03 19:25:47,2.35,2.43,2.32,2.39,28611609
2020-04-04 19:25:47,2.39,2.47,2.37,2.45,20037133
2020-04-05 19:25:47,2.45,2.5,2.39,2.4,20419309
2020-04-06 19:25:47,2.4,2.49,2.39,2.46,20052450
2020-04-07 19:25:47,2.46,2.49,2.41,2.42,12304497
2020-04-08 19:25:47,2.42,2.44,2.33,2.38,25734839
2020-04-09 19:25:47,2.38,2.45,2.35,2.44,13732809
2020-04-10 19:25:47,2.44,2.45,2.4,2.41,47939228
2020-04-11 19:25:47,2.41,2.42,2.31,2.35,12610435
2020-04-12 19:25:47,2.35,2.37,2.33,2.35,17595685
2020-04-13 19:25:47,2.35,2.43,2.35,2.4,31793075
2020-04-14 19:25:47,2.4,2.41,2.39,2.41,2048208
2020-04-15 19:25:47,2.41,2.41,2.35,2.39,18741596
2020-04-16 19:25:47,2.39,2.43,2.32,2.35,40079458
2020-04-17 19:25:47,2.35,2.45,2.31,2.41,4506019
2020-04-18 19:25:47,2.41,2.48,2.38,2.45,34859981
2020-04-19 19:25:47,2.45,2.48,2.43,2.47,17143922
2020-04-20 19:25:47,2.47,2.47,2.45,2.47,43913297
2020-04-21 19:25:47,2.47,2.47,2.38,2.4,25051484
2020-04-22 19:25:47,2.4,2.44,2.39,2.41,33118144
2020-04-23 19:25:47,2.41,2.5,2.4,2.46,19348061
2020-04-24 19:25:47,2.46,2.48,2.37,2.39,47807752
2020-04-25 19:25:47,2.39,2.44,2.34,2.35,17969115
2020-04-26 19:25:47,2.35,2.36,2.31,2.34,31368448
2020-04-27 19:25:47,2.34,2.34,2.33,2.34,48157254
2020-04-28 19:25:47,2.34,2.46,2.31,2.41,28515241
2020-04-29 19:25:47,2.41,2.47,2.37,2.42,48576753
2020-04-30 19:25:47,2.42,2.47,2.36,2.4,32159977
2020-05-01 19:25:47,2.4,2.42,2.37,2.37,11165639
2020-05-02 19:25:47,2.37,2.4,2.34,2.37,33932440
2020-05-03 19:25:47,2.37,2.4,2.3,2.34,17007960
2020-05-04 19:25:47,2.34,2.42,2.32,2.41,49259694
2020-05-05 19:25:47,2.41,2.44,2.4,2.43,33064412
2020-05-06 19:25:47,2.43,2.54,2.41,2.5,20711812
2020-05-07 19:25:47,2.5,2.52,2.46,2.47,21862335
2020-05-08 19:25:47,2.47,2.5,2.43,2.48,36653185
2020-05-09 19:25:47,2.48,2.53,2.46,2.51,48713726
2020-05-10 19:25:47,2.51,2.56,2.47,2.55,8782445
2020-05-11 19:25:47,2.55,2.58,2.46,2.48,25754557
2020-05-12 19:25:47,2.48,2.51,2.47,2.48,16638542
2020-05-13 19:25:47,2.48,2.53,2.45,2.51,21788485
2020-05-14 19:25:47,2.51,2.53,2.49,2.5,4879162
2020-05-15 19:25:47,2.5,2.51,2.49,2.5,22143342
2020-05-16 19:25:47,2.5,2.53,2.47,2.51,1220771
2020-05-17 19:25:47,2.51,2.52,2.43,2.45,20244895
2020-05-18 19:25:47,2.45,2.57,2.41,2.52,10588061
2020-05-19 19:25:47,2.52,2.54,2.43,2.46,32864285
2020-05-20 19:25:47,2.46,2.48,2.45,2.46,15319885
2020-05-21 19:25:47,2.46,2.56,2.42,2.51,49571839
2020-05-22 19:25:47,2.51,2.56,2.43,2.47,9591019
2020-05-23 19:25:47,2.47,2.5,2.43,2.43,25793873
2020-05-24 19:25:47,2.43,2.45,2.38,2.4,46009767
2020-05-25 19:25:47,2.4,2.4,2.29,2.33,17988961
2020-05-26 19:25:47,2.33,2.34,2.26,2.3,42854615
2020-05-27 19:25:47,2.3,2.32,2.28,2.31,32587101
2020-05-28 19:25:47,2.31,2.35,2.31,2.33,44834455
2020-05-29 19:25:47,2.33,2.35,2.29,2.34,29204258
2020-05-30 19:25:47,2.34,2.38,2.33,2.36,13035565
2020-05-31 19:25:47,2.36,2.44,2.32,2.41,47319842
2020-06-01 19:25:47,2.41,2.45,2.38,2.44,11172981
2020-06-02 19:25:47,2.44,2.48,2.41,2.42,44954695
2020-06-03 19:25:47,2.42,2.46,2.37,2.39,22098237
2020-06-04 19:25:47,2.39,2.45,2.37,2.41,29422011
2020-06-05 19:25:47,2.41,2.44,2.33,2.35,21017679
2020-06-06 19:25:47,2.35,2.36,2.35,2.36,36925495
2020-06-07 19:25:47,2.36,2.36,2.29,2.3,21478641
2020-06-08 19:25:47,2.3,2.34,2.22,2.24,35911679
2020-06-09 19:25:47,2.24,2.32,2.22,2.29,45945738
2020-06-10 19:25:47,2.29,2.34,2.27,2.29,23086803
2020-06-11 19:25:47,2.29,2.33,2.28,2.29,14042296
2020-06-12 19:25:47,2.29,2.35,2.25,2.32,16934154
2020-06-13 19:25:47,2.32,2.39,2.28,2.38,18800043
2020-06-14 19:25:47,2.38,2.46,2.35,2.42,38965936
2020-06-15 19:25:47,2.42,2.47,2.35,2.35,48696941
2020-06-16 19:25:47,2.35,2.42,2.35,2.38,19341858
2020-06-17 19:25:47,2.38,2.41,2.34,2.41,37213550
2020-06-18 19:25:47,2.41,2.46,2.36,2.36,29795146
2020-06-19 19:25:47,2.36,2.44,2.35,2.39,44745031
2020-06-20 19:25:47,2.39,2.42,2.31,2.35,5802702
2020-06-21 19:25:47,2.35,2.36,2.27,2.3,26100314
2020-06-22 19:25:47,2.3,2.34,2.25,2.26,25922771
2020-06-23 19:25:47,2.26,2.31,2.24,2.28,8603071
2020-06-24 19:25:47,2.28,2.32,2.19,2.23,40262284
2020-06-25 19:25:47,2.23,2.25,2.15,2.19,5184710
2020-06-26 19:25:47,2.19,2.27,2.16,2.25,3586348
2020-06-27 19:25:47,2.25,2.34,2.22,2.3,10407944
2020-06-28 19:25:47,2.3,2.38,2.29,2.36,35817094
2020-06-29 19:25:47,2.36,2.42,2.33,2.41,24395099
2020-06-30 19:25:47,2.41,2.46,2.36,2.38,34533907
2020-07-01 19:25:47,2.38,2.42,2.31,2.32,35541558
2020-07-02 19:25:47,2.32,2.36,2.27,2.35,48576834
2020-07-03 19:25:47,2.35,2.41,2.35,2.39,9739604
2020-07-04 19:25:47,2.39,2.47,2.34,2.45,2821170
2020-07-05 19:25:47,2.45,2.51,2.44,2.48,44847819
2020-07-06 19:25:47,2.48,2.54,2.47,2.51,32968805
2020-07-07 19:25:47,2.51,2.57,2.5,2.54,7632402
2020-07-08 19:25:47,2.54,2.56,2.45,2.48,20199074
2020-07-09 19:25:47,2.48,2.48,2.43,2.47,25152566
2020-07-10 19:25:47,2.47,2.55,2.42,2.51,3791497
2020-07-11 19:25:47,2.51,2.59,2.48,2.59,30575502
2020-07-12 19:25:47,2.59,2.67,2.57,2.62,30377420
2020-07-13 19:25:47,2.62,2.63,2.55,2.58,36511738
2020-07-14 19:25:47,2.58,2.62,2.58,2.6,1274921
2020-07-15 19:25:47,2.6,2.61,2.5,2.54,20919364
2020-07-16 19:25:47,2.54,2.62,2.51,2.57,6259947
2020-07-17 19:25:47,2.57,2.62,2.53,2.6,39346679
2020-07-18 19:25:47,2.6,2.63,2.55,2.58,38140754
2020-07-19 19:25:47,2.58,2.65,2.57,2.63,3305304
2020-07-20 19:25:47,2.63,2.64,2.57,2.6,3996163
2020-07-21 19:25:47,2.6,2.63,2.54,2.56,33590482
2020-07-22 19:25:47,2.56,2.65,2.52,2.61,45270622
2020-07-23 19:25:47,2.61,2.64,2.56,2.58,30075060
2020-07-24 19:25:47,2.58,2.6,2.52,2.55,7673825
2020-07-25 19:25:47,2.55,2.6,2.52,2.55,46113441
2020-07-26 19:25:47,2.55,2.57,2.49,2.51,27069877
2020-07-27 19:25:47,2.51,2.53,2.42,2.46,45905554
2020-07-28 19:25:47,2.46,2.48,2.39,2.41,13217882
2020-07-29 19:25:47,2.41,2.45,2.36,2.38,33619249
2020-07-30 19:25:47,2.38,2.44,2.36,2.42,46835152
2020-07-31 19:25:47,2.42,2.5,2.37,2.49,18601491
2020-08-01 19:25:47,2.49,2.56,2.48,2.51,20417644
2020-08-02 19:25:47,2.51,2.54,2.43,2.46,27737092
2020-08-03 19:25:47,2.46,2.5,2.38,2.4,47194506
2020-08-04 19:25:47,2.4,2.4,2.35,2.38,43120111
2020-08-05 19:25:47,2.38,2.43,2.32,2.36,44155089
2020-08-06 19:25:47,2.36,2.42,2.33,2.41,47624848
2020-08-07 19:25:47,2.41,2.41,2.41,2.41,11844509
2020-08-08 19:25:47,2.41,2.44,2.4,2.44,41273060
2020-08-09 19:25:47,2.44,2.48,2.37,2.4,30260694
2020-08-10 19:25:47,2.4,2.48,2.39,2.45,18332734
2020-08-11 19:25:47,2.45,2.53,2.41,2.51,7286523
2020-08-12 19:25:47,2.51,2.54,2.44,2.48,49163960
2020-08-13 19:25:47,2.48,2.51,2.45,2.45,28264209
2020-08-14 19:25:47,2.45,2.45,2.4,2.41,46983784
2020-08-15 19:25:47,2.41,2.42,2.36,2.39,46130717
2020-08-16 19:25:47,2.39,2.39,2.32,2.34,19397539
2020-08-17 19:25:47,2.34,2.36,2.27,2.27,25064567
2020-08-18 19:25:47,2.27,2.29,2.2,2.24,37884486
2020-08-19 19:25:47,2.24,2.25,2.14,2.19,42806077
2020-08-20 19:25:47,2.19,2.22,2.11,2.15,47099585
2020-08-21 19:25:47,2.15,2.17,2.08,2.11,7678563
2020-08-22 19:25:47,2.11,2.12,2.11,2.12,10894246
2020-08-23 19:25:47,2.12,2.13,2.03,2.06,25097543
2020-08-24 19:25:47,2.06,2.15,2.05,2.11,32825260
2020-08-25 19:25:47,2.11,2.12,2.07,2.09,32677136
2020-08-26 19:25:47,2.09,2.15,2.06,2.15,31677237
2020-08-27 19:25:47,2.15,2.17,2.1,2.14,18898772
2020-08-28 19:25:47,2.14,2.15,2.11,2.11,1775457
2020-08-29 19:25:47,2.11,2.17,2.09,2.14,49849673
2020-08-30 19:25:47,2.14,2.16,2.06,2.08,16573821
2020-08-31 19:25:47,2.08,2.15,2.06,2.11,26099605
2020-09-01 19:25:47,2.11,2.2,2.08,2.17,35124965
2020-09-02 19:25:47,2.17,2.25,2.16,2.21,4987266
2020-09-03 19:25:47,2.21,2.22,2.13,2.15,15230133
2020-09-04 19:25:47,2.15,2.16,2.12,2.15,23264074
2020-09-05 19:25:47,2.15,2.23,2.13,2.19,23876174
2020-09-06 19:25:47,2.19,2.23,2.16,2.2,3617898
2020-09-07 19:25:47,2.2,2.26,2.18,2.26,23843658
2020-09-08 19:25:47,2.26,2.29,2.25,2.26,30875261
2020-09-09 19:25:47,2.26,2.26,2.19,2.2,11561743
2020-09-10 19:25:47,2.2,2.2,2.14,2.15,11820206
2020-09-11 19:25:47,2.15,2.2,2.12,2.17,9457853
2020-09-12 19:25:47,2.17,2.19,2.13,2.17,35764883
2020-09-13 19:25:47,2.17,2.24,2.15,2.22,46040563
2020-09-14 19:25:47,2.22,2.25,2.2,2.24,31326196
2020-09-15 19:25:47,2.24,2.31,2.2,2.27,49089916
2020-09-16 19:25:47,2.27,2.32,2.23,2.32,18392707
2020-09-17 19:25:47,2.32,2.33,2.25,2.3,31894655
2020-09-18 19:25:47,2.3,2.34,2.29,2.32,4134701
2020-09-19 19:25:47,2.32,2.37,2.24,2.28,13631944
2020-09-20 19:25:47,2.28,2.32,2.18,2.21,38510469
2020-09-21 19:25:47,2.21,2.26,2.19,2.23,14020525
2020-09-22 19:25:47,2.23,2.29,2.22,2.27,19887813
2020-09-23 19:25:47,2.27,2.34,2.25,2.3,43321358
2020-09-24 19:25:47,2.3,2.33,2.23,2.26,9371843
2020-09-25 19:25:47,2.26,2.29,2.21,2.24,2061093
2020-09-26 19:25:47,2.24,2.28,2.16,2.2,31011132
2020-09-27 19:25:47,2.2,2.22,2.13,2.16,22146910
2020-09-28 19:25:47,2.16,2.22,2.15,2.21,21179851
2020-09-29 19:25:47,2.21,2.25,2.17,2.24,14861118
2020-09-30 19:25:47,2.24,2.25,2.21,2.22,48678386
2020-10-01 19:25:47,2.22,2.23,2.13,2.17,36137999
2020-10-02 19:25:47,2.17,2.18,2.11,2.13,15020746
2020-10-03 19:25:47,2.13,2.21,2.1,2.16,44399566
2020-10-04 19:25:47,2.16,2.16,2.07,2.1,30059112
2020-10-05 19:25:47,2.1,2.12,2.02,2.04,13976967
2020-10-06 19:25:47,2.04,2.07,1.99,2.01,18700098
2020-10-07 19:25:47,2.01,2.03,1.98,1.99,8871318
2020-10-08 19:25:47,1.99,2.06,1.96,2.04,28952727
2020-10-09 19:25:47,2.04,2.08,2.04,2.07,17348414
2020-10-10 19:25:47,2.07,2.14,2.05,2.11,22150028
2020-10-11 19:25:47,2.11,2.15,2.1,2.12,25737837
2020-10-12 19:25:47,2.12,2.15,2.07,2.08,37955198
2020-10-13 19:25:47,2.08,2.1,2.05,2.07,32092516
2020-10-14 19:25:47,2.07,2.13,2.04,2.11,11173391
2020-10-15 19:25:47,2.11,2.15,2.04,2.07,29236894
2020-10-16 19:25:47,2.07,2.08,2.01,2.03,45858514
2020-10-17 19:25:47,2.03,2.07,2.0,2.0,44448903
2020-10-18 19:25:47,2.0,2.04,1.98,2.03,20376479
2020-10-19 19:25:47,2.03,2.07,2.0,2.07,39605761
2020-10-20 19:25:47,2.07,2.07,2.01,2.04,18912561
2020-10-21 19:25:47,2.04,2.06,2.0,2.01,40330205
2020-10-22 19:25:47,2.01,2.02,1.95,1.95,2016806
2020-10-23 19:25:47,1.95,2.02,1.95,1.98,46772638
2020-10-24 19:25:47,1.98,2.02,1.95,1.97,39651994
2020-10-25 19:25:47,1.97,1.99,1.91,1.94,23946005
2020-10-26 19:25:47,1.94,1.94,1.9,1.9,16248403
2020-10-27 19:25:47,1.9,1.97,1.88,1.96,38279502
2020-10-28 19:25:47,1.96,2.02,1.96,1.99,7957780
2020-10-29 19:25:47,1.99,2.04,1.98,2.03,1090225
2020-10-30 19:25:47,2.03,2.03,2.0,2.03,2298549
2020-10-31 19:25:47,2.03,2.04,1.98,2.0,6901938
2020-11-01 19:25:47,2.0,2.04,1.97,2.03,26421265
2020-11-02 19:25:47,2.03,2.07,1.97,2.0,21644312
2020-11-03 19:25:47,2.0,2.01,1.97,1.99,24172611
2020-11-04 19:25:47,1.99,2.02,1.93,1.96,2306291
2020-11-05 19:25:47,1.96,1.98,1.93,1.95,39673482
2020-11-06 19:25:47,1.95,2.0,1.93,1.99,14359688
2020-11-07 19:25:47,1.99,2.03,1.95,2.03,35841313
2020-11-08 19:25:47,2.03,2.1,2.0,2.08,4276556
2020-11-09 19:25:47,2.08,2.17,2.04,2.13,10944317
2020-11-10 19:25:47,2.13,2.15,2.08,2.1,16878756
2020-11-11 19:25:47,2.1,2.17,2.09,2.16,41920393
2020-11-12 19:25:47,2.16,2.16,2.11,2.13,1746502
2020-11-13 19:25:47,2.13,2.22,2.11,2.18,49576655
2020-11-14 19:25:47,2.18,2.21,2.14,2.18,28297581
2020-11-15 19:25:47,2.18,2.18,2.13,2.17,6885770
2020-11-16 19:25:47,2.17,2.21,2.16,2.21,21564171
2020-11-17 19:25:47,2.21,2.26,2.21,2.23,47471466
2020-11-18 19:25:47,2.23,2.24,2.15,2.18,26151287
2020-11-19 19:25:47,2.18,2.18,2.14,2.18,35230460
2020-11-20 19:25:47,2.18,2.18,2.13,2.15,3895024
2020-11-21 19:25:47,2.15,2.22,2.13,2.2,19960747
2020-11-22 19:25:47,2.2,2.27,2.2,2.23,18265639
2020-11-23 19:25:47,2.23,2.23,2.15,2.18,27739746
2020-11-24 19:25:47,2.18,2.26,2.14,2.24,17094205
2020-11-25 19:25:47,2.24,2.27,2.21,2.27,7717291
2020-11-26 19:25:47,2.27,2.37,2.24,2.33,28357945
2020-11-27 19:25:47,2.33,2.37,2.3,2.32,36222343
2020-11-28 19:25:47,2.32,2.38,2.31,2.36,31691000
2020-11-29 19:25:47,2.36,2.39,2.33,2.33,7578577
2020-11-30 19:25:47,2.33,2.43,2.32,2.39,45795492
2020-12-01 19:25:47,2.39,2.46,2.36,2.43,29505241
2020-12-02 19:25:47,2.43,2.51,2.43,2.48,25278748
2020-12-03 19:25:47,2.48,2.5,2.44,2.5,11518961
2020-12-04 19:25:47,2.5,2.55,2.45,2.49,24402024
2020-12-05 19:25:47,2.49,2.55,2.45,2.53,2799651
2020-12-06 19:25:47,2.53,2.58,2.51,2.54,7148680
2020-12-07 19:25:47,2.54,2.58,2.46,2.49,13460919
2020-12-08 19:25:47,2.49,2.54,2.45,2.54,23785775
2020-12-09 19:25:47,2.54,2.56,2.44,2.49,13168140
2020-12-10 19:25:47,2.49,2.52,2.4,2.45,19057358
2020-12-11 19:25:47,2.45,2.51,2.44,2.5,31184357
2020-12-12 19:25:47,2.5,2.61,2.48,2.57,34437530
2020-12-13 19:25:47,2.57,2.63,2.53,2.59,16479782
2020-12-14 19:25:47,2.59,2.63,2.55,2.63,6739318
2020-12-15 19:25:47,2.63,2.64,2.59,2.62,11138638
2020-12-16 19:25:47,2.62,2.65,2.54,2.56,43975555
2020-12-17 19:25:47,2.56,2.68,2.51,2.63,47417577
2020-12-18 19:25:47,2.63,2.69,2.6,2.67,37612908
2020-12-19 19:25:47,2.67,2.67,2.61,2.65,25654814
2020-12-20 19:25:47,2.65,2.69,2.55,2.6,25022919
2020-12-21 19:25:47,2.6,2.69,2.59,2.67,35353887
2020-12-22 19:25:47,2.67,2.71,2.67,2.71,4639365
2020-12-23 19:25:47,2.71,2.76,2.61,2.64,17672251
2020-12-24 19:25:47,2.64,2.65,2.57,2.62,3620663
2020-12-25 19:25:47,2.62,2.67,2.6,2.64,20742080
2020-12-26 19:25:47,2.64,2.64,2.55,2.57,47065097
2020-12-27 19:25:47,2.57,2.6,2.52,2.55,27725989
2020-12-28 19:25:47,2.55,2.57,2.45,2.5,49318883
2020-12-29 19:25:47,2.5,2.57,2.45,2.54,4053201
2020-12-30 19:25:47,2.54,2.57,2.5,2.53,4681564
2020-12-31 19:25:47,2.53,2.56,2.45,2.47,9787279
2021-01-01 19:25:47,2.47,2.55,2.46,2.51,27805069
2021-01-02 19:25:47,2.51,2.53,2.42,2.44,29619389
2021-01-03 19:25:47,2.44,2.51,2.42,2.51,38447178
2021-01-04 19:25:47,2.51,2.57,2.5,2.53,42378933
2021-01-05 19:25:47,2.53,2.65,2.53,2.6,21102573
2021-01-06 19:25:47,2.6,2.69,2.57,2.67,32552750
2021-01-07 19:25:47,2.67,2.71,2.59,2.62,24288414
2021-01-08 19:25:47,2.62,2.66,2.61,2.61,14418723
2021-01-09 19:25:47,2.61,2.71,2.6,2.67,18276371
2021-01-10 19:25:47,2.67,2.7,2.62,2.65,3192455
2021-01-11 19:25:47,2.65,2.7,2.58,2.63,22629420
2021-01-12 19:25:47,2.63,2.66,2.62,2.65,38518866
2021-01-13 19:25:47,2.65,2.72,2.61,2.67,15635836
2021-01-14 19:25:47,2.67,2.72,2.66,2.68,12337665
2021-01-15 19:25:47,2.68,2.71,2.56,2.6,10566205
2021-01-16 19:25:47,2.6,2.65,2.59,2.61,11395957
2021-01-17 19:25:47,2.61,2.63,2.6,2.62,6659646
2021-01-18 19:25:47,2.62,2.74,2.61,2.69,33929662
2021-01-19 19:25:47,2.69,2.76,2.68,2.74,20835841
2021-01-20 19:25:47,2.74,2.81,2.69,2.8,35295950
2021-01-21 19:25:47,2.8,2.91,2.76,2.87,24382524
2021-01-22 19:25:47,2.87,2.91,2.81,2.83,16670859
2021-01-23 19:25:47,2.83,2.97,2.78,2.92,37900984
2021-01-24 19:25:47,2.92,2.93,2.89,2.92,27899270
2021-01-25 19:25:47,2.92,3.01,2.86,2.99,37509541
2021-01-26 19:25:47,2.99,3.03,2.97,3.02,36851596
2021-01-27 19:25:47,3.02,3.05,2.93,2.95,42226416
2021-01-28 19:25:47,2.95,3.0,2.89,2.94,4020499
2021-01-29 19:25:47,2.94,2.98,2.86,2.88,31596782
2021-01-30 19:25:47,2.88,2.92,2.79,2.85,44036561
2021-01-31 19:25:47,2.85,2.89,2.75,2.78,17434961
2021-02-01 19:25:47,2.78,2.8,2.69,2.7,18887862
2021-02-02 19:25:47,2.7,2.78,2.67,2.75,23542232
2021-02-03 19:25:47,2.75,2.8,2.73,2.79,38710336
2021-02-04 19:25:47,2.79,2.8,2.75,2.78,27163157
2021-02-05 19:25:47,2.78,2.82,2.74,2.79,11627903
2021-02-06 19:25:47,2.79,2.79,2.74,2.77,31730560
2021-02-07 19:25:47,2.77,2.84,2.73,2.83,24670213
2021-02-08 19:25:47,2.83,2.89,2.79,2.85,6007989
2021-02-09 19:25:47,2.85,2.87,2.81,2.83,44776757
2021-02-10 19:25:47,2.83,2.94,2.82,2.91,17249700
2021-02-11 19:25:47,2.91,2.96,2.9,2.92,3487923
2021-02-12 19:25:47,2.92,2.96,2.91,2.95,49123423
2021-02-13 19:25:47,2.95,3.0,2.91,3.0,20268639
2021-02-14 19:25:47,3.0,3.04,2.87,2.91,4479502
2021-02-15 19:25:47,2.91,2.94,2.89,2.89,37210358
2021-02-16 19:25:47,2.89,2.93,2.85,2.9,7945273
2021-02-17 19:25:47,2.9,2.99,2.87,2.97,30369656
2021-02-18 19:25:47,2.97,3.09,2.94,3.04,37225808
2021-02-19 19:25:47,3.04,3.07,2.97,3.0,42947291
2021-02-20 19:25:47,3.0,3.09,2.95,3.08,35472676
2021-02-21 19:25:47,3.08,3.1,3.0,3.05,39130534
2021-02-22 19:25:47,3.05,3.09,3.0,3.06,18888336
2021-02-23 19:25:47,3.06,3.09,3.0,3.06,13689871
2021-02-24 19:25:47,3.06,3.09,3.05,3.06,42892528
2021-02-25 19:25:47,3.06,3.13,3.02,3.09,34816951
2021-02-26 19:25:47,3.09,3.16,3.07,3.12,34168196
2021-02-27 19:25:47,3.12,3.21,3.06,3.19,15037362
2021-02-28 19:25:47,3.19,3.25,3.19,3.21,7887311
2021-03-01 19:25:47,3.21,3.23,3.1,3.13,7314470
2021-03-02 19:25:47,3.13,3.15,3.08,3.09,23105451
2021-03-03 19:25:47,3.09,3.12,3.03,3.05,4116712
2021-03-04 19:25:47,3.05,3.11,3.01,3.11,35628783
2021-03-05 19:25:47,3.11,3.19,3.09,3.17,26639737
2021-03-06 19:25:47,3.17,3.19,3.14,3.14,48175399
2021-03-07 19:25:47,3.14,3.17,3.05,3.08,44802674
2021-03-08 19:25:47,3.08,3.1,3.0,3.03,16940152
2021-03-09 19:25:47,3.03,3.14,3.03,3.12,41480476
2021-03-10 19:25:47,3.12,3.15,3.05,3.11,17931842
2021-03-11 19:25:47,3.11,3.13,3.03,3.05,18407579
2021-03-12 19:25:47,3.05,3.11,2.97,3.0,7575851
2021-03-13 19:25:47,3.0,3.02,2.91,2.95,12442977
2021-03-14 19:25:47,2.95,3.04,2.94,2.99,23880130
2021-03-15 19:25:47,2.99,3.01,2.95,2.97,41537953
2021-03-16 19:25:47,2.97,3.07,2.95,3.03,45244507
2021-03-17 19:25:47,3.03,3.06,2.97,3.02,47723316
2021-03-18 19:25:47,3.02,3.05,3.0,3.04,32164722
2021-03-19 19:25:47,3.04,3.1,2.99,3.03,19699495
2021-03-20 19:25:47,3.03,3.05,3.0,3.01,36040708
2021-03-21 19:25:47,3.01,3.09,3.01,3.04,35002530
2021-03-22 19:25:47,3.04,3.11,3.03,3.08,18275362
2021-03-23 19:25:47,3.08,3.16,3.02,3.14,41334861
2021-03-24 19:25:47,3.14,3.17,3.09,3.15,48764041
2021-03-25 19:25:47,3.15,3.21,3.11,3.14,23504787
2021-03-26 19:25:47,3.14,3.23,3.13,3.18,37984183
2021-03-27 19:25:47,3.18,3.29,3.14,3.23,31174390
2021-03-28 19:25:47,3.23,3.3,3.17,3.29,23469522
2021-03-29 19:25:47,3.29,3.29,3.19,3.21,28342360
2021-03-30 19:25:47,3.21,3.34,3.18,3.29,23207310
2021-03-31 19:25:47,3.29,3.45,3.23,3.38,2941489
2021-04-01 19:25:47,3.38,3.45,3.34,3.41,12773722
2021-04-02 19:25:47,3.41,3.44,3.36,3.43,44953367
2021-04-03 19:25:47,3.43,3.43,3.31,3.37,37359284
2021-04-04 19:25:47,3.37,3.39,3.29,3.35,39716791
2021-04-05 19:25:47,3.35,3.4,3.34,3.38,24323681
2021-04-06 19:25:47,3.38,3.43,3.29,3.33,22612381
2021-04-07 19:25:47,3.33,3.35,3.23,3.25,41063901
2021-04-08 19:25:47,3.25,3.36,3.2,3.34,37216678
2021-04-09 19:25:47,3.34,3.38,3.25,3.31,5298714
2021-04-10 19:25:47,3.31,3.35,3.24,3.28,16744850
2021-04-11 19:25:47,3.28,3.37,3.25,3.32,27416702
2021-04-12 19:25:47,3.32,3.36,3.32,3.35,10246932
2021-04-13 19:25:47,3.35,3.43,3.34,3.39,26460620
2021-04-14 19:25:47,3.39,3.42,3.31,3.35,45293432
2021-04-15 19:25:47,3.35,3.42,3.25,3.28,32768494
2021-04-16 19:25:47,3.28,3.31,3.25,3.3,24056149
2021-04-17 19:25:47,3.3,3.37,3.29,3.33,6237385
2021-04-18 19:25:47,3.33,3.36,3.31,3.32,45245465
2021-04-19 19:25:47,3.32,3.38,3.24,3.29,13983100
2021-04-20 19:25:47,3.29,3.33,3.19,3.25,7859552
2021-04-21 19:25:47,3.25,3.26,3.18,3.22,30835658
2021-04-22 19:25:47,3.22,3.33,3.16,3.27,13831782
2021-04-23 19:25:47,3.27,3.28,3.17,3.18,41983757
2021-04-24 19:25:47,3.18,3.19,3.11,3.15,44828367
2021-04-25 19:25:47,3.15,3.19,3.07,3.08,38765456
2021-04-26 19:25:47,3.08,3.13,3.06,3.08,22280296
2021-04-27 19:25:47,3.08,3.1,3.06,3.06,22786600
2021-04-28 19:25:47,3.06,3.15,3.06,3.14,10270964
2021-04-29 19:25:47,3.14,3.17,3.02,3.06,3141229
2021-04-30 19:25:47,3.06,3.12,3.06,3.08,2166833
2021-05-01 19:25:47,3.08,3.09,3.04,3.05,40846839
2021-05-02 19:25:47,3.05,3.07,3.02,3.03,3533830
2021-05-03 19:25:47,3.03,3.06,2.99,3.03,2134413
2021-05-04 19:25:47,3.03,3.12,3.02,3.1,28533753
2021-05-05 19:25:47,3.1,3.12,3.01,3.02,31591608
2021-05-06 19:25:47,3.02,3.04,2.97,2.98,40547161
2021-05-07 19:25:47,2.98,3.01,2.92,2.98,19346892
2021-05-08 19:25:47,2.98,3.01,2.85,2.9,21834509
2021-05-09 19:25:47,2.9,2.96,2.87,2.87,25126864
2021-05-10 19:25:47,2.87,2.91,2.78,2.83,36063781
2021-05-11 19:25:47,2.83,2.85,2.78,2.79,31816915
2021-05-12 19:25:47,2.79,2.9,2.75,2.87,37793808
2021-05-13 19:25:47,2.87,2.88,2.81,2.86,41465257
2021-05-14 19:25:47,2.86,2.93,2.84,2.88,43411863
2021-05-15 19:25:47,2.88,2.91,2.79,2.82,43734087
2021-05-16 19:25:47,2.82,2.86,2.8,2.85,17851984
2021-05-17 19:25:47,2.85,2.91,2.83,2.86,41633066
2021-05-18 19:25:47,2.86,2.95,2.83,2.9,39302157
2021-05-19 19:25:47,2.9,2.96,2.89,2.89,2991742
2021-05-20 19:25:47,2.89,2.9,2.86,2.88,6036304
2021-05-21 19:25:47,2.88,2.89,2.82,2.83,38985003
2021-05-22 19:25:47,2.83,2.87,2.77,2.82,7207122
2021-05-23 19:25:47,2.82,2.83,2.73,2.79,1145175
2021-05-24 19:25:47,2.79,2.8,2.77,2.79,20576173
2021-05-25 19:25:47,2.79,2.83,2.75,2.83,32229432
2021-05-26 19:25:47,2.83,2.84,2.79,2.79,1603471
2021-05-27 19:25:47,2.79,2.83,2.75,2.81,18023719
2021-05-28 19:25:47,2.81,2.83,2.69,2.73,42456687
2021-05-29 19:25:47,2.73,2.81,2.69,2.77,5828612
2021-05-30 19:25:47,2.77,2.81,2.75,2.75,36447114
2021-05-31 19:25:47,2.75,2.75,2.74,2.75,42014036
2021-06-01 19:25:47,2.75,2.77,2.64,2.68,17013508
2021-06-02 19:25:47,2.68,2.7,2.63,2.69,36348912
2021-06-03 19:25:47,2.69,2.72,2.66,2.7,5283655
2021-06-04 19:25:47,2.7,2.75,2.63,2.63,18743406
2021-06-05 19:25:47,2.63,2.67,2.62,2.63,40466966
2021-06-06 19:25:47,2.63,2.67,2.56,2.57,1936758
2021-06-07 19:25:47,2.57,2.67,2.54,2.62,42452860
2021-06-08 19:25:47,2.62,2.69,2.58,2.64,41519773
2021-06-09 19:25:47,2.64,2.66,2.61,2.64,34520903
2021-06-10 19:25:47,2.64,2.65,2.56,2.61,37582174
2021-06-11 19:25:47,2.61,2.64,2.58,2.61,34989051
2021-06-12 19:25:47,2.61,2.62,2.6,2.6,47106010
2021-06-13 19:25:47,2.6,2.63,2.6,2.61,3737004
2021-06-14 19:25:47,2.61,2.66,2.54,2.54,49251089
2021-06-15 19:25:47,2.54,2.57,2.42,2.47,4416754
2021-06-16 19:25:47,2.47,2.51,2.43,2.45,3860690
2021-06-17 19:25:47,2.45,2.52,2.41,2.51,27341629
2021-06-18 19:25:47,2.51,2.55,2.5,2.55,22034490
2021-06-19 19:25:47,2.55,2.6,2.48,2.49,30590213
2021-06-20 19:25:47,2.49,2.52,2.4,2.43,29986671
2021-06-21 19:25:47,2.43,2.46,2.4,2.43,13583186
2021-06-22 19:25:47,2.43,2.52,2.42,2.5,31385520
2021-06-23 19:25:47,2.5,2.53,2.45,2.52,6291652
2021-06-24 19:25:47,2.52,2.56,2.52,2.54,31368530
2021-06-25 19:25:47,2.54,2.65,2.53,2.61,14056724
2021-06-26 19:25:47,2.61,2.66,2.54,2.58,27574040
2021-06-27 19:25:47,2.58,2.61,2.54,2.57,22578699
2021-06-28 19:25:47,2.57,2.61,2.53,2.55,41302278
2021-06-29 19:25:47,2.55,2.59,2.51,2.56,21077305
2021-06-30 19:25:47,2.56,2.58,2.48,2.49,41112573
2021-07-01 19:25:47,2.49,2.5,2.43,2.47,30370239
2021-07-02 19:25:47,2.47,2.5,2.39,2.41,14927175
2021-07-03 19:25:47,2.41,2.41,2.37,2.4,39902253
2021-07-04 19:25:47,2.4,2.44,2.35,2.36,11189481
2021-07-05 19:25:47,2.36,2.4,2.29,2.3,14305411
2021-07-06 19:25:47,2.3,2.32,2.22,2.25,9625223
2021-07-07 19:25:47,2.25,2.26,2.22,2.24,3269404
2021-07-08 19:25:47,2.24,2.27,2.21,2.22,21442466
2021-07-09 19:25:47,2.22,2.3,2.19,2.27,27515214
2021-07-10 19:25:47,2.27,2.29,2.2,2.23,47689474
2021-07-11 19:25:47,2.23,2.32,2.2,2.28,35795888
2021-07-12 19:25:47,2.28,2.3,2.21,2.25,22244399
2021-07-13 19:25:47,2.25,2.27,2.18,2.2,35328243
2021-07-14 19:25:47,2.2,2.22,2.12,2.14,24929165
2021-07-15 19:25:47,2.14,2.21,2.12,2.19,31670271
2021-07-16 19:25:47,2.19,2.24,2.17,2.21,33231387
2021-07-17 19:25:47,2.21,2.28,2.17,2.25,37496024
2021-07-18 19:25:47,2.25,2.31,2.24,2.28,26077325
2021-07-19 19:25:47,2.28,2.3,2.26,2.29,12261576
2021-07-20 19:25:47,2.29,2.32,2.18,2.23,4600705
2021-07-21 19:25:47,2.23,2.27,2.18,2.2,39070234
2021-07-22 19:25:47,2.2,2.23,2.14,2.14,22515645
2021-07-23 19:25:47,2.14,2.24,2.13,2.2,16558847
2021-07-24 19:25:47,2.2,2.29,2.2,2.26,37520001
2021-07-25 19:25:47,2.26,2.35,2.25,2.32,47475829
2021-07-26 19:25:47,2.32,2.34,2.3,2.32,35882317
2021-07-27 19:25:47,2.32,2.34,2.27,2.32,44367711
2021-07-28 19:25:47,2.32,2.35,2.29,2.34,29490238
2021-07-29 19:25:47,2.34,2.4,2.32,2.36,9741207
2021-07-30 19:25:47,2.36,2.38,2.32,2.33,47678665
2021-07-31 19:25:47,2.33,2.34,2.24,2.26,13819800
2021-08-01 19:25:47,2.26,2.29,2.2,2.2,22325708
2021-08-02 19:25:47,2.2,2.22,2.14,2.15,46640515
2021-08-03 19:25:47,2.15,2.21,2.13,2.21,3458206
2021-08-04 19:25:47,2.21,2.22,2.17,2.18,14471615
2021-08-05 19:25:47,2.18,2.19,2.14,2.17,49090337
2021-08-06 19:25:47,2.17,2.25,2.15,2.23,28901170
2021-08-07 19:25:47,2.23,2.27,2.22,2.25,38067109
2021-08-08 19:25:47,2.25,2.36,2.23,2.32,37137176
2021-08-09 19:25:47,2.32,2.38,2.29,2.37,25263022
2021-08-10 19:25:47,2.37,2.46,2.37,2.42,10691743
2021-08-11 19:25:47,2.42,2.47,2.4,2.47,35448713
2021-08-12 19:25:47,2.47,2.5,2.39,2.42,5445557
2021-08-13 19:25:47,2.42,2.49,2.37,2.45,11676163
2021-08-14 19:25:47,2.45,2.53,2.41,2.52,39684731
2021-08-15 19:25:47,2.52,2.58,2.48,2.57,6632280
2021-08-16 19:25:47,2.57,2.63,2.55,2.58,10753536
2021-08-17 19:25:47,2.58,2.65,2.56,2.63,5237107
2021-08-18 19:25:47,2.63,2.65,2.61,2.64,16212236
2021-08-19 19:25:47,2.64,2.65,2.62,2.62,15072476
2021-08-20 19:25:47,2.62,2.64,2.57,2.58,33554387
2021-08-21 19:25:47,2.58,2.65,2.53,2.61,44063683
2021-08-22 19:25:47,2.61,2.67,2.56,2.64,49078816
2021-08-23 19:25:47,2.64,2.66,2.55,2.58,16811571
2021-08-24 19:25:47,2.58,2.69,2.55,2.65,22815773
2021-08-25 19:25:47,2.65,2.69,2.58,2.59,17560636
2021-08-26 19:25:47,2.59,2.68,2.59,2.66,5428847
2021-08-27 19:25:47,2.66,2.68,2.65,2.65,33713727
2021-08-28 19:25:47,2.65,2.69,2.58,2.6,4698578
2021-08-29 19:25:47,2.6,2.61,2.53,2.58,42031486
2021-08-30 19:25:47,2.58,2.59,2.54,2.58,3837114
2021-08-31 19:25:47,2.58,2.62,2.57,2.61,32617423
2021-09-01 19:25:47,2.61,2.65,2.61,2.64,13295021
2021-09-02 19:25:47,2.64,2.68,2.63,2.64,45876007
2021-09-03 19:25:47,2.64,2.73,2.64,2.69,23177459
2021-09-04 19:25:47,2.69,2.7,2.59,2.61,9853600
2021-09-05 19:25:47,2.61,2.64,2.56,2.58,36955933
2021-09-06 19:25:47,2.58,2.64,2.53,2.59,16647633
2021-09-07 19:25:47,2.59,2.63,2.52,2.54,9488414
2021-09-08 19:25:47,2.54,2.59,2.46,2.5,26605351
2021-09-09 19:25:47,2.5,2.58,2.47,2.53,25802888
2021-09-10 19:25:47,2.53,2.57,2.5,2.52,11963427
2021-09-11 19:25:47,2.52,2.56,2.51,2.54,2139909
2021-09-12 19:25:47,2.54,2.63,2.49,2.59,18762753
2021-09-13 19:25:47,2.59,2.64,2.54,2.58,24126230
2021-09-14 19:25:47,2.58,2.64,2.55,2.59,3071765
2021-09-15 19:25:47,2.59,2.65,2.54,2.59,4603594
2021-09-16 19:25:47,2.59,2.63,2.54,2.57,1120584
2021-09-17 19:25:47,2.57,2.59,2.47,2.49,39483847
2021-09-18 19:25:47,2.49,2.52,2.41,2.45,2628408
2021-09-19 19:25:47,2.45,2.54,2.43,2.5,19520070
2021-09-20 19:25:47,2.5,2.54,2.4,2.45,41522607
2021-09-21 19:25:47,2.45,2.51,2.4,2.47,8316895
2021-09-22 19:25:47,2.47,2.47,2.39,2.43,42925542
2021-09-23 19:25:47,2.43,2.46,2.36,2.39,46690438
2021-09-24 19:25:47,2.39,2.43,2.29,2.32,48306152
2021-09-25 19:25:47,2.32,2.36,2.24,2.26,39452143
2021-09-26 19:25:47,2.26,2.27,2.19,2.23,22013025
2021-09-27 19:25:47,2.23,2.29,2.23,2.29,14975654
2021-09-28 19:25:47,2.29,2.32,2.24,2.28,5059824
2021-09-29 19:25:47,2.28,2.34,2.25,2.34,1861557
2021-09-30 19:25:47,2.34,2.35,2.33,2.34,5899597
2021-10-01 19:25:47,2.34,2.38,2.33,2.35,28140032
2021-10-02 19:25:47,2.35,2.37,2.29,2.32,3053142
2021-10-03 19:25:47,2.32,2.43,2.29,2.39,37999580
2021-10-04 19:25:47,2.39,2.48,2.35,2.46,5816628
2021-10-05 19:25:47,2.46,2.51,2.45,2.49,23392758
2021-10-06 19:25:47,2.49,2.53,2.48,2.5,28716379
2021-10-07 19:25:47,2.5,2.55,2.47,2.51,41534985
2021-10-08 19:25:47,2.51,2.54,2.5,2.53,17175223
2021-10-09 19:25:47,2.53,2.57,2.42,2.47,39489886
2021-10-10 19:25:47,2.47,2.5,2.38,2.39,23898602
2021-10-11 19:25:47,2.39,2.5,2.39,2.46,21999598
2021-10-12 19:25:47,2.46,2.49,2.45,2.45,26411593
2021-10-13 19:25:47,2.45,2.53,2.42,2.5,23183163
2021-10-14 19:25:47,2.5,2.57,2.46,2.53,33153499
2021-10-15 19:25:47,2.53,2.61,2.5,2.59,1485258
2021-10-16 19:25:47,2.59,2.65,2.57,2.63,30164265
2021-10-17 19:25:47,2.63,2.7,2.6,2.65,35587821
2021-10-18 19:25:47,2.65,2.69,2.58,2.61,27394795
2021-10-19 19:25:47,2.61,2.7,2.61,2.66,3629277
2021-10-20 19:25:47,2.66,2.76,2.62,2.71,42837046
2021-10-21 19:25:47,2.71,2.76,2.66,2.69,33751675
2021-10-22 19:25:47,2.69,2.78,2.65,2.76,19408467
2021-10-23 19:25:47,2.76,2.83,2.72,2.78,4057008
2021-10-24 19:25:47,2.78,2.84,2.75,2.79,22934054
2021-10-25 19:25:47,2.79,2.81,2.77,2.79,22506335
2021-10-26 19:25:47,2.79,2.79,2.73,2.76,1153532
2021-10-27 19:25:47,2.76,2.85,2.72,2.81,14550564
2021-10-28 19:25:47,2.81,2.82,2.79,2.81,40560487
2021-10-29 19:25:47,2.81,2.85,2.8,2.85,11392715
2021-10-30 19:25:47,2.85,2.89,2.8,2.82,26737359
2021-10-31 19:25:47,2.82,2.87,2.74,2.78,8162466
2021-11-01 19:25:47,2.78,2.86,2.74,2.82,42627278
2021-11-02 19:25:47,2.82,2.86,2.78,2.82,39087231
2021-11-03 19:25:47,2.82,2.87,2.7,2.74,33512561
2021-11-04 19:25:47,2.74,2.77,2.71,2.71,47721535
2021-11-05 19:25:47,2.71,2.76,2.67,2.75,37982411
2021-11-06 19:25:47,2.75,2.79,2.67,2.73,22125895
2021-11-07 19:25:47,2.73,2.75,2.67,2.7,34828896
2021-11-08 19:25:47,2.7,2.72,2.64,2.65,27739637
2021-11-09 19:25:47,2.65,2.73,2.63,2.7,4564037
2021-11-10 19:25:47,2.7,2.73,2.56,2.62,22851165
2021-11-11 19:25:47,2.62,2.63,2.61,2.62,2674870
2021-11-12 19:25:47,2.62,2.69,2.57,2.68,41018866
2021-11-13 19:25:47,2.68,2.73,2.67,2.71,28699329
2021-11-14 19:25:47,2.71,2.74,2.7,2.72,20941625
2021-11-15 19:25:47,2.72,2.74,2.63,2.68,19263373
2021-11-16 19:25:47,2.68,2.78,2.66,2.76,26260403
2021-11-17 19:25:47,2.76,2.78,2.67,2.7,38805837
2021-11-18 19:25:47,2.7,2.71,2.69,2.69,30067556
2021-11-19 19:25:47,2.69,2.72,2.65,2.66,38927142
2021-11-20 19:25:47,2.66,2.68,2.61,2.62,40377380
2021-11-21 19:25:47,2.62,2.65,2.51,2.55,41213516
2021-11-22 19:25:47,2.55,2.58,2.52,2.53,19787101
2021-11-23 19:25:47,2.53,2.58,2.47,2.5,25167991
2021-11-24 19:25:47,2.5,2.54,2.43,2.47,13285331
2021-11-25 19:25:47,2.47,2.55,2.43,2.51,38896975
2021-11-26 19:25:47,2.51,2.56,2.46,2.47,22017178
2021-11-27 19:25:47,2.47,2.55,2.44,2.5,32593127
2021-11-28 19:25:47,2.5,2.53,2.4,2.43,41471422
2021-11-29 19:25:47,2.43,2.45,2.42,2.44,33497251
2021-11-30 19:25:47,2.44,2.44,2.39,2.42,46792048
2021-12-01 19:25:47,2.42,2.45,2.38,2.38,29033006
2021-12-02 19:25:47,2.38,2.41,2.33,2.34,9855468
2021-12-03 19:25:47,2.34,2.37,2.34,2.36,10912358
2021-12-04 19:25:47,2.36,2.44,2.35,2.43,41351624
2021-12-05 19:25:47,2.43,2.45,2.4,2.43,1201725
2021-12-06 19:25:47,2.43,2.44,2.38,2.39,39627185
2021-12-07 19:25:47,2.39,2.49,2.36,2.45,14432920
2021-12-08 19:25:47,2.45,2.52,2.43,2.5,46755531
2021-12-09 19:25:47,2.5,2.53,2.41,2.44,12376758
2021-12-10 19:25:47,2.44,2.5,2.4,2.49,7038406
2021-12-11 19:25:47,2.49,2.51,2.45,2.47,9385913
2021-12-12 19:25:47,2.47,2.49,2.43,2.48,10854903
2021-12-13 19:25:47,2.48,2.51,2.4,2.43,29189081
2021-12-14 19:25:47,2.43,2.49,2.38,2.47,12440741
2021-12-15 19:25:47,2.47,2.5,2.44,2.48,11522974
2021-12-16 19:25:47,2.48,2.53,2.45,2.49,5737527
2021-12-17 19:25:47,2.49,2.5,2.48,2.49,33423344
2021-12-18 19:25:47,2.49,2.6,2.49,2.56,23484013
2021-12-19 19:25:47,2.56,2.61,2.51,2.54,42033387
2021-12-20 19:25:47,2.54,2.55,2.45,2.46,42294340
2021-12-21 19:25:47,2.46,2.52,2.43,2.49,23523002
2021-12-22 19:25:47,2.49,2.49,2.4,2.44,9392515
2021-12-23 19:25:47,2.44,2.52,2.39,2.49,20799495
2021-12-24 19:25:47,2.49,2.5,2.46,2.49,41311693
2021-12-25 19:25:47,2.49,2.52,2.45,2.49,29463510
2021-12-26 19:25:47,2.49,2.51,2.42,2.44,23855656
2021-12-27 19:25:47,2.44,2.49,2.42,2.46,23874882
2021-12-28 19:25:47,2.46,2.53,2.46,2.48,21293872
2021-12-29 19:25:47,2.48,2.57,2.44,2.53,47341783
2021-12-30 19:25:47,2.53,2.58,2.46,2.46,36843191
2021-12-31 19:25:47,2.46,2.47,2.39,2.44,39169448
2022-01-01 19:25:47,2.44,2.51,2.39,2.48,13507709
2022-01-02 19:25:47,2.48,2.58,2.47,2.53,36357625
2022-01-03 19:25:47,2.53,2.56,2.52,2.52,6671426
2022-01-04 19:25:47,2.52,2.58,2.5,2.53,27687583
2022-01-05 19:25:47,2.53,2.56,2.46,2.48,7345436
2022-01-06 19:25:47,2.48,2.49,2.44,2.45,34246773
2022-01-07 19:25:47,2.45,2.48,2.43,2.46,41006547
2022-01-08 19:25:47,2.46,2.46,2.41,2.44,32789892
2022-01-09 19:25:47,2.44,2.53,2.41,2.48,9265488
2022-01-10 19:25:47,2.48,2.6,2.43,2.55,46284273
2022-01-11 19:25:47,2.55,2.57,2.54,2.56,4052924
2022-01-12 19:25:47,2.56,2.59,2.53,2.59,7616878
2022-01-13 19:25:47,2.59,2.63,2.54,2.58,46419186
2022-01-14 19:25:47,2.58,2.61,2.56,2.59,27125330
2022-01-15 19:25:47,2.59,2.62,2.53,2.54,29866808
2022-01-16 19:25:47,2.54,2.59,2.51,2.52,39116289
2022-01-17 19:25:47,2.52,2.6,2.51,2.56,8330451
2022-01-18 19:25:47,2.56,2.58,2.49,2.54,41631439
2022-01-19 19:25:47,2.54,2.59,2.47,2.5,38247407
2022-01-20 19:25:47,2.5,2.53,2.45,2.5,40607785
2022-01-21 19:25:47,2.5,2.52,2.41,2.44,4449380
2022-01-22 19:25:47,2.44,2.49,2.33,2.37,18670961
2022-01-23 19:25:47,2.37,2.46,2.36,2.44,31436997
2022-01-24 19:25:47,2.44,2.56,2.39,2.51,2463658
2022-01-25 19:25:47,2.51,2.58,2.49,2.56,42430942
2022-01-26 19:25:47,2.56,2.65,2.51,2.62,6487152
2022-01-27 19:25:47,2.62,2.64,2.58,2.59,25262812
2022-01-28 19:25:47,2.59,2.68,2.55,2.65,46683358
2022-01-29 19:25:47,2.65,2.7,2.53,2.57,16286259
2022-01-30 19:25:47,2.57,2.65,2.53,2.61,6872062
2022-01-31 19:25:47,2.61,2.63,2.5,2.54,46214782
2022-02-01 19:25:47,2.54,2.58,2.54,2.55,20631342
2022-02-02 19:25:47,2.55,2.55,2.5,2.53,40223752
2022-02-03 19:25:47,2.53,2.56,2.5,2.56,29334506
2022-02-04 19:25:47,2.56,2.56,2.52,2.56,28552662
2022-02-05 19:25:47,2.56,2.59,2.54,2.57,22578628
2022-02-06 19:25:47,2.57,2.68,2.56,2.64,26088944
2022-02-07 19:25:47,2.64,2.65,2.62,2.62,20594005
2022-02-08 19:25:47,2.62,2.63,2.55,2.58,31513807
2022-02-09 19:25:47,2.58,2.6,2.5,2.53,28278095
2022-02-10 19:25:47,2.53,2.55,2.51,2.52,17686649
2022-02-11 19:25:47,2.52,2.54,2.45,2.48,37596034
2022-02-12 19:25:47,2.48,2.52,2.41,2.44,30133391
2022-02-13 19:25:47,2.44,2.46,2.4,2.41,42349985
2022-02-14 19:25:47,2.41,2.46,2.38,2.44,27949571
2022-02-15 19:25:47,2.44,2.48,2.42,2.43,45094272
2022-02-16 19:25:47,2.43,2.49,2.4,2.45,37678104
2022-02-17 19:25:47,2.45,2.45,2.35,2.39,33312426
2022-02-18 19:25:47,2.39,2.49,2.38,2.46,22396094
2022-02-19 19:25:47,2.46,2.56,2.44,2.52,38414541
2022-02-20 19:25:47,2.52,2.57,2.41,2.45,43456818
2022-02-21 19:25:47,2.45,2.51,2.42,2.48,23339896
2022-02-22 19:25:47,2.48,2.52,2.46,2.46,46245071
2022-02-23 19:25:47,2.46,2.5,2.45,2.48,38573006
2022-02-24 19:25:47,2.48,2.48,2.45,2.47,41428235
2022-02-25 19:25:47,2.47,2.52,2.46,2.5,7935508
2022-02-26 19:25:47,2.5,2.55,2.48,2.52,3243204
2022-02-27 19:25:47,2.52,2.57,2.49,2.53,16936333
2022-02-28 19:25:47,2.53,2.57,2.5,2.55,48828732
2022-03-01 19:25:47,2.55,2.59,2.51,2.57,12530478
2022-03-02 19:25:47,2.57,2.6,2.51,2.52,17582014
2022-03-03 19:25:47,2.52,2.54,2.46,2.47,36441487
2022-03-04 19:25:47,2.47,2.48,2.47,2.47,33148296
2022-03-05 19:25:47,2.47,2.51,2.45,2.47,14889387
2022-03-06 19:25:47,2.47,2.58,2.45,2.53,2964846
2022-03-07 19:25:47,2.53,2.61,2.48,2.57,28444252
2022-03-08 19:25:47,2.57,2.65,2.52,2.63,40927249
2022-03-09 19:25:47,2.63,2.66,2.56,2.57,45960489
2022-03-10 19:25:47,2.57,2.59,2.49,2.53,31869290
2022-03-11 19:25:47,2.53,2.57,2.48,2.5,4408350
2022-03-12 19:25:47,2.5,2.53,2.47,2.48,48589441
2022-03-13 19:25:47,2.48,2.54,2.46,2.51,45204764
2022-03-14 19:25:47,2.51,2.52,2.49,2.5,15483313
2022-03-15 19:25:47,2.5,2.55,2.47,2.54,9421574
2022-03-16 19:25:47,2.54,2.57,2.48,2.5,44875268
2022-03-17 19:25:47,2.5,2.52,2.42,2.43,6500813
2022-03-18 19:25:47,2.43,2.5,2.41,2.49,15705171
2022-03-19 19:25:47,2.49,2.49,2.48,2.49,2564436
2022-03-20 19:25:47,2.49,2.51,2.44,2.45,4504920
2022-03-21 19:25:47,2.45,2.46,2.38,2.4,14691051
2022-03-22 19:25:47,2.4,2.42,2.36,2.42,23133460
2022-03-23 19:25:47,2.42,2.44,2.42,2.43,4210635
2022-03-24 19:25:47,2.43,2.44,2.37,2.42,2030272
2022-03-25 19:25:47,2.42,2.51,2.38,2.48,40483228
2022-03-26 19:25:47,2.48,2.5,2.45,2.49,19522379
2022-03-27 19:25:47,2.49,2.54,2.41,2.45,16504390
2022-03-28 19:25:47,2.45,2.49,2.36,2.39,12530438
2022-03-29 19:25:47,2.39,2.44,2.38,2.41,41304914
2022-03-30 19:25:47,2.41,2.43,2.36,2.38,48733744
2022-03-31 19:25:47,2.38,2.45,2.36,2.44,4760140
2022-04-01 19:25:47,2.44,2.55,2.41,2.5,45069175
2022-04-02 19:25:47,2.5,2.55,2.49,2.52,16470101
2022-04-03 19:25:47,2.52,2.56,2.49,2.55,46030748
2022-04-04 19:25:47,2.55,2.63,2.53,2.58,10962752
2022-04-05 19:25:47,2.58,2.65,2.55,2.61,9333787
2022-04-06 19:25:47,2.61,2.61,2.59,2.61,21342123
2022-04-07 19:25:47,2.61,2.68,2.57,2.63,39360589
2022-04-08 19:25:47,2.63,2.66,2.53,2.55,26579826
2022-04-09 19:25:47,2.55,2.61,2.53,2.59,48837997
2022-04-10 19:25:47,2.59,2.61,2.48,2.51,49949481
2022-04-11 19:25:47,2.51,2.53,2.46,2.49,42585739
2022-04-12 19:25:47,2.49,2.52,2.4,2.43,46462618
2022-04-13 19:25:47,2.43,2.47,2.32,2.36,31558639
2022-04-14 19:25:47,2.36,2.38,2.31,2.33,16552537
2022-04-15 19:25:47,2.33,2.37,2.31,2.36,31354759
2022-04-16 19:25:47,2.36,2.39,2.32,2.36,31594619
2022-04-17 19:25:47,2.36,2.4,2.31,2.34,35691129
2022-04-18 19:25:47,2.34,2.38,2.34,2.35,21753175
2022-04-19 19:25:47,2.35,2.4,2.34,2.38,32935301
2022-04-20 19:25:47,2.38,2.48,2.37,2.44,10374840
2022-04-21 19:25:47,2.44,2.49,2.42,2.45,41639791
2022-04-22 19:25:47,2.45,2.47,2.41,2.45,33893286
2022-04-23 19:25:47,2.45,2.52,2.43,2.48,16597783
2022-04-24 19:25:47,2.48,2.49,2.44,2.47,26015232
2022-04-25 19:25:47,2.47,2.49,2.46,2.47,12996309
2022-04-26 19:25:47,2.47,2.52,2.42,2.52,37079407
2022-04-27 19:25:47,2.52,2.54,2.44,2.46,45181347
2022-04-28 19:25:47,2.46,2.5,2.46,2.48,21185149
2022-04-29 19:25:47,2.48,2.49,2.4,2.43,43729506
2022-04-30 19:25:47,2.43,2.49,2.41,2.47,12544381
2022-05-01 19:25:47,2.47,2.51,2.4,2.44,26724189
2022-05-02 19:25:47,2.44,2.44,2.41,2.42,37803715
2022-05-03 19:25:47,2.42,2.43,2.33,2.37,40226908
2022-05-04 19:25:47,2.37,2.37,2.32,2.33,45918645
2022-05-05 19:25:47,2.33,2.37,2.3,2.32,42697551
2022-05-06 19:25:47,2.32,2.34,2.23,2.27,46601374
2022-05-07 19:25:47,2.27,2.29,2.19,2.21,47793079
2022-05-08 19:25:47,2.21,2.29,2.18,2.26,27524235
2022-05-09 19:25:47,2.26,2.36,2.24,2.32,24114355
2022-05-10 19:25:47,2.32,2.38,2.3,2.37,38120451
2022-05-11 19:25:47,2.37,2.48,2.32,2.44,16585396
2022-05-12 19:25:47,2.44,2.48,2.39,2.43,31574794
2022-05-13 19:25:47,2.43,2.48,2.41,2.45,14811220
2022-05-14 19:25:47,2.45,2.46,2.39,2.42,9540043
2022-05-15 19:25:47,2.42,2.42,2.33,2.36,47827532
2022-05-16 19:25:47,2.36,2.46,2.32,2.43,28968968
2022-05-17 19:25:47,2.43,2.46,2.4,2.44,46998787
2022-05-18 19:25:47,2.44,2.44,2.35,2.37,26579608
2022-05-19 19:25:47,2.37,2.41,2.3,2.33,24479816
2022-05-20 19:25:47,2.33,2.44,2.32,2.39,45248930
2022-05-21 19:25:47,2.39,2.46,2.37,2.42,40916749
2022-05-22 19:25:47,2.42,2.47,2.39,2.43,32950007
2022-05-23 19:25:47,2.43,2.49,2.42,2.47,12541692
2022-05-24 19:25:47,2.47,2.54,2.44,2.49,36977892
2022-05-25 19:25:47,2.49,2.53,2.47,2.52,45370919
2022-05-26 19:25:47,2.52,2.62,2.5,2.6,37417774
2022-05-27 19:25:47,2.6,2.63,2.53,2.54,49891566
2022-05-28 19:25:47,2.54,2.57,2.49,2.54,25922580
2022-05-29 19:25:47,2.54,2.59,2.46,2.47,1575660
2022-05-30 19:25:47,2.47,2.55,2.46,2.52,19937731
2022-05-31 19:25:47,2.52,2.55,2.47,2.51,28002524
2022-06-01 19:25:47,2.51,2.57,2.49,2.55,23050742
2022-06-02 19:25:47,2.55,2.6,2.5,2.57,22315825
2022-06-03 19:25:47,2.57,2.63,2.55,2.6,43886853
2022-06-04 19:25:47,2.6,2.65,2.56,2.62,34640560
2022-06-05 19:25:47,2.62,2.67,2.58,2.62,4442346
2022-06-06 19:25:47,2.62,2.64,2.6,2.64,1453474
2022-06-07 19:25:47,2.64,2.65,2.54,2.59,26278368
2022-06-08 19:25:47,2.59,2.61,2.53,2.54,38904554
2022-06-09 19:25:47,2.54,2.64,2.52,2.6,30853926
2022-06-10 19:25:47,2.6,2.71,2.58,2.67,20306059
2022-06-11 19:25:47,2.67,2.72,2.66,2.72,10430631
2022-06-12 19:25:47,2.72,2.76,2.69,2.75,2309922
2022-06-13 19:25:47,2.75,2.76,2.71,2.73,15578508
2022-06-14 19:25:47,2.73,2.75,2.65,2.7,4843671
2022-06-15 19:25:47,2.7,2.71,2.66,2.7,41024136
2022-06-16 19:25:47,2.7,2.77,2.68,2.72,44258766
2022-06-17 19:25:47,2.72,2.78,2.7,2.75,22496652
2022-06-18 19:25:47,2.75,2.77,2.66,2.71,14153275
2022-06-19 19:25:47,2.71,2.74,2.68,2.69,12826336
2022-06-20 19:25:47,2.69,2.73,2.59,2.61,27178291
2022-06-21 19:25:47,2.61,2.62,2.58,2.59,15498194
2022-06-22 19:25:47,2.59,2.64,2.5,2.53,48823146
2022-06-23 19:25:47,2.53,2.57,2.5,2.54,6217477
2022-06-24 19:25:47,2.54,2.59,2.47,2.51,7430626
2022-06-25 19:25:47,2.51,2.55,2.49,2.49,34472057
2022-06-26 19:25:47,2.49,2.5,2.47,2.47,8183960
2022-06-27 19:25:47,2.47,2.55,2.43,2.52,23858986
2022-06-28 19:25:47,2.52,2.55,2.48,2.53,43582984
2022-06-29 19:25:47,2.53,2.56,2.5,2.53,25283716
2022-06-30 19:25:47,2.53,2.54,2.48,2.49,12070945
2022-07-01 19:25:47,2.49,2.56,2.47,2.54,35594971
2022-07-02 19:25:47,2.54,2.63,2.5,2.6,6930779
2022-07-03 19:25:47,2.6,2.71,2.59,2.67,13488547
2022-07-04 19:25:47,2.67,2.72,2.63,2.7,26692086
2022-07-05 19:25:47,2.7,2.73,2.66,2.73,11594552
2022-07-06 19:25:47,2.73,2.78,2.72,2.76,31794004
2022-07-07 19:25:47,2.76,2.86,2.73,2.81,9181229
2022-07-08 19:25:47,2.81,2.94,2.78,2.89,43370308
2022-07-09 19:25:47,2.89,3.01,2.85,2.97,20614201
2022-07-10 19:25:47,2.97,3.04,2.94,2.99,13611248
2022-07-11 19:25:47,2.99,3.04,2.9,2.9,2108737
2022-07-12 19:25:47,2.9,2.95,2.84,2.85,33203958
2022-07-13 19:25:47,2.85,2.91,2.82,2.9,17870512
2022-07-14 19:25:47,2.9,2.91,2.8,2.83,24683701
2022-07-15 19:25:47,2.83,2.84,2.76,2.82,13677881
2022-07-16 19:25:47,2.82,2.83,2.74,2.77,42359992
2022-07-17 19:25:47,2.77,2.78,2.72,2.72,28006482
2022-07-18 19:25:47,2.72,2.77,2.63,2.65,39194203
2022-07-19 19:25:47,2.65,2.74,2.61,2.71,15594329
2022-07-20 19:25:47,2.71,2.75,2.67,2.7,41506520
2022-07-21 19:25:47,2.7,2.77,2.66,2.74,4965201
2022-07-22 19:25:47,2.74,2.81,2.71,2.75,43539864
2022-07-23 19:25:47,2.75,2.76,2.64,2.68,31149516
2022-07-24 19:25:47,2.68,2.74,2.64,2.67,19337771
2022-07-25 19:25:47,2.67,2.77,2.63,2.75,3842628
2022-07-26 19:25:47,2.75,2.79,2.7,2.74,44937246
2022-07-27 19:25:47,2.74,2.78,2.66,2.71,44138859
2022-07-28 19:25:47,2.71,2.8,2.7,2.79,12059299
2022-07-29 19:25:47,2.79,2.85,2.78,2.83,31081022
2022-07-30 19:25:47,2.83,2.85,2.8,2.81,36882304
2022-07-31 19:25:47,2.81,2.85,2.74,2.75,1146638
2022-08-01 19:25:47,2.75,2.77,2.66,2.68,12330968
2022-08-02 19:25:47,2.68,2.72,2.67,2.7,43155783
2022-08-03 19:25:47,2.7,2.74,2.63,2.68,28175502
2022-08-04 19:25:47,2.68,2.72,2.62,2.63,23593079
2022-08-05 19:25:47,2.63,2.65,2.59,2.62,4264940
2022-08-06 19:25:47,2.62,2.64,2.5,2.55,18061770
2022-08-07 19:25:47,2.55,2.57,2.48,2.5,2262476
2022-08-08 19:25:47,2.5,2.57,2.5,2.54,46621771
2022-08-09 19:25:47,2.54,2.55,2.48,2.48,49438822
2022-08-10 19:25:47,2.48,2.58,2.44,2.55,21231956
2022-08-11 19:25:47,2.55,2.59,2.5,2.55,40401587
2022-08-12 19:25:47,2.55,2.59,2.45,2.48,42945855
2022-08-13 19:25:47,2.48,2.52,2.41,2.44,14578020
2022-08-14 19:25:47,2.44,2.44,2.42,2.42,39638094
2022-08-15 19:25:47,2.42,2.45,2.42,2.45,12359965
2022-08-16 19:25:47,2.45,2.48,2.38,2.39,47257750
2022-08-17 19:25:47,2.39,2.44,2.37,2.43,18835998
2022-08-18 19:25:47,2.43,2.47,2.41,2.47,26390919
2022-08-19 19:25:47,2.47,2.51,2.43,2.47,31632183
2022-08-20 19:25:47,2.47,2.52,2.41,2.43,9699344
2022-08-21 19:25:47,2.43,2.47,2.37,2.38,46129266
2022-08-22 19:25:47,2.38,2.42,2.34,2.34,1935026
2022-08-23 19:25:47,2.34,2.35,2.29,2.34,22548264
2022-08-24 19:25:47,2.34,2.36,2.26,2.3,28981536
2022-08-25 19:25:47,2.3,2.34,2.26,2.32,27562977
2022-08-26 19:25:47,2.32,2.37,2.27,2.29,44193140
2022-08-27 19:25:47,2.29,2.32,2.23,2.23,47520665
2022-08-28 19:25:47,2.23,2.25,2.21,2.24,11815849
2022-08-29 19:25:47,2.24,2.28,2.19,2.19,23995219
2022-08-30 19:25:47,2.19,2.21,2.17,2.19,30359011
2022-08-31 19:25:47,2.19,2.27,2.17,2.23,32429800
2022-09-01 19:25:47,2.23,2.26,2.17,2.2,22064411
2022-09-02 19:25:47,2.2,2.24,2.14,2.16,35185713
2022-09-03 19:25:47,2.16,2.17,2.06,2.1,14061991
2022-09-04 19:25:47,2.1,2.13,2.08,2.09,35878605
2022-09-05 19:25:47,2.09,2.15,2.06,2.12,43735895
2022-09-06 19:25:47,2.12,2.19,2.1,2.17,39840310
2022-09-07 19:25:47,2.17,2.24,2.13,2.21,38825887
2022-09-08 19:25:47,2.21,2.22,2.16,2.19,46964044
2022-09-09 19:25:47,2.19,2.26,2.18,2.24,15132862
2022-09-10 19:25:47,2.24,2.27,2.21,2.23,30165536
2022-09-11 19:25:47,2.23,2.31,2.18,2.28,4525090
2022-09-12 19:25:47,2.28,2.28,2.24,2.25,2496332
2022-09-13 19:25:47,2.25,2.31,2.25,2.3,22356546
2022-09-14 19:25:47,2.3,2.31,2.29,2.3,26800581
2022-09-15 19:25:47,2.3,2.35,2.28,2.35,12741558
2022-09-16 19:25:47,2.35,2.38,2.33,2.35,15246205
2022-09-17 19:25:47,2.35,2.36,2.31,2.36,12624064
2022-09-18 19:25:47,2.36,2.4,2.3,2.32,5564144
2022-09-19 19:25:47,2.32,2.35,2.25,2.28,38718831
2022-09-20 19:25:47,2.28,2.31,2.27,2.28,20614398
2022-09-21 19:25:47,2.28,2.29,2.25,2.25,23026369
2022-09-22 19:25:47,2.25,2.28,2.22,2.25,18791715
2022-09-23 19:25:47,2.25,2.26,2.19,2.23,27136311
2022-09-24 19:25:47,2.23,2.29,2.23,2.26,29701560
2022-09-25 19:25:47,2.26,2.32,2.23,2.29,23066962
2022-09-26 19:25:47,2.29,2.3,2.2,2.24,9266061
2022-09-27 19:25:47,2.24,2.29,2.22,2.28,2793652
2022-09-28 19:25:47,2.28,2.35,2.25,2.31,34685478
2022-09-29 19:25:47,2.31,2.32,2.22,2.25,20690208
2022-09-30 19:25:47,2.25,2.32,2.25,2.28,31493774
2022-10-01 19:25:47,2.28,2.32,2.27,2.32,33671858
2022-10-02 19:25:47,2.32,2.34,2.29,2.32,11880793
2022-10-03 19:25:47,2.32,2.34,2.26,2.3,49117361
2022-10-04 19:25:47,2.3,2.34,2.21,2.26,40627361
2022-10-05 19:25:47,2.26,2.28,2.2,2.21,34936594
2022-10-06 19:25:47,2.21,2.23,2.17,2.18,47855632
2022-10-07 19:25:47,2.18,2.21,2.15,2.2,6791118
2022-10-08 19:25:47,2.2,2.27,2.2,2.23,49107836
2022-10-09 19:25:47,2.23,2.32,2.21,2.28,25019175
2022-10-10 19:25:47,2.28,2.31,2.2,2.22,37914868
2022-10-11 19:25:47,2.22,2.25,2.21,2.25,41169409
2022-10-12 19:25:47,2.25,2.34,2.23,2.31,31632390
2022-10-13 19:25:47,2.31,2.32,2.23,2.25,13749344
2022-10-14 19:25:47,2.25,2.29,2.21,2.25,23550940
2022-10-15 19:25:47,2.25,2.29,2.24,2.27,19211944
2022-10-16 19:25:47,2.27,2.33,2.23,2.29,13869775
2022-10-17 19:25:47,2.29,2.33,2.28,2.33,44594810
2022-10-18 19:25:47,2.33,2.37,2.27,2.31,40417172
2022-10-19 19:25:47,2.31,2.35,2.23,2.26,6071865
2022-10-20 19:25:47,2.26,2.33,2.22,2.29,30226282
2022-10-21 19:25:47,2.29,2.29,2.23,2.24,43726632
2022-10-22 19:25:47,2.24,2.27,2.21,2.25,25018493
2022-10-23 19:25:47,2.25,2.35,2.25,2.31,3191531
2022-10-24 19:25:47,2.31,2.34,2.28,2.34,4113307
2022-10-25 19:25:47,2.34,2.41,2.32,2.38,41993985
2022-10-26 19:25:47,2.38,2.4,2.31,2.34,33718550
2022-10-27 19:25:47,2.34,2.38,2.31,2.35,16310094
2022-10-28 19:25:47,2.35,2.4,2.28,2.31,16541135
2022-10-29 19:25:47,2.31,2.38,2.29,2.35,4928677
2022-10-30 19:25:47,2.35,2.38,2.31,2.34,20585111
2022-10-31 19:25:47,2.34,2.44,2.33,2.41,11933921
2022-11-01 19:25:47,2.41,2.44,2.37,2.42,35872177
2022-11-02 19:25:47,2.42,2.5,2.41,2.48,38939308
2022-11-03 19:25:47,2.48,2.55,2.47,2.53,14553938
2022-11-04 19:25:47,2.53,2.53,2.43,2.46,32664192
2022-11-05 19:25:47,2.46,2.5,2.46,2.49,1258966
2022-11-06 19:25:47,2.49,2.54,2.46,2.47,38628330
2022-11-07 19:25:47,2.47,2.54,2.46,2.53,41559476
2022-11-08 19:25:47,2.53,2.53,2.43,2.46,25397401
2022-11-09 19:25:47,2.46,2.53,2.44,2.51,31239417
2022-11-10 19:25:47,2.51,2.56,2.5,2.55,2492090
2022-11-11 19:25:47,2.55,2.6,2.53,2.56,10904428
2022-11-12 19:25:47,2.56,2.62,2.56,2.6,36584919
2022-11-13 19:25:47,2.6,2.69,2.56,2.68,28975191
2022-11-14 19:25:47,2.68,2.72,2.66,2.67,22361909
2022-11-15 19:25:47,2.67,2.71,2.56,2.6,9974961
2022-11-16 19:25:47,2.6,2.7,2.57,2.66,21843727
2022-11-17 19:25:47,2.66,2.66,2.59,2.64,46590334
2022-11-18 19:25:47,2.64,2.67,2.56,2.6,28861458
2022-11-19 19:25:47,2.6,2.64,2.53,2.54,15600131
2022-11-20 19:25:47,2.54,2.55,2.47,2.48,7208892
2022-11-21 19:25:47,2.48,2.48,2.38,2.41,16787476
2022-11-22 19:25:47,2.41,2.42,2.38,2.4,20089418
2022-11-23 19:25:47,2.4,2.42,2.39,2.42,46236722
2022-11-24 19:25:47,2.42,2.43,2.37,2.41,1251134
2022-11-25 19:25:47,2.41,2.46,2.34,2.35,14038460
2022-11-26 19:25:47,2.35,2.36,2.24,2.28,20372914
2022-11-27 19:25:47,2.28,2.29,2.23,2.24,44232158
2022-11-28 19:25:47,2.24,2.26,2.22,2.25,2405606
2022-11-29 19:25:47,2.25,2.28,2.18,2.2,32905154
2022-11-30 19:25:47,2.2,2.29,2.19,2.26,39376418
2022-12-01 19:25:47,2.26,2.26,2.23,2.25,32636594
2022-12-02 19:25:47,2.25,2.28,2.18,2.21,35691219
2022-12-03 19:25:47,2.21,2.23,2.17,2.17,48064227
2022-12-04 19:25:47,2.17,2.18,2.11,2.13,26331544
2022-12-05 19:25:47,2.13,2.21,2.11,2.19,24568839
2022-12-06 19:25:47,2.19,2.23,2.15,2.15,29977466
2022-12-07 19:25:47,2.15,2.25,2.12,2.21,1826041
2022-12-08 19:25:47,2.21,2.31,2.19,2.27,31795977
2022-12-09 19:25:47,2.27,2.34,2.25,2.32,48257210
2022-12-10 19:25:47,2.32,2.38,2.32,2.38,3559500
2022-12-11 19:25:47,2.38,2.41,2.28,2.31,7101203
2022-12-12 19:25:47,2.31,2.35,2.28,2.32,20986526
2022-12-13 19:25:47,2.32,2.36,2.31,2.34,23386697
2022-12-14 19:25:47,2.34,2.38,2.31,2.34,25175038
2022-12-15 19:25:47,2.34,2.42,2.31,2.39,36046227
2022-12-16 19:25:47,2.39,2.43,2.35,2.43,25478752
2022-12-17 19:25:47,2.43,2.47,2.38,2.42,49655265
2022-12-18 19:25:47,2.42,2.51,2.38,2.48,41831611
2022-12-19 19:25:47,2.48,2.53,2.45,2.51,36533551
2022-12-20 19:25:47,2.51,2.52,2.48,2.51,29341997
2022-12-21 19:25:47,2.51,2.57,2.48,2.56,7870706
2022-12-22 19:25:47,2.56,2.57,2.46,2.51,31016909
2022-12-23 19:25:47,2.51,2.52,2.47,2.51,31584862
2022-12-24 19:25:47,2.51,2.54,2.47,2.54,24717805
2022-12-25 19:25:47,2.54,2.62,2.52,2.58,31709316
2022-12-26 19:25:47,2.58,2.59,2.53,2.55,30268107
2022-12-27 19:25:47,2.55,2.58,2.51,2.53,2377505
2022-12-28 19:25:47,2.53,2.55,2.52,2.54,25102938
2022-12-29 19:25:47,2.54,2.58,2.52,2.56,38084867
2022-12-30 19:25:47,2.56,2.59,2.48,2.5,7622502
2022-12-31 19:25:47,2.5,2.52,2.39,2.44,47215143
2023-01-01 19:25:47,2.44,2.45,2.39,2.41,19612249
2023-01-02 19:25:47,2.41,2.51,2.41,2.46,7587677
2023-01-03 19:25:47,2.46,2.5,2.41,2.43,47074263
2023-01-04 19:25:47,2.43,2.44,2.35,2.37,41483536
2023-01-05 19:25:47,2.37,2.38,2.33,2.36,17532387
2023-01-06 19:25:47,2.36,2.4,2.35,2.38,24424383
2023-01-07 19:25:47,2.38,2.4,2.37,2.38,44095301
2023-01-08 19:25:47,2.38,2.4,2.3,2.34,34409353
2023-01-09 19:25:47,2.34,2.35,2.29,2.3,16555638
2023-01-10 19:25:47,2.3,2.34,2.26,2.33,4712924
2023-01-11 19:25:47,2.33,2.36,2.3,2.34,18736311
2023-01-12 19:25:47,2.34,2.39,2.25,2.29,14589091
2023-01-13 19:25:47,2.29,2.3,2.28,2.3,10407433
2023-01-14 19:25:47,2.3,2.33,2.25,2.32,37121462
2023-01-15 19:25:47,2.32,2.34,2.27,2.29,37511442
2023-01-16 19:25:47,2.29,2.35,2.28,2.32,12553045
2023-01-17 19:25:47,2.32,2.34,2.3,2.33,42678678
2023-01-18 19:25:47,2.33,2.38,2.32,2.36,28816485
2023-01-19 19:25:47,2.36,2.43,2.36,2.41,29539958
2023-01-20 19:25:47,2.41,2.43,2.36,2.4,35429636
2023-01-21 19:25:47,2.4,2.41,2.37,2.38,32303091
2023-01-22 19:25:47,2.38,2.4,2.35,2.38,25619252
2023-01-23 19:25:47,2.38,2.48,2.36,2.44,5308683
2023-01-24 19:25:47,2.44,2.54,2.44,2.5,20742487
2023-01-25 19:25:47,2.5,2.54,2.43,2.48,10309329
2023-01-26 19:25:47,2.48,2.54,2.48,2.51,44866546
2023-01-27 19:25:47,2.51,2.55,2.5,2.54,14638019
2023-01-28 19:25:47,2.54,2.56,2.48,2.52,18399856
2023-01-29 19:25:47,2.52,2.57,2.51,2.53,9180651
2023-01-30 19:25:47,2.53,2.59,2.51,2.56,24828861
2023-01-31 19:25:47,2.56,2.63,2.51,2.61,23214815
2023-02-01 19:25:47,2.61,2.62,2.57,2.59,45687559
2023-02-02 19:25:47,2.59,2.59,2.51,2.53,1521961
2023-02-03 19:25:47,2.53,2.55,2.47,2.52,21186736
2023-02-04 19:25:47,2.52,2.53,2.48,2.49,21698752
2023-02-05 19:25:47,2.49,2.52,2.43,2.47,1872253
2023-02-06 19:25:47,2.47,2.55,2.45,2.53,17767251
2023-02-07 19:25:47,2.53,2.58,2.52,2.54,32661286
2023-02-08 19:25:47,2.54,2.55,2.5,2.52,13771871
2023-02-09 19:25:47,2.52,2.54,2.5,2.51,1562645
2023-02-10 19:25:47,2.51,2.6,2.47,2.58,38815463
2023-02-11 19:25:47,2.58,2.68,2.55,2.63,30931820
2023-02-12 19:25:47,2.63,2.66,2.54,2.56,49914143
2023-02-13 19:25:47,2.56,2.58,2.5,2.54,49098496
2023-02-14 19:25:47,2.54,2.56,2.5,2.53,19610318
2023-02-15 19:25:47,2.53,2.55,2.42,2.46,14036923
2023-02-16 19:25:47,2.46,2.53,2.44,2.48,44733047
2023-02-17 19:25:47,2.48,2.51,2.47,2.51,4938725
2023-02-18 19:25:47,2.51,2.52,2.42,2.45,23325841
2023-02-19 19:25:47,2.45,2.52,2.45,2.52,1835305
2023-02-20 19:25:47,2.52,2.52,2.42,2.46,10123976
2023-02-21 19:25:47,2.46,2.49,2.45,2.47,39867942
2023-02-22 19:25:47,2.47,2.53,2.46,2.48,12360477
2023-02-23 19:25:47,2.48,2.48,2.44,2.46,11756889
2023-02-24 19:25:47,2.46,2.48,2.43,2.45,15775377
2023-02-25 19:25:47,2.45,2.56,2.41,2.52,33527801
2023-02-26 19:25:47,2.52,2.53,2.47,2.49,34752331
2023-02-27 19:25:47,2.49,2.53,2.46,2.53,2834547
2023-02-28 19:25:47,2.53,2.55,2.48,2.54,4797041
2023-03-01 19:25:47,2.54,2.62,2.53,2.59,35948739
2023-03-02 19:25:47,2.59,2.64,2.53,2.58,32223684
2023-03-03 19:25:47,2.58,2.63,2.54,2.55,39288076
2023-03-04 19:25:47,2.55,2.61,2.53,2.57,32482658
2023-03-05 19:25:47,2.57,2.6,2.49,2.53,27064211
2023-03-06 19:25:47,2.53,2.56,2.47,2.51,18957216
2023-03-07 19:25:47,2.51,2.6,2.51,2.58,25957692
2023-03-08 19:25:47,2.58,2.6,2.5,2.51,37175119
2023-03-09 19:25:47,2.51,2.58,2.5,2.56,9412965
2023-03-10 19:25:47,2.56,2.6,2.52,2.55,20961788
2023-03-11 19:25:47,2.55,2.57,2.45,2.47,34608599
2023-03-12 19:25:47,2.47,2.53,2.46,2.48,17451726
2023-03-13 19:25:47,2.48,2.54,2.46,2.54,27219821
2023-03-14 19:25:47,2.54,2.55,2.46,2.51,40861731
2023-03-15 19:25:47,2.51,2.6,2.49,2.55,14470264
2023-03-16 19:25:47,2.55,2.58,2.53,2.54,44949415
2023-03-17 19:25:47,2.54,2.62,2.51,2.58,38620448
2023-03-18 19:25:47,2.58,2.65,2.56,2.62,27512319
2023-03-19 19:25:47,2.62,2.66,2.55,2.59,40625820
2023-03-20 19:25:47,2.59,2.62,2.56,2.59,29165822
2023-03-21 19:25:47,2.59,2.63,2.54,2.59,17045770
2023-03-22 19:25:47,2.59,2.7,2.57,2.65,23657903
2023-03-23 19:25:47,2.65,2.77,2.64,2.72,9378423
2023-03-24 19:25:47,2.72,2.77,2.67,2.72,13274690
2023-03-25 19:25:47,2.72,2.75,2.69,2.7,7924096
2023-03-26 19:25:47,2.7,2.75,2.61,2.63,39198643
2023-03-27 19:25:47,2.63,2.68,2.59,2.64,28179249
2023-03-28 19:25:47,2.64,2.71,2.59,2.67,42053690
2023-03-29 19:25:47,2.67,2.7,2.67,2.68,49083678
2023-03-30 19:25:47,2.68,2.78,2.64,2.74,45008291
2023-03-31 19:25:47,2.74,2.79,2.64,2.68,17727463
2023-04-01 19:25:47,2.68,2.7,2.65,2.68,32311579
2023-04-02 19:25:47,2.68,2.72,2.61,2.65,9801975
2023-04-03 19:25:47,2.65,2.68,2.64,2.65,16958411
2023-04-04 19:25:47,2.65,2.66,2.56,2.59,19580025
2023-04-05 19:25:47,2.59,2.7,2.57,2.66,13758525
2023-04-06 19:25:47,2.66,2.68,2.61,2.62,33686793
2023-04-07 19:25:47,2.62,2.71,2.61,2.7,8730992
2023-04-08 19:25:47,2.7,2.74,2.63,2.68,13280029
2023-04-09 19:25:47,2.68,2.77,2.66,2.72,30267744
2023-04-10 19:25:47,2.72,2.76,2.72,2.74,5079335
2023-04-11 19:25:47,2.74,2.78,2.72,2.77,38904926
2023-04-12 19:25:47,2.77,2.81,2.74,2.74,43248021
2023-04-13 19:25:47,2.74,2.81,2.74,2.79,30564403
2023-04-14 19:25:47,2.79,2.87,2.74,2.83,28024085
2023-04-15 19:25:47,2.83,2.91,2.81,2.88,28058937
2023-04-16 19:25:47,2.88,2.93,2.82,2.84,13668563
2023-04-17 19:25:47,2.84,2.86,2.79,2.79,24534874
2023-04-18 19:25:47,2.79,2.83,2.77,2.79,40600452
2023-04-19 19:25:47,2.79,2.82,2.7,2.74,11691927
2023-04-20 19:25:47,2.74,2.8,2.72,2.78,26915136
2023-04-21 19:25:47,2.78,2.81,2.67,2.72,25236109
2023-04-22 19:25:47,2.72,2.78,2.69,2.76,20887224
2023-04-23 19:25:47,2.76,2.79,2.75,2.78,38280161
2023-04-24 19:25:47,2.78,2.8,2.74,2.74,20058575
2023-04-25 19:25:47,2.74,2.78,2.69,2.72,8139963
2023-04-26 19:25:47,2.72,2.76,2.68,2.68,15135639
2023-04-27 19:25:47,2.68,2.7,2.63,2.66,24027192
2023-04-28 19:25:47,2.66,2.77,2.65,2.74,15160632
2023-04-29 19:25:47,2.74,2.78,2.63,2.66,38383084
2023-04-30 19:25:47,2.66,2.75,2.65,2.7,10808003
2023-05-01 19:25:47,2.7,2.73,2.63,2.64,6178587
2023-05-02 19:25:47,2.64,2.69,2.59,2.68,33910515
2023-05-03 19:25:47,2.68,2.69,2.65,2.66,15573553
2023-05-04 19:25:47,2.66,2.72,2.62,2.66,19951796
2023-05-05 19:25:47,2.66,2.72,2.61,2.7,8140337
2023-05-06 19:25:47,2.7,2.73,2.63,2.63,18548822
2023-05-07 19:25:47,2.63,2.74,2.59,2.69,16677816
2023-05-08 19:25:47,2.69,2.82,2.65,2.77,49178743
2023-05-09 19:25:47,2.77,2.89,2.76,2.84,5582453
2023-05-10 19:25:47,2.84,2.97,2.82,2.92,20738212
2023-05-11 19:25:47,2.92,2.92,2.9,2.9,31535141
2023-05-12 19:25:47,2.9,2.93,2.86,2.89,9045249
2023-05-13 19:25:47,2.89,2.98,2.87,2.94,28345836
2023-05-14 19:25:47,2.94,2.99,2.88,2.93,10324444
2023-05-15 19:25:47,2.93,2.96,2.92,2.94,40302280
2023-05-16 19:25:47,2.94,3.08,2.93,3.03,10714708
2023-05-17 19:25:47,3.03,3.08,2.97,2.97,34666335
2023-05-18 19:25:47,2.97,3.07,2.94,3.05,29182832
2023-05-19 19:25:47,3.05,3.1,2.98,3.01,12174534
2023-05-20 19:25:47,3.01,3.05,2.91,2.97,31373066
2023-05-21 19:25:47,2.97,3.04,2.94,2.98,9206461
2023-05-22 19:25:47,2.98,3.09,2.98,3.03,36003241
2023-05-23 19:25:47,3.03,3.07,2.99,3.04,45875844
2023-05-24 19:25:47,3.04,3.07,3.01,3.06,35780208
2023-05-25 19:25:47,3.06,3.08,3.04,3.07,31642562
2023-05-26 19:25:47,3.07,3.09,2.98,3.02,6924348
2023-05-27 19:25:47,3.02,3.07,2.95,2.97,13958642
2023-05-28 19:25:47,2.97,3.03,2.92,2.97,3512062
2023-05-29 19:25:47,2.97,3.03,2.96,2.98,26224423
2023-05-30 19:25:47,2.98,3.06,2.97,3.05,6425934
2023-05-31 19:25:47,3.05,3.07,2.93,2.97,36660471
2023-06-01 19:25:47,2.97,3.09,2.96,3.04,21262631
2023-06-02 19:25:47,3.04,3.19,3.0,3.13,27642499
2023-06-03 19:25:47,3.13,3.16,3.01,3.05,48511061
2023-06-04 19:25:47,3.05,3.15,3.04,3.11,15388198
2023-06-05 19:25:47,3.11,3.16,2.97,3.02,24575197
2023-06-06 19:25:47,3.02,3.13,3.01,3.08,18628556
2023-06-07 19:25:47,3.08,3.17,3.02,3.11,18692344
2023-06-08 19:25:47,3.11,3.12,3.08,3.1,37151266
2023-06-09 19:25:47,3.1,3.14,3.05,3.12,34572749
2023-06-10 19:25:47,3.12,3.15,3.07,3.15,25587361
2023-06-11 19:25:47,3.15,3.2,3.14,3.17,18728335
2023-06-12 19:25:47,3.17,3.3,3.14,3.24,41416274
2023-06-13 19:25:47,3.24,3.36,3.23,3.32,7898082
2023-06-14 19:25:47,3.32,3.35,3.27,3.29,30307714
2023-06-15 19:25:47,3.29,3.29,3.17,3.22,15826360
2023-06-16 19:25:47,3.22,3.27,3.13,3.16,42295596
2023-06-17 19:25:47,3.16,3.22,3.04,3.08,38058773
2023-06-18 19:25:47,3.08,3.1,3.03,3.06,9264702
2023-06-19 19:25:47,3.06,3.13,3.02,3.1,12304613
2023-06-20 19:25:47,3.1,3.15,3.04,3.08,25249712
2023-06-21 19:25:47,3.08,3.1,3.0,3.04,14797379
2023-06-22 19:25:47,3.04,3.08,2.93,2.97,1728692
2023-06-23 19:25:47,2.97,3.07,2.96,3.05,43206054
2023-06-24 19:25:47,3.05,3.16,3.05,3.14,13960049
2023-06-25 19:25:47,3.14,3.19,3.09,3.1,16306157
2023-06-26 19:25:47,3.1,3.23,3.04,3.19,4453622
2023-06-27 19:25:47,3.19,3.26,3.13,3.22,9540472
2023-06-28 19:25:47,3.22,3.25,3.1,3.12,46270627
2023-06-29 19:25:47,3.12,3.23,3.08,3.2,6693594
2023-06-30 19:25:47,3.2,3.33,3.17,3.27,5113267
2023-07-01 19:25:47,3.27,3.3,3.13,3.18,38994982
2023-07-02 19:25:47,3.18,3.28,3.17,3.26,38471363
2023-07-03 19:25:47,3.26,3.31,3.12,3.18,47600135
2023-07-04 19:25:47,3.18,3.23,3.16,3.23,46587259
2023-07-05 19:25:47,3.23,3.32,3.21,3.27,15238893
2023-07-06 19:25:47,3.27,3.3,3.19,3.24,47660831
2023-07-07 19:25:47,3.24,3.27,3.12,3.17,30406285
2023-07-08 19:25:47,3.17,3.23,3.14,3.18,5658826
2023-07-09 19:25:47,3.18,3.26,3.15,3.25,20300308
2023-07-10 19:25:47,3.25,3.27,3.12,3.16,28005160
2023-07-11 19:25:47,3.16,3.22,3.14,3.2,6310452
2023-07-12 19:25:47,3.2,3.22,3.17,3.21,6162656
2023-07-13 19:25:47,3.21,3.27,3.18,3.22,27981963
2023-07-14 19:25:47,3.22,3.24,3.17,3.19,37720981
2023-07-15 19:25:47,3.19,3.23,3.18,3.22,23290903
2023-07-16 19:25:47,3.22,3.27,3.16,3.25,41900497
2023-07-17 19:25:47,3.25,3.31,3.21,3.29,35256163
2023-07-18 19:25:47,3.29,3.36,3.17,3.23,17722566
2023-07-19 19:25:47,3.23,3.37,3.19,3.3,24604877
2023-07-20 19:25:47,3.3,3.33,3.17,3.22,3630973
2023-07-21 19:25:47,3.22,3.35,3.2,3.32,9829129
2023-07-22 19:25:47,3.32,3.42,3.29,3.38,39741268
2023-07-23 19:25:47,3.38,3.49,3.33,3.43,42606216
2023-07-24 19:25:47,3.43,3.45,3.35,3.35,17051763
2023-07-25 19:25:47,3.35,3.4,3.32,3.35,18373639
2023-07-26 19:25:47,3.35,3.46,3.31,3.4,23739120
2023-07-27 19:25:47,3.4,3.51,3.37,3.49,4977570
2023-07-28 19:25:47,3.49,3.57,3.47,3.55,31096273
2023-07-29 19:25:47,3.55,3.58,3.48,3.57,28468021
2023-07-30 19:25:47,3.57,3.61,3.47,3.5,41174072
2023-07-31 19:25:47,3.5,3.54,3.45,3.53,5022946
2023-08-01 19:25:47,3.53,3.6,3.43,3.46,11669236
2023-08-02 19:25:47,3.46,3.56,3.42,3.56,8082258
2023-08-03 19:25:47,3.56,3.57,3.44,3.45,36198276
2023-08-04 19:25:47,3.45,3.49,3.36,3.37,11139256
2023-08-05 19:25:47,3.37,3.47,3.32,3.42,2717763
2023-08-06 19:25:47,3.42,3.51,3.38,3.44,29689833
2023-08-07 19:25:47,3.44,3.58,3.44,3.55,31626193
2023-08-08 19:25:47,3.55,3.56,3.44,3.48,27233205
2023-08-09 19:25:47,3.48,3.56,3.44,3.51,22746031
2023-08-10 19:25:47,3.51,3.58,3.48,3.49,20451566
2023-08-11 19:25:47,3.49,3.51,3.4,3.43,26218969
2023-08-12 19:25:47,3.43,3.49,3.28,3.33,43691018
2023-08-13 19:25:47,3.33,3.34,3.27,3.28,27823129
2023-08-14 19:25:47,3.28,3.34,3.13,3.19,20954939
2023-08-15 19:25:47,3.19,3.2,3.13,3.2,23307645
2023-08-16 19:25:47,3.2,3.25,3.12,3.15,44733354
2023-08-17 19:25:47,3.15,3.16,3.13,3.15,15309109
2023-08-18 19:25:47,3.15,3.19,3.11,3.17,6161461
2023-08-19 19:25:47,3.17,3.27,3.12,3.23,9728145
2023-08-20 19:25:47,3.23,3.28,3.21,3.24,30293967
2023-08-21 19:25:47,3.24,3.3,3.13,3.17,3157515
2023-08-22 19:25:47,3.17,3.18,3.12,3.12,2403961
2023-08-23 19:25:47,3.12,3.14,3.08,3.08,18567750
2023-08-24 19:25:47,3.08,3.19,3.06,3.17,18203134
2023-08-25 19:25:47,3.17,3.2,3.12,3.16,45684719
2023-08-26 19:25:47,3.16,3.18,3.13,3.15,48615131
2023-08-27 19:25:47,3.15,3.19,3.13,3.17,48494743
2023-08-28 19:25:47,3.17,3.21,3.17,3.19,49780030
2023-08-29 19:25:47,3.19,3.21,3.17,3.19,10623151
2023-08-30 19:25:47,3.19,3.23,3.07,3.12,29875253
2023-08-31 19:25:47,3.12,3.25,3.08,3.18,20507964
2023-09-01 19:25:47,3.18,3.24,3.08,3.13,25375717
2023-09-02 19:25:47,3.13,3.16,3.07,3.11,47790856
2023-09-03 19:25:47,3.11,3.13,3.02,3.07,5533577
2023-09-04 19:25:47,3.07,3.11,2.95,2.98,32861852
2023-09-05 19:25:47,2.98,3.06,2.93,3.01,1266675
2023-09-06 19:25:47,3.01,3.06,2.96,3.0,27832192
2023-09-07 19:25:47,3.0,3.05,2.96,3.0,20550072
2023-09-08 19:25:47,3.0,3.05,2.99,3.03,26496531
2023-09-09 19:25:47,3.03,3.15,3.01,3.11,4009419
2023-09-10 19:25:47,3.11,3.17,3.07,3.12,47694930
2023-09-11 19:25:47,3.12,3.24,3.12,3.18,38990970
2023-09-12 19:25:47,3.18,3.19,3.09,3.13,9949940
2023-09-13 19:25:47,3.13,3.15,3.03,3.07,38704443
2023-09-14 19:25:47,3.07,3.09,3.02,3.02,12861881
2023-09-15 19:25:47,3.02,3.05,2.93,2.94,8504567
2023-09-16 19:25:47,2.94,3.02,2.93,2.99,15415430
2023-09-17 19:25:47,2.99,3.08,2.94,3.03,5783658
2023-09-18 19:25:47,3.03,3.07,3.0,3.06,13702416
2023-09-19 19:25:47,3.06,3.1,3.06,3.09,4057931
2023-09-20 19:25:47,3.09,3.23,3.07,3.17,26236174
2023-09-21 19:25:47,3.17,3.21,3.11,3.13,22871077
2023-09-22 19:25:47,3.13,3.19,3.1,3.18,44897848
2023-09-23 19:25:47,3.18,3.3,3.12,3.26,42778024
2023-09-24 19:25:47,3.26,3.39,3.2,3.35,41122617
2023-09-25 19:25:47,3.35,3.35,3.26,3.28,44117143
2023-09-26 19:25:47,3.28,3.37,3.28,3.32,25605722
2023-09-27 19:25:47,3.32,3.35,3.28,3.33,48968486
2023-09-28 19:25:47,3.33,3.48,3.31,3.42,32400031
2023-09-29 19:25:47,3.42,3.47,3.38,3.47,32379154
2023-09-30 19:25:47,3.47,3.54,3.46,3.49,37399373
2023-10-01 19:25:47,3.49,3.55,3.4,3.43,23719215
2023-10-02 19:25:47,3.43,3.45,3.32,3.33,31764052
2023-10-03 19:25:47,3.33,3.47,3.28,3.41,49489332
2023-10-04 19:25:47,3.41,3.43,3.34,3.34,33643920
2023-10-05 19:25:47,3.34,3.39,3.27,3.35,16347226
2023-10-06 19:25:47,3.35,3.39,3.33,3.37,27235328
2023-10-07 19:25:47,3.37,3.46,3.31,3.44,30955003
2023-10-08 19:25:47,3.44,3.52,3.38,3.48,40733897
2023-10-09 19:25:47,3.48,3.57,3.44,3.56,34801624
2023-10-10 19:25:47,3.56,3.73,3.51,3.66,25092024
2023-10-11 19:25:47,3.66,3.78,3.65,3.77,28787394
2023-10-12 19:25:47,3.77,3.79,3.76,3.76,5884012
2023-10-13 19:25:47,3.76,3.79,3.67,3.69,41116196
2023-10-14 19:25:47,3.69,3.82,3.69,3.74,48741569
2023-10-15 19:25:47,3.74,3.77,3.66,3.73,24598628
2023-10-16 19:25:47,3.73,3.75,3.68,3.72,48752661
2023-10-17 19:25:47,3.72,3.77,3.64,3.68,8407399
2023-10-18 19:25:47,3.68,3.78,3.66,3.74,40535486
2023-10-19 19:25:47,3.74,3.81,3.64,3.65,8878434
2023-10-20 19:25:47,3.65,3.72,3.54,3.58,29318846
2023-10-21 19:25:47,3.58,3.61,3.53,3.6,44691801
2023-10-22 19:25:47,3.6,3.71,3.59,3.65,35503461
2023-10-23 19:25:47,3.65,3.67,3.63,3.64,33273988
2023-10-24 19:25:47,3.64,3.68,3.54,3.6,34367756
2023-10-25 19:25:47,3.6,3.67,3.56,3.61,25538661
2023-10-26 19:25:47,3.61,3.67,3.51,3.58,44717186
2023-10-27 19:25:47,3.58,3.64,3.5,3.51,34637896
2023-10-28 19:25:47,3.51,3.68,3.46,3.61,11195419
2023-10-29 19:25:47,3.61,3.61,3.48,3.54,43850218
2023-10-30 19:25:47,3.54,3.57,3.52,3.52,39538229
2023-10-31 19:25:47,3.52,3.59,3.49,3.52,41921943
2023-11-01 19:25:47,3.52,3.58,3.46,3.49,17779645
2023-11-02 19:25:47,3.49,3.59,3.45,3.55,6746440
2023-11-03 19:25:47,3.55,3.58,3.5,3.53,29191704
2023-11-04 19:25:47,3.53,3.56,3.48,3.54,5477440
2023-11-05 19:25:47,3.54,3.61,3.52,3.6,29687919
2023-11-06 19:25:47,3.6,3.7,3.55,3.7,15074403
2023-11-07 19:25:47,3.7,3.78,3.64,3.73,18147709
2023-11-08 19:25:47,3.73,3.89,3.71,3.82,12722651
2023-11-09 19:25:47,3.82,3.9,3.76,3.83,43631840
2023-11-10 19:25:47,3.83,3.95,3.78,3.95,30591807
2023-11-11 19:25:47,3.95,3.97,3.9,3.94,30524466
2023-11-12 19:25:47,3.94,3.98,3.83,3.88,34879034
2023-11-13 19:25:47,3.88,3.92,3.77,3.82,34630113
2023-11-14 19:25:47,3.82,3.86,3.75,3.8,6065100
2023-11-15 19:25:47,3.8,3.93,3.8,3.88,45341707
2023-11-16 19:25:47,3.88,3.88,3.85,3.85,41931683
2023-11-17 19:25:47,3.85,3.87,3.79,3.86,30802371
2023-11-18 19:25:47,3.86,3.92,3.76,3.8,30796842
2023-11-19 19:25:47,3.8,3.82,3.75,3.76,9986750
2023-11-20 19:25:47,3.76,3.9,3.69,3.87,40261607
2023-11-21 19:25:47,3.87,3.89,3.85,3.87,27119870
2023-11-22 19:25:47,3.87,3.93,3.81,3.92,17737068
2023-11-23 19:25:47,3.92,4.0,3.86,3.9,12214615
2023-11-24 19:25:47,3.9,3.95,3.75,3.8,8581927
2023-11-25 19:25:47,3.8,3.84,3.69,3.73,29686680
2023-11-26 19:25:47,3.73,3.87,3.73,3.81,24676193
2023-11-27 19:25:47,3.81,3.84,3.76,3.84,35805742
2023-11-28 19:25:47,3.84,3.88,3.68,3.75,34514802
2023-11-29 19:25:47,3.75,3.78,3.6,3.64,19354970
2023-11-30 19:25:47,3.64,3.72,3.59,3.69,48159275
2023-12-01 19:25:47,3.69,3.71,3.6,3.67,41749803
2023-12-02 19:25:47,3.67,3.79,3.6,3.78,41284382
2023-12-03 19:25:47,3.78,3.81,3.66,3.67,43738125
2023-12-04 19:25:47,3.67,3.78,3.66,3.77,31280425
2023-12-05 19:25:47,3.77,3.84,3.73,3.75,1904707
2023-12-06 19:25:47,3.75,3.82,3.72,3.81,18147240
2023-12-07 19:25:47,3.81,3.83,3.75,3.75,5787487
2023-12-08 19:25:47,3.75,3.79,3.67,3.69,35454675
2023-12-09 19:25:47,3.69,3.79,3.68,3.77,31241441
2023-12-10 19:25:47,3.77,3.88,3.69,3.82,20455652
2023-12-11 19:25:47,3.82,3.9,3.8,3.84,7826777
2023-12-12 19:25:47,3.84,3.93,3.78,3.88,17005502
2023-12-13 19:25:47,3.88,3.93,3.8,3.83,38144703
2023-12-14 19:25:47,3.83,3.93,3.82,3.89,8070737
2023-12-15 19:25:47,3.89,3.99,3.85,3.96,7573925
2023-12-16 19:25:47,3.96,4.04,3.93,3.98,42064845
2023-12-17 19:25:47,3.98,4.01,3.87,3.93,47905345
2023-12-18 19:25:47,3.93,4.06,3.9,4.05,46226345
2023-12-19 19:25:47,4.05,4.1,3.95,3.98,46006975
2023-12-20 19:25:47,3.98,4.05,3.96,3.96,34128949
2023-12-21 19:25:47,3.96,4.03,3.94,3.94,40865424
2023-12-22 19:25:47,3.94,3.99,3.89,3.9,45568606
2023-12-23 19:25:47,3.9,4.03,3.83,4.01,31566014
2023-12-24 19:25:47,4.01,4.05,3.89,3.95,22491108
2023-12-25 19:25:47,3.95,4.0,3.94,3.95,10493597
2023-12-26 19:25:47,3.95,4.02,3.8,3.84,29973898
2023-12-27 19:25:47,3.84,3.92,3.7,3.76,35095868
2023-12-28 19:25:47,3.76,3.8,3.6,3.67,1549970
2023-12-29 19:25:47,3.67,3.78,3.65,3.72,40146716
2023-12-30 19:25:47,3.72,3.74,3.59,3.65,25908388
2023-12-31 19:25:47,3.65,3.69,3.55,3.59,21014365
2024-01-01 19:25:47,3.59,3.66,3.5,3.53,37249132
2024-01-02 19:25:47,3.53,3.6,3.53,3.58,43820659
2024-01-03 19:25:47,3.58,3.64,3.54,3.64,28842077
2024-01-04 19:25:47,3.64,3.78,3.64,3.74,20403807
2024-01-05 19:25:47,3.74,3.74,3.65,3.65,49558446
2024-01-06 19:25:47,3.65,3.8,3.6,3.73,6725634
2024-01-07 19:25:47,3.73,3.82,3.71,3.78,9180705
2024-01-08 19:25:47,3.78,3.85,3.64,3.69,32063297
2024-01-09 19:25:47,3.69,3.71,3.56,3.64,10014028
2024-01-10 19:25:47,3.64,3.71,3.6,3.67,47846729
2024-01-11 19:25:47,3.67,3.73,3.63,3.67,37874714
2024-01-12 19:25:47,3.67,3.7,3.64,3.7,11746576
2024-01-13 19:25:47,3.7,3.73,3.69,3.7,30966199
2024-01-14 19:25:47,3.7,3.73,3.57,3.61,13714826
2024-01-15 19:25:47,3.61,3.62,3.48,3.54,24093297
2024-01-16 19:25:47,3.54,3.71,3.52,3.64,8223505
2024-01-17 19:25:47,3.64,3.7,3.62,3.66,45814993
2024-01-18 19:25:47,3.66,3.67,3.53,3.59,33198757
2024-01-19 19:25:47,3.59,3.76,3.57,3.69,18125401
2024-01-20 19:25:47,3.69,3.78,3.67,3.72,34186189
2024-01-21 19:25:47,3.72,3.74,3.66,3.73,26265433
2024-01-22 19:25:47,3.73,3.79,3.68,3.74,44839221
2024-01-23 19:25:47,3.74,3.84,3.71,3.8,12135498
2024-01-24 19:25:47,3.8,3.9,3.75,3.84,45018674
2024-01-25 19:25:47,3.84,3.88,3.82,3.88,29354068
2024-01-26 19:25:47,3.88,3.97,3.83,3.96,31196466
2024-01-27 19:25:47,3.96,4.01,3.87,3.87,20163000
2024-01-28 19:25:47,3.87,3.95,3.86,3.91,38861183
2024-01-29 19:25:47,3.91,3.93,3.76,3.83,5277299
2024-01-30 19:25:47,3.83,3.94,3.79,3.9,20684434
2024-01-31 19:25:47,3.9,3.99,3.87,3.98,36700138
2024-02-01 19:25:47,3.98,3.99,3.86,3.94,17772436
2024-02-02 19:25:47,3.94,3.96,3.92,3.95,10619968
2024-02-03 19:25:47,3.95,4.08,3.88,4.04,3686059
2024-02-04 19:25:47,4.04,4.05,4.0,4.0,9981473
2024-02-05 19:25:47,4.0,4.03,3.89,3.89,5832888
2024-02-06 19:25:47,3.89,4.04,3.86,3.96,6199822
2024-02-07 19:25:47,3.96,4.0,3.88,3.93,9669563
2024-02-08 19:25:47,3.93,4.04,3.92,3.96,47918449
2024-02-09 19:25:47,3.96,4.02,3.81,3.86,12205646
2024-02-10 19:25:47,3.86,3.9,3.82,3.83,1320042
2024-02-11 19:25:47,3.83,3.98,3.81,3.93,33983582
2024-02-12 19:25:47,3.93,4.1,3.86,4.02,35511968
2024-02-13 19:25:47,4.02,4.13,3.95,4.11,27886407
2024-02-14 19:25:47,4.11,4.16,4.08,4.09,19243504
2024-02-15 19:25:47,4.09,4.11,4.03,4.05,29743482
2024-02-16 19:25:47,4.05,4.19,3.98,4.17,12357836
2024-02-17 19:25:47,4.17,4.28,4.15,4.25,49081661
2024-02-18 19:25:47,4.25,4.28,4.17,4.2,36575269
2024-02-19 19:25:47,4.2,4.21,4.12,4.13,35957246
2024-02-20 19:25:47,4.13,4.26,4.08,4.22,15695125
2024-02-21 19:25:47,4.22,4.23,4.1,4.12,11726872
2024-02-22 19:25:47,4.12,4.14,4.02,4.08,16961352
2024-02-23 19:25:47,4.08,4.08,3.98,4.01,4075466
2024-02-24 19:25:47,4.01,4.17,3.95,4.12,32087715
2024-02-25 19:25:47,4.12,4.2,3.94,4.01,37964920
2024-02-26 19:25:47,4.01,4.1,4.0,4.05,35072660
2024-02-27 19:25:47,4.05,4.1,3.97,4.02,45004360
2024-02-28 19:25:47,4.02,4.17,3.95,4.12,32130986
2024-02-29 19:25:47,4.12,4.17,4.01,4.04,31980438
2024-03-01 19:25:47,4.04,4.05,3.93,3.99,41372025
2024-03-02 19:25:47,3.99,4.03,3.92,3.96,1966336
2024-03-03 19:25:47,3.96,4.14,3.92,4.06,45264426
2024-03-04 19:25:47,4.06,4.07,3.95,4.01,16712885
2024-03-05 19:25:47,4.01,4.21,3.99,4.13,38674680
2024-03-06 19:25:47,4.13,4.23,4.1,4.17,21226382
2024-03-07 19:25:47,4.17,4.28,4.12,4.28,15793894
2024-03-08 19:25:47,4.28,4.34,4.23,4.32,38137503
2024-03-09 19:25:47,4.32,4.36,4.14,4.22,12299337
2024-03-10 19:25:47,4.22,4.23,4.09,4.11,24005255
2024-03-11 19:25:47,4.11,4.16,4.11,4.16,10634750
2024-03-12 19:25:47,4.16,4.3,4.07,4.28,14676689
2024-03-13 19:25:47,4.28,4.43,4.25,4.39,14382632
2024-03-14 19:25:47,4.39,4.41,4.35,4.37,27709716
2024-03-15 19:25:47,4.37,4.44,4.35,4.4,10967013
2024-03-16 19:25:47,4.4,4.44,4.32,4.38,8768588
2024-03-17 19:25:47,4.38,4.56,4.33,4.5,46746851
2024-03-18 19:25:47,4.5,4.58,4.41,4.52,10178851
2024-03-19 19:25:47,4.52,4.61,4.48,4.5,21785025
2024-03-20 19:25:47,4.5,4.5,4.44,4.49,6680249
2024-03-21 19:25:47,4.49,4.5,4.33,4.38,25187169
2024-03-22 19:25:47,4.38,4.44,4.32,4.44,33085750
2024-03-23 19:25:47,4.44,4.52,4.43,4.49,24005672
2024-03-24 19:25:47,4.49,4.56,4.29,4.36,16633561
2024-03-25 19:25:47,4.36,4.38,4.23,4.24,31926490
2024-03-26 19:25:47,4.24,4.28,4.05,4.13,13128895
2024-03-27 19:25:47,4.13,4.2,4.04,4.09,26876896
2024-03-28 19:25:47,4.09,4.22,4.09,4.14,28386936
2024-03-29 19:25:47,4.14,4.25,4.07,4.25,33230545
2024-03-30 19:25:47,4.25,4.33,4.13,4.21,48038587
2024-03-31 19:25:47,4.21,4.28,4.07,4.12,19410161
2024-04-01 19:25:47,4.12,4.18,3.95,4.03,3649807
2024-04-02 19:25:47,4.03,4.14,3.98,4.06,30424721
2024-04-03 19:25:47,4.06,4.19,4.0,4.18,33617115
2024-04-04 19:25:47,4.18,4.23,4.05,4.07,39755695
2024-04-05 19:25:47,4.07,4.13,4.04,4.08,11629347
2024-04-06 19:25:47,4.08,4.15,4.03,4.03,2861618
2024-04-07 19:25:47,4.03,4.03,3.97,4.01,30027890
2024-04-08 19:25:47,4.01,4.06,3.91,3.93,6834946
2024-04-09 19:25:47,3.93,3.98,3.78,3.82,47433348
2024-04-10 19:25:47,3.82,3.93,3.76,3.93,7840087
2024-04-11 19:25:47,3.93,3.97,3.85,3.86,49289142
2024-04-12 19:25:47,3.86,3.98,3.8,3.97,35414292
2024-04-13 19:25:47,3.97,4.11,3.94,4.04,1243611
2024-04-14 19:25:47,4.04,4.04,3.9,3.96,18527281
2024-04-15 19:25:47,3.96,4.09,3.93,4.04,31493529
2024-04-16 19:25:47,4.04,4.16,4.02,4.15,8879394
2024-04-17 19:25:47,4.15,4.16,4.05,4.06,41364931
2024-04-18 19:25:47,4.06,4.11,3.94,3.97,42907810
2024-04-19 19:25:47,3.97,4.0,3.91,3.94,24163613
2024-04-20 19:25:47,3.94,4.05,3.92,3.99,3689508
2024-04-21 19:25:47,3.99,4.16,3.92,4.08,15016732
2024-04-22 19:25:47,4.08,4.12,4.07,4.08,39533282
2024-04-23 19:25:47,4.08,4.09,3.9,3.97,30263926
2024-04-24 19:25:47,3.97,4.15,3.97,4.08,20442341
2024-04-25 19:25:47,4.08,4.15,4.0,4.0,21583857
2024-04-26 19:25:47,4.0,4.13,3.94,4.11,33347456
2024-04-27 19:25:47,4.11,4.12,3.95,3.99,25048814
2024-04-28 19:25:47,3.99,4.17,3.98,4.11,5301969
2024-04-29 19:25:47,4.11,4.21,4.09,4.17,14030724
2024-04-30 19:25:47,4.17,4.24,4.0,4.04,28793751
2024-05-01 19:25:47,4.04,4.05,4.03,4.03,4261107
2024-05-02 19:25:47,4.03,4.09,3.96,4.08,11747993
2024-05-03 19:25:47,4.08,4.18,4.06,4.1,44526948
2024-05-04 19:25:47,4.1,4.24,4.04,4.18,41616724
2024-05-05 19:25:47,4.18,4.25,4.09,4.13,47541140
2024-05-06 19:25:47,4.13,4.21,4.1,4.16,48718547
2024-05-07 19:25:47,4.16,4.26,4.11,4.18,39024454
2024-05-08 19:25:47,4.18,4.28,4.13,4.21,39868758
2024-05-09 19:25:47,4.21,4.32,4.16,4.3,26206593
2024-05-10 19:25:47,4.3,4.33,4.19,4.24,17014276
2024-05-11 19:25:47,4.24,4.32,4.07,4.12,44645684
2024-05-12 19:25:47,4.12,4.14,4.02,4.03,8430282
2024-05-13 19:25:47,4.03,4.08,3.9,3.95,43047349
2024-05-14 19:25:47,3.95,4.02,3.9,4.0,33519256
2024-05-15 19:25:47,4.0,4.04,3.98,4.02,8208313
2024-05-16 19:25:47,4.02,4.06,3.96,3.97,6891026
2024-05-17 19:25:47,3.97,3.99,3.83,3.87,2542204
2024-05-18 19:25:47,3.87,3.88,3.76,3.79,22553432
2024-05-19 19:25:47,3.79,3.82,3.76,3.77,34122348
2024-05-20 19:25:47,3.77,3.84,3.76,3.8,33522272
2024-05-21 19:25:47,3.8,3.86,3.75,3.82,22519595
2024-05-22 19:25:47,3.82,3.85,3.67,3.73,13560318
2024-05-23 19:25:47,3.73,3.77,3.61,3.62,12296677
2024-05-24 19:25:47,3.62,3.72,3.55,3.7,32844634
2024-05-25 19:25:47,3.7,3.76,3.64,3.69,46979444
2024-05-26 19:25:47,3.69,3.69,3.62,3.65,35406361
2024-05-27 19:25:47,3.65,3.71,3.62,3.64,27293771
2024-05-28 19:25:47,3.64,3.67,3.52,3.55,8781128
2024-05-29 19:25:47,3.55,3.56,3.47,3.48,27098133
2024-05-30 19:25:47,3.48,3.52,3.43,3.48,7824648
2024-05-31 19:25:47,3.48,3.51,3.44,3.47,7715837
2024-06-01 19:25:47,3.47,3.54,3.43,3.5,19388967
2024-06-02 19:25:47,3.5,3.5,3.46,3.49,15305273
2024-06-03 19:25:47,3.49,3.51,3.42,3.49,8018441
2024-06-04 19:25:47,3.49,3.55,3.46,3.52,42488295
2024-06-05 19:25:47,3.52,3.56,3.46,3.53,17373065
2024-06-06 19:25:47,3.53,3.64,3.53,3.6,12602909
2024-06-07 19:25:47,3.6,3.67,3.59,3.6,32758361
2024-06-08 19:25:47,3.6,3.61,3.46,3.5,4203550
2024-06-09 19:25:47,3.5,3.55,3.47,3.48,11817061
2024-06-10 19:25:47,3.48,3.56,3.48,3.51,47099026
2024-06-11 19:25:47,3.51,3.57,3.45,3.52,36704681
2024-06-12 19:25:47,3.52,3.62,3.48,3.59,23811927
2024-06-13 19:25:47,3.59,3.65,3.54,3.59,3829470
2024-06-14 19:25:47,3.59,3.74,3.57,3.69,42857159
2024-06-15 19:25:47,3.69,3.81,3.68,3.78,26804971
2024-06-16 19:25:47,3.78,3.85,3.67,3.67,41280263
2024-06-17 19:25:47,3.67,3.73,3.6,3.61,49022798
2024-06-18 19:25:47,3.61,3.78,3.55,3.71,43192417
2024-06-19 19:25:47,3.71,3.74,3.68,3.68,14280128
2024-06-20 19:25:47,3.68,3.75,3.68,3.69,8019273
2024-06-21 19:25:47,3.69,3.75,3.64,3.64,9618867
2024-06-22 19:25:47,3.64,3.7,3.55,3.61,3123903
2024-06-23 19:25:47,3.61,3.62,3.55,3.62,41847190
2024-06-24 19:25:47,3.62,3.69,3.59,3.66,39121592
2024-06-25 19:25:47,3.66,3.72,3.53,3.56,10979933
2024-06-26 19:25:47,3.56,3.63,3.52,3.53,10335079
2024-06-27 19:25:47,3.53,3.63,3.48,3.58,16971084
2024-06-28 19:25:47,3.58,3.65,3.55,3.55,46248933
2024-06-29 19:25:47,3.55,3.61,3.43,3.45,18380347
2024-06-30 19:25:47,3.45,3.46,3.32,3.36,45926252
2024-07-01 19:25:47,3.36,3.37,3.31,3.33,42741399
2024-07-02 19:25:47,3.33,3.36,3.25,3.29,7265320
2024-07-03 19:25:47,3.29,3.36,3.27,3.32,41572240
2024-07-04 19:25:47,3.32,3.37,3.25,3.31,37889858
2024-07-05 19:25:47,3.31,3.38,3.27,3.33,17428102
2024-07-06 19:25:47,3.33,3.37,3.22,3.25,15356442
2024-07-07 19:25:47,3.25,3.28,3.2,3.26,49654572
2024-07-08 19:25:47,3.26,3.31,3.22,3.25,6055588
2024-07-09 19:25:47,3.25,3.3,3.22,3.27,35927645
2024-07-10 19:25:47,3.27,3.32,3.15,3.2,49146020
2024-07-11 19:25:47,3.2,3.21,3.12,3.17,30191881
2024-07-12 19:25:47,3.17,3.22,3.09,3.09,7480517
2024-07-13 19:25:47,3.09,3.14,3.01,3.06,1895167
2024-07-14 19:25:47,3.06,3.13,3.01,3.09,46568795
2024-07-15 19:25:47,3.09,3.15,2.98,3.03,27268611
2024-07-16 19:25:47,3.03,3.06,2.96,2.97,28805588
2024-07-17 19:25:47,2.97,3.01,2.9,2.91,22355307
2024-07-18 19:25:47,2.91,2.93,2.84,2.88,25818444
2024-07-19 19:25:47,2.88,2.99,2.84,2.93,1933519
2024-07-20 19:25:47,2.93,2.95,2.84,2.87,46898460
2024-07-21 19:25:47,2.87,2.88,2.84,2.86,34497841
2024-07-22 19:25:47,2.86,2.96,2.8,2.92,8174936
2024-07-23 19:25:47,2.92,2.93,2.88,2.92,11293826
2024-07-24 19:25:47,2.92,2.94,2.84,2.86,4122009
2024-07-25 19:25:47,2.86,2.9,2.85,2.9,12909942
2024-07-26 19:25:47,2.9,2.99,2.87,2.93,5295030
2024-07-27 19:25:47,2.93,2.95,2.82,2.88,39150287
2024-07-28 19:25:47,2.88,2.97,2.83,2.96,35753008
2024-07-29 19:25:47,2.96,2.96,2.92,2.95,44235975
2024-07-30 19:25:47,2.95,3.04,2.92,3.02,39458492
2024-07-31 19:25:47,3.02,3.07,2.93,2.95,17350847
2024-08-01 19:25:47,2.95,2.99,2.9,2.93,3565700
2024-08-02 19:25:47,2.93,2.97,2.92,2.95,19590723
2024-08-03 19:25:47,2.95,3.01,2.94,2.97,40137767
2024-08-04 19:25:47,2.97,3.0,2.9,2.94,39355107
2024-08-05 19:25:47,2.94,2.94,2.9,2.92,33294058
2024-08-06 19:25:47,2.92,3.04,2.91,3.0,12857705
2024-08-07 19:25:47,3.0,3.06,2.95,3.03,12924920
2024-08-08 19:25:47,3.03,3.05,3.02,3.05,5148222
2024-08-09 19:25:47,3.05,3.13,3.05,3.12,2179669
2024-08-10 19:25:47,3.12,3.13,3.04,3.05,19755641
2024-08-11 19:25:47,3.05,3.09,2.95,2.98,41355200
2024-08-12 19:25:47,2.98,3.03,2.89,2.9,34377449
2024-08-13 19:25:47,2.9,2.92,2.84,2.9,15769923
2024-08-14 19:25:47,2.9,2.93,2.84,2.91,15073269
2024-08-15 19:25:47,2.91,2.94,2.82,2.83,1882674
2024-08-16 19:25:47,2.83,2.84,2.73,2.78,26369394
2024-08-17 19:25:47,2.78,2.85,2.74,2.85,49988331
2024-08-18 19:25:47,2.85,2.87,2.8,2.83,14825549
2024-08-19 19:25:47,2.83,2.92,2.78,2.87,14184204
2024-08-20 19:25:47,2.87,2.89,2.78,2.79,33601915
2024-08-21 19:25:47,2.79,2.79,2.68,2.72,34520419
2024-08-22 19:25:47,2.72,2.77,2.69,2.76,21864824
2024-08-23 19:25:47,2.76,2.82,2.75,2.77,27298070
2024-08-24 19:25:47,2.77,2.79,2.69,2.72,9560026
2024-08-25 19:25:47,2.72,2.72,2.62,2.65,39496676
2024-08-26 19:25:47,2.65,2.68,2.63,2.66,1434666
2024-08-27 19:25:47,2.66,2.71,2.6,2.62,25392248
2024-08-28 19:25:47,2.62,2.69,2.57,2.64,17221420
2024-08-29 19:25:47,2.64,2.68,2.6,2.65,8807050
2024-08-30 19:25:47,2.65,2.68,2.56,2.58,32971616
2024-08-31 19:25:47,2.58,2.68,2.56,2.65,16243167
2024-09-01 19:25:47,2.65,2.65,2.56,2.58,8483298
2024-09-02 19:25:47,2.58,2.66,2.57,2.65,16966419
2024-09-03 19:25:47,2.65,2.69,2.53,2.58,48745973
2024-09-04 19:25:47,2.58,2.61,2.58,2.59,9414751
2024-09-05 19:25:47,2.59,2.63,2.57,2.6,3472187
2024-09-06 19:25:47,2.6,2.65,2.55,2.58,20687756
2024-09-07 19:25:47,2.58,2.62,2.53,2.54,1462833
2024-09-08 19:25:47,2.54,2.59,2.5,2.51,32028000
2024-09-09 19:25:47,2.51,2.52,2.46,2.48,24885192
2024-09-10 19:25:47,2.48,2.5,2.44,2.48,4253578
2024-09-11 19:25:47,2.48,2.52,2.44,2.46,21603505
2024-09-12 19:25:47,2.46,2.54,2.46,2.51,20056473
2024-09-13 19:25:47,2.51,2.6,2.5,2.55,15474500
2024-09-14 19:25:47,2.55,2.59,2.52,2.53,18049667
2024-09-15 19:25:47,2.53,2.54,2.45,2.48,38269050
2024-09-16 19:25:47,2.48,2.56,2.44,2.53,46568923
2024-09-17 19:25:47,2.53,2.54,2.44,2.46,42400939
2024-09-18 19:25:47,2.46,2.48,2.4,2.44,4815028
2024-09-19 19:25:47,2.44,2.5,2.44,2.49,22220538
2024-09-20 19:25:47,2.49,2.57,2.45,2.55,7729350
2024-09-21 19:25:47,2.55,2.6,2.52,2.57,37977217
2024-09-22 19:25:47,2.57,2.64,2.53,2.61,43180732
2024-09-23 19:25:47,2.61,2.64,2.6,2.61,42254282
2024-09-24 19:25:47,2.61,2.68,2.58,2.64,45440100
2024-09-25 19:25:47,2.64,2.71,2.62,2.66,26410148
2024-09-26 19:25:47,2.66,2.69,2.64,2.64,28605303
2024-09-27 19:25:47,2.64,2.65,2.6,2.62,49263586
2024-09-28 19:25:47,2.62,2.66,2.54,2.57,10049486
2024-09-29 19:25:47,2.57,2.59,2.48,2.51,46762933
2024-09-30 19:25:47,2.51,2.52,2.51,2.52,18250886
2024-10-01 19:25:47,2.52,2.55,2.51,2.53,2593706
2024-10-02 19:25:47,2.53,2.59,2.51,2.55,33392553
2024-10-03 19:25:47,2.55,2.6,2.51,2.56,38684385
2024-10-04 19:25:47,2.56,2.62,2.55,2.61,43885408
2024-10-05 19:25:47,2.61,2.72,2.59,2.67,11295284
2024-10-06 19:25:47,2.67,2.69,2.63,2.68,35243357
2024-10-07 19:25:47,2.68,2.7,2.62,2.63,39394561
2024-10-08 19:25:47,2.63,2.67,2.52,2.55,45456485
2024-10-09 19:25:47,2.55,2.66,2.53,2.61,44801628
2024-10-10 19:25:47,2.61,2.64,2.55,2.55,22681724
2024-10-11 19:25:47,2.55,2.63,2.53,2.63,12694491
2024-10-12 19:25:47,2.63,2.66,2.59,2.63,5155225
2024-10-13 19:25:47,2.63,2.66,2.59,2.62,9583280
2024-10-14 19:25:47,2.62,2.74,2.62,2.69,22602888
2024-10-15 19:25:47,2.69,2.73,2.68,2.71,40530574
2024-10-16 19:25:47,2.71,2.75,2.69,2.73,39895411
2024-10-17 19:25:47,2.73,2.76,2.69,2.76,35030248
2024-10-18 19:25:47,2.76,2.8,2.69,2.72,36952340
2024-10-19 19:25:47,2.72,2.83,2.68,2.78,40524311
2024-10-20 19:25:47,2.78,2.8,2.73,2.75,30000039
2024-10-21 19:25:47,2.75,2.83,2.7,2.82,6432594
2024-10-22 19:25:47,2.82,2.83,2.73,2.76,1262382
2024-10-23 19:25:47,2.76,2.83,2.76,2.83,28321751
2024-10-24 19:25:47,2.83,2.86,2.82,2.84,45024722
2024-10-25 19:25:47,2.84,2.89,2.82,2.87,15271353
2024-10-26 19:25:47,2.87,2.94,2.82,2.94,18332698
2024-10-27 19:25:47,2.94,3.01,2.92,2.98,49187754
2024-10-28 19:25:47,2.98,3.11,2.97,3.06,9487455
2024-10-29 19:25:47,3.06,3.14,3.06,3.1,48587048
2024-10-30 19:25:47,3.1,3.11,3.04,3.09,29032917
2024-10-31 19:25:47,3.09,3.16,3.04,3.11,15957711
2024-11-01 19:25:47,3.11,3.14,3.07,3.12,7295254
2024-11-02 19:25:47,3.12,3.2,3.07,3.16,24299027
2024-11-03 19:25:47,3.16,3.17,3.1,3.14,37168727
2024-11-04 19:25:47,3.14,3.21,3.12,3.2,5052462
2024-11-05 19:25:47,3.2,3.27,3.14,3.25,28067854
2024-11-06 19:25:47,3.25,3.31,3.19,3.22,27371606
2024-11-07 19:25:47,3.22,3.31,3.15,3.25,19722883
2024-11-08 19:25:47,3.25,3.33,3.21,3.31,16946569
2024-11-09 19:25:47,3.31,3.44,3.29,3.39,9170750
2024-11-10 19:25:47,3.39,3.43,3.37,3.38,21902702
2024-11-11 19:25:47,3.38,3.43,3.29,3.32,6630338
2024-11-12 19:25:47,3.32,3.36,3.21,3.25,34213149
2024-11-13 19:25:47,3.25,3.32,3.22,3.29,18415848
2024-11-14 19:25:47,3.29,3.3,3.15,3.19,25563756
2024-11-15 19:25:47,3.19,3.23,3.12,3.15,31959481
2024-11-16 19:25:47,3.15,3.29,3.11,3.25,34211627
2024-11-17 19:25:47,3.25,3.28,3.23,3.23,35989991
2024-11-18 19:25:47,3.23,3.27,3.17,3.18,22534053
2024-11-19 19:25:47,3.18,3.24,3.06,3.09,2872586
2024-11-20 19:25:47,3.09,3.13,3.03,3.03,2668721
2024-11-21 19:25:47,3.03,3.04,2.93,2.95,23512998
2024-11-22 19:25:47,2.95,2.99,2.86,2.91,46547649
2024-11-23 19:25:47,2.91,2.99,2.9,2.98,14087330
2024-11-24 19:25:47,2.98,3.09,2.97,3.03,1322018
2024-11-25 19:25:47,3.03,3.11,3.01,3.06,25403456
2024-11-26 19:25:47,3.06,3.09,3.05,3.08,40602234
2024-11-27 19:25:47,3.08,3.17,3.06,3.13,38280902
2024-11-28 19:25:47,3.13,3.22,3.13,3.17,23348427
2024-11-29 19:25:47,3.17,3.23,3.13,3.2,4162072
2024-11-30 19:25:47,3.2,3.23,3.16,3.21,19012333
2024-12-01 19:25:47,3.21,3.3,3.21,3.25,36971629
2024-12-02 19:25:47,3.25,3.35,3.25,3.29,15646222
2024-12-03 19:25:47,3.29,3.41,3.27,3.36,26831643
2024-12-04 19:25:47,3.36,3.38,3.33,3.35,45463726
2024-12-05 19:25:47,3.35,3.41,3.24,3.28,23349728
2024-12-06 19:25:47,3.28,3.31,3.26,3.3,46440167
2024-12-07 19:25:47,3.3,3.32,3.26,3.31,12219546
2024-12-08 19:25:47,3.31,3.37,3.23,3.29,29879774
2024-12-09 19:25:47,3.29,3.35,3.24,3.3,49771252
2024-12-10 19:25:47,3.3,3.31,3.17,3.22,9923172
2024-12-11 19:25:47,3.22,3.25,3.15,3.2,16091206
2024-12-12 19:25:47,3.2,3.3,3.17,3.3,25754386
2024-12-13 19:25:47,3.3,3.31,3.16,3.21,21898620
2024-12-14 19:25:47,3.21,3.33,3.16,3.28,27225983
2024-12-15 19:25:47,3.28,3.39,3.26,3.36,27116945
2024-12-16 19:25:47,3.36,3.48,3.34,3.46,48688485
2024-12-17 19:25:47,3.46,3.57,3.42,3.53,42682457
2024-12-18 19:25:47,3.53,3.59,3.42,3.44,36617368
2024-12-19 19:25:47,3.44,3.45,3.3,3.35,28784796
2024-12-20 19:25:47,3.35,3.41,3.34,3.39,37553677
2024-12-21 19:25:47,3.39,3.53,3.33,3.49,23907947
2024-12-22 19:25:47,3.49,3.53,3.37,3.4,33103526
2024-12-23 19:25:47,3.4,3.52,3.36,3.49,15832404
2024-12-24 19:25:47,3.49,3.53,3.46,3.52,8766567
2024-12-25 19:25:47,3.52,3.57,3.48,3.48,43309228
2024-12-26 19:25:47,3.48,3.61,3.46,3.57,16332263
2024-12-27 19:25:47,3.57,3.7,3.53,3.66,7101234
2024-12-28 19:25:47,3.66,3.76,3.6,3.75,7478255
2024-12-29 19:25:47,3.75,3.76,3.69,3.69,40684113
2024-12-30 19:25:47,3.69,3.75,3.68,3.7,28652722
2024-12-31 19:25:47,3.7,3.7,3.64,3.67,9636050
2025-01-01 19:25:47,3.67,3.73,3.63,3.69,17094097
2025-01-02 19:25:47,3.69,3.85,3.68,3.79,5702491
2025-01-03 19:25:47,3.79,3.84,3.76,3.77,6866885
2025-01-04 19:25:47,3.77,3.77,3.69,3.74,4619087
2025-01-05 19:25:47,3.74,3.81,3.59,3.65,11159023
2025-01-06 19:25:47,3.65,3.71,3.61,3.68,6202771
2025-01-07 19:25:47,3.68,3.75,3.56,3.63,44135129
2025-01-08 19:25:47,3.63,3.64,3.5,3.57,22875989
2025-01-09 19:25:47,3.57,3.69,3.53,3.66,32770373
2025-01-10 19:25:47,3.66,3.82,3.64,3.76,20686792
2025-01-11 19:25:47,3.76,3.83,3.62,3.67,45298133
2025-01-12 19:25:47,3.67,3.71,3.63,3.67,4214108
2025-01-13 19:25:47,3.67,3.73,3.65,3.73,19175545
2025-01-14 19:25:47,3.73,3.76,3.69,3.76,30613145
2025-01-15 19:25:47,3.76,3.89,3.74,3.85,37912102
2025-01-16 19:25:47,3.85,3.99,3.82,3.94,40746032
2025-01-17 19:25:47,3.94,4.0,3.89,3.93,5767557
2025-01-18 19:25:47,3.93,4.08,3.9,4.01,28391280
2025-01-19 19:25:47,4.01,4.1,3.94,4.09,35026202
2025-01-20 19:25:47,4.09,4.12,4.02,4.04,16072828
2025-01-21 19:25:47,4.04,4.15,4.02,4.07,17225164
2025-01-22 19:25:47,4.07,4.1,4.04,4.04,38801373
2025-01-23 19:25:47,4.04,4.08,3.97,3.98,16263214
2025-01-24 19:25:47,3.98,4.03,3.9,3.94,5419856
2025-01-25 19:25:47,3.94,4.02,3.84,3.9,3297192
2025-01-26 19:25:47,3.9,3.91,3.87,3.87,24105068
2025-01-27 19:25:47,3.87,3.95,3.69,3.76,16674968
2025-01-28 19:25:47,3.76,3.84,3.69,3.83,47482461
2025-01-29 19:25:47,3.83,3.89,3.77,3.8,38487776
2025-01-30 19:25:47,3.8,3.86,3.73,3.76,31999424
2025-01-31 19:25:47,3.76,3.76,3.68,3.7,2836586
2025-02-01 19:25:47,3.7,3.76,3.62,3.63,34733428
2025-02-02 19:25:47,3.63,3.63,3.54,3.57,42920837
2025-02-03 19:25:47,3.57,3.63,3.56,3.58,25371989
2025-02-04 19:25:47,3.58,3.66,3.58,3.65,18235893
2025-02-05 19:25:47,3.65,3.7,3.58,3.61,35649953
2025-02-06 19:25:47,3.61,3.76,3.54,3.72,34167769
2025-02-07 19:25:47,3.72,3.87,3.7,3.82,28370558
2025-02-08 19:25:47,3.82,3.88,3.76,3.84,8732540
2025-02-09 19:25:47,3.84,3.92,3.78,3.86,6651240
2025-02-10 19:25:47,3.86,3.93,3.85,3.91,16684290
2025-02-11 19:25:47,3.91,3.97,3.86,3.91,49575766
2025-02-12 19:25:47,3.91,3.95,3.87,3.89,26017610
2025-02-13 19:25:47,3.89,3.93,3.76,3.83,11492548
2025-02-14 19:25:47,3.83,3.86,3.81,3.86,40322070
2025-02-15 19:25:47,3.86,3.95,3.84,3.9,3526765
2025-02-16 19:25:47,3.9,3.97,3.77,3.79,24659214
2025-02-17 19:25:47,3.79,3.84,3.73,3.84,49863967
2025-02-18 19:25:47,3.84,3.9,3.84,3.85,36845099
2025-02-19 19:25:47,3.85,3.98,3.79,3.96,16434217
2025-02-20 19:25:47,3.96,4.14,3.95,4.07,36147341
2025-02-21 19:25:47,4.07,4.09,4.0,4.08,45221062
2025-02-22 19:25:47,4.08,4.14,3.98,3.99,45681390
2025-02-23 19:25:47,3.99,4.09,3.98,4.02,31276480
2025-02-24 19:25:47,4.02,4.05,3.96,3.98,36707049
2025-02-25 19:25:47,3.98,4.08,3.91,4.04,31622953
2025-02-26 19:25:47,4.04,4.21,3.96,4.14,11115496
2025-02-27 19:25:47,4.14,4.2,4.01,4.07,15472738
2025-02-28 19:25:47,4.07,4.12,4.05,4.1,45486335
2025-03-01 19:25:47,4.1,4.22,4.08,4.17,33917698
2025-03-02 19:25:47,4.17,4.28,4.16,4.22,25607777
2025-03-03 19:25:47,4.22,4.3,4.14,4.19,18498614
2025-03-04 19:25:47,4.19,4.27,4.07,4.11,31941199
2025-03-05 19:25:47,4.11,4.19,4.0,4.01,23445233
2025-03-06 19:25:47,4.01,4.04,3.87,3.91,14766041
2025-03-07 19:25:47,3.91,3.94,3.86,3.92,22931335
2025-03-08 19:25:47,3.92,3.98,3.87,3.91,1673644
2025-03-09 19:25:47,3.91,3.99,3.85,3.96,27054812
2025-03-10 19:25:47,3.96,4.09,3.95,4.07,11732053
2025-03-11 19:25:47,4.07,4.14,4.07,4.12,27781083
2025-03-12 19:25:47,4.12,4.14,4.03,4.09,6549375
2025-03-13 19:25:47,4.09,4.19,4.05,4.17,23171971
2025-03-14 19:25:47,4.17,4.37,4.12,4.29,30280946
2025-03-15 19:25:47,4.29,4.4,4.23,4.37,22796456
2025-03-16 19:25:47,4.37,4.45,4.33,4.39,9762649
2025-03-17 19:25:47,4.39,4.45,4.32,4.32,28401859
2025-03-18 19:25:47,4.32,4.41,4.24,4.36,23373340
2025-03-19 19:25:47,4.36,4.47,4.28,4.44,24349265
2025-03-20 19:25:47,4.44,4.58,4.39,4.5,17076131
2025-03-21 19:25:47,4.5,4.61,4.5,4.6,25790574
2025-03-22 19:25:47,4.6,4.7,4.56,4.65,28969388
2025-03-23 19:25:47,4.65,4.68,4.6,4.67,10459741
2025-03-24 19:25:47,4.67,4.69,4.58,4.63,26213404
2025-03-25 19:25:47,4.63,4.67,4.44,4.51,32018766
2025-03-26 19:25:47,4.51,4.53,4.34,4.37,43982874
2025-03-27 19:25:47,4.37,4.46,4.3,4.38,10057003
2025-03-28 19:25:47,4.38,4.46,4.27,4.35,33725116
2025-03-29 19:25:47,4.35,4.41,4.22,4.25,16270737
2025-03-30 19:25:47,4.25,4.35,4.17,4.35,35222804
2025-03-31 19:25:47,4.35,4.39,4.26,4.27,23703702
2025-04-01 19:25:47,4.27,4.43,4.2,4.37,18337014
2025-04-02 19:25:47,4.37,4.45,4.27,4.35,36189510
2025-04-03 19:25:47,4.35,4.44,4.31,4.41,36338480
2025-04-04 19:25:47,4.41,4.44,4.26,4.31,1832074
2025-04-05 19:25:47,4.31,4.31,4.13,4.18,43054081
2025-04-06 19:25:47,4.18,4.31,4.16,4.28,29820222
2025-04-07 19:25:47,4.28,4.35,4.15,4.2,4211801
2025-04-08 19:25:47,4.2,4.25,4.14,4.17,27586103
2025-04-09 19:25:47,4.17,4.24,4.13,4.14,31321957
2025-04-10 19:25:47,4.14,4.23,4.08,4.16,20224983
2025-04-11 19:25:47,4.16,4.2,4.13,4.19,34232426
2025-04-12 19:25:47,4.19,4.23,4.07,4.15,10914854
2025-04-13 19:25:47,4.15,4.16,4.11,4.15,40463751
2025-04-14 19:25:47,4.15,4.22,4.12,4.19,44658695
2025-04-15 19:25:47,4.19,4.24,4.13,4.2,40780878
2025-04-16 19:25:47,4.2,4.26,4.06,4.08,12143843
2025-04-17 19:25:47,4.08,4.15,3.99,4.01,24399212
2025-04-18 19:25:47,4.01,4.07,4.0,4.03,39892123
2025-04-19 19:25:47,4.03,4.11,3.95,4.1,28812505
2025-04-20 19:25:47,4.1,4.27,4.09,4.2,27775239
2025-04-21 19:25:47,4.2,4.27,4.12,4.23,45075089
2025-04-22 19:25:47,4.23,4.29,4.17,4.19,38787738
2025-04-23 19:25:47,4.19,4.2,4.05,4.09,5703222
2025-04-24 19:25:47,4.09,4.1,3.95,4.0,9003078
2025-04-25 19:25:47,4.0,4.06,4.0,4.04,49694006
2025-04-26 19:25:47,4.04,4.18,4.01,4.14,16305745
2025-04-27 19:25:47,4.14,4.26,4.08,4.24,14431822
2025-04-28 19:25:47,4.24,4.37,4.2,4.34,32298186
2025-04-29 19:25:47,4.34,4.44,4.3,4.43,2228310
2025-04-30 19:25:47,4.43,4.5,4.36,4.41,3732381
2025-05-01 19:25:47,4.41,4.46,4.32,4.42,41146576
2025-05-02 19:25:47,4.42,4.49,4.25,4.31,37096056
2025-05-03 19:25:47,4.31,4.36,4.24,4.32,49867439
2025-05-04 19:25:47,4.32,4.32,4.13,4.2,19430593
2025-05-05 19:25:47,4.2,4.28,4.19,4.27,33505282
2025-05-06 19:25:47,4.27,4.35,4.17,4.21,38348955
2025-05-07 19:25:47,4.21,4.28,4.16,4.19,49537654
2025-05-08 19:25:47,4.19,4.24,4.05,4.08,5656992
2025-05-09 19:25:47,4.08,4.26,4.0,4.19,37269518
2025-05-10 19:25:47,4.19,4.27,4.12,4.22,37118138
2025-05-11 19:25:47,4.22,4.36,4.16,4.28,18090932
2025-05-12 19:25:47,4.28,4.44,4.21,4.4,33124274
2025-05-13 19:25:47,4.4,4.42,4.36,4.37,36238372
2025-05-14 19:25:47,4.37,4.51,4.34,4.45,11556727
2025-05-15 19:25:47,4.45,4.48,4.3,4.36,11643581
2025-05-16 19:25:47,4.36,4.53,4.36,4.48,42869254
2025-05-17 19:25:47,4.48,4.63,4.47,4.59,1652129
2025-05-18 19:25:47,4.59,4.72,4.5,4.65,49844803
2025-05-19 19:25:47,4.65,4.74,4.56,4.72,49840947
2025-05-20 19:25:47,4.72,4.74,4.67,4.71,31919958
2025-05-21 19:25:47,4.71,4.78,4.67,4.68,19312899
2025-05-22 19:25:47,4.68,4.73,4.52,4.61,6658917
2025-05-23 19:25:47,4.61,4.63,4.46,4.52,29276813
2025-05-24 19:25:47,4.52,4.53,4.47,4.48,23775382
2025-05-25 19:25:47,4.48,4.57,4.39,4.5,6490938
2025-05-26 19:25:47,4.5,4.55,4.43,4.46,14446612
2025-05-27 19:25:47,4.46,4.58,4.4,4.54,15758977
2025-05-28 19:25:47,4.54,4.7,4.45,4.61,31111782
2025-05-29 19:25:47,4.61,4.67,4.58,4.58,17203359
2025-05-30 19:25:47,4.58,4.69,4.53,4.65,15959825
2025-05-31 19:25:47,4.65,4.67,4.55,4.59,35459619
2025-06-01 19:25:47,4.59,4.62,4.49,4.5,36515897
2025-06-02 19:25:47,4.5,4.5,4.44,4.47,25388890
2025-06-03 19:25:47,4.47,4.47,4.4,4.47,16424018
2025-06-04 19:25:47,4.47,4.5,4.43,4.43,3624608
2025-06-05 19:25:47,4.43,4.59,4.42,4.51,47542938
2025-06-06 19:25:47,4.51,4.54,4.46,4.53,47906954
2025-06-07 19:25:47,4.53,4.57,4.37,4.42,49044830
2025-06-08 19:25:47,4.42,4.45,4.31,4.36,4585865
2025-06-09 19:25:47,4.36,4.39,4.27,4.35,28489876
2025-06-10 19:25:47,4.35,4.36,4.25,4.33,26807491
2025-06-11 19:25:47,4.33,4.41,4.21,4.28,40193017
2025-06-12 19:25:47,4.28,4.31,4.18,4.24,1002198
2025-06-13 19:25:47,4.24,4.37,4.23,4.29,5176698
2025-06-14 19:25:47,4.29,4.42,4.27,4.4,34296702
2025-06-15 19:25:47,4.4,4.59,4.34,4.51,21991237
2025-06-16 19:25:47,4.51,4.59,4.44,4.58,22388343
2025-06-17 19:25:47,4.58,4.65,4.49,4.6,47327283
2025-06-18 19:25:47,4.6,4.66,4.59,4.66,27664169
2025-06-19 19:25:47,4.66,4.7,4.56,4.56,21169476
2025-06-20 19:25:47,4.56,4.65,4.44,4.46,31959067
2025-06-21 19:25:47,4.46,4.5,4.31,4.33,41318393
2025-06-22 19:25:47,4.33,4.4,4.26,4.3,4828487
2025-06-23 19:25:47,4.3,4.4,4.22,4.34,30985303
2025-06-24 19:25:47,4.34,4.39,4.18,4.24,44581009
2025-06-25 19:25:47,4.24,4.35,4.22,4.3,31446171
2025-06-26 19:25:47,4.3,4.3,4.15,4.2,14591882
2025-06-27 19:25:47,4.2,4.22,4.09,4.13,35504735
2025-06-28 19:25:47,4.13,4.18,4.1,4.14,10093243
2025-06-29 19:25:47,4.14,4.16,4.02,4.07,3342507
2025-06-30 19:25:47,4.07,4.19,4.0,4.18,15418109
2025-07-01 19:25:47,4.18,4.23,4.16,4.19,37445192
2025-07-02 19:25:47,4.19,4.26,4.12,4.18,15378286
2025-07-03 19:25:47,4.18,4.21,4.1,4.14,46594938
2025-07-04 19:25:47,4.14,4.27,4.09,4.19,45238820
2025-07-05 19:25:47,4.19,4.26,4.07,4.15,11792109
2025-07-06 19:25:47,4.15,4.18,4.01,4.04,11271369
2025-07-07 19:25:47,4.04,4.12,3.97,4.05,49970643
2025-07-08 19:25:47,4.05,4.09,4.0,4.08,44946606
2025-07-09 19:25:47,4.08,4.12,4.0,4.0,48497888
2025-07-10 19:25:47,4.0,4.06,3.99,4.01,14269059
2025-07-11 19:25:47,4.01,4.06,3.92,3.96,44410722
2025-07-12 19:25:47,3.96,4.07,3.96,4.05,6167603
2025-07-13 19:25:47,4.05,4.09,3.93,3.95,31637570
2025-07-14 19:25:47,3.95,4.06,3.94,4.01,5778386
2025-07-15 19:25:47,4.01,4.06,3.94,4.02,32170373
2025-07-16 19:25:47,4.02,4.09,3.93,3.96,3003027
2025-07-17 19:25:47,3.96,4.01,3.88,3.93,14938423
2025-07-18 19:25:47,3.93,3.96,3.85,3.89,18773452
2025-07-19 19:25:47,3.89,3.91,3.82,3.91,45549708
2025-07-20 19:25:47,3.91,4.0,3.84,3.95,41653111
2025-07-21 19:25:47,3.95,4.08,3.94,4.02,47157888
2025-07-22 19:25:47,4.02,4.07,3.97,4.01,14362083
2025-07-23 19:25:47,4.01,4.06,4.01,4.05,7733679
2025-07-24 19:25:47,4.05,4.06,3.93,3.94,38451190
2025-07-25 19:25:47,3.94,3.97,3.87,3.97,32718697
2025-07-26 19:25:47,3.97,4.05,3.96,4.01,6562909
2025-07-27 19:25:47,4.01,4.06,3.94,3.96,6407651
2025-07-28 19:25:47,3.96,4.05,3.88,4.05,19977042
2025-07-29 19:25:47,4.05,4.06,3.88,3.94,27185867
2025-07-30 19:25:47,3.94,4.06,3.87,4.03,31869510
2025-07-31 19:25:47,4.03,4.09,3.98,4.04,48940242
2025-08-01 19:25:47,4.04,4.04,3.98,4.03,34089112
2025-08-02 19:25:47,4.03,4.15,3.97,4.12,28610368
2025-08-03 19:25:47,4.12,4.15,4.07,4.09,39855474
2025-08-04 19:25:47,4.09,4.17,4.09,4.17,32474199
2025-08-05 19:25:47,4.17,4.23,4.04,4.12,6826397
2025-08-06 19:25:47,4.12,4.14,3.98,4.0,18182482
2025-08-07 19:25:47,4.0,4.14,3.96,4.07,17276840
2025-08-08 19:25:47,4.07,4.21,4.07,4.16,36999684
2025-08-09 19:25:47,4.16,4.21,4.1,4.15,23578184
2025-08-10 19:25:47,4.15,4.25,4.13,4.22,31864899
2025-08-11 19:25:47,4.22,4.34,4.19,4.27,37296426
2025-08-12 19:25:47,4.27,4.35,4.21,4.26,34875912
2025-08-13 19:25:47,4.26,4.28,4.1,4.16,28069736
2025-08-14 19:25:47,4.16,4.22,3.98,4.05,11569380
2025-08-15 19:25:47,4.05,4.13,4.02,4.07,44408731
2025-08-16 19:25:47,4.07,4.1,3.92,3.97,9583525
2025-08-17 19:25:47,3.97,3.99,3.81,3.88,1224638
2025-08-18 19:25:47,3.88,3.93,3.83,3.86,41406686
2025-08-19 19:25:47,3.86,3.9,3.77,3.8,44870443
2025-08-20 19:25:47,3.8,3.83,3.67,3.69,19836682
2025-08-21 19:25:47,3.69,3.75,3.56,3.62,35563224
2025-08-22 19:25:47,3.62,3.66,3.59,3.61,15580863
2025-08-23 19:25:47,3.61,3.67,3.51,3.55,27748813
2025-08-24 19:25:47,3.55,3.69,3.5,3.65,1237388
2025-08-25 19:25:47,3.65,3.68,3.59,3.59,42957426
2025-08-26 19:25:47,3.59,3.59,3.51,3.52,12841304
2025-08-27 19:25:47,3.52,3.53,3.45,3.53,23674651
2025-08-28 19:25:47,3.53,3.59,3.43,3.45,41030566
2025-08-29 19:25:47,3.45,3.54,3.43,3.48,45694466
2025-08-30 19:25:47,3.48,3.59,3.48,3.58,41509452
2025-08-31 19:25:47,3.58,3.6,3.5,3.56,25717111
2025-09-01 19:25:47,3.56,3.63,3.53,3.59,38994670
2025-09-02 19:25:47,3.59,3.67,3.56,3.61,3120242
2025-09-03 19:25:47,3.61,3.64,3.58,3.64,35808634
2025-09-04 19:25:47,3.64,3.71,3.59,3.65,18140603
2025-09-05 19:25:47,3.65,3.73,3.61,3.71,39676515
2025-09-06 19:25:47,3.71,3.74,3.64,3.66,18972674
2025-09-07 19:25:47,3.66,3.71,3.63,3.69,6997594
2025-09-08 19:25:47,3.69,3.78,3.64,3.71,49521985
2025-09-09 19:25:47,3.71,3.75,3.57,3.61,11211464
2025-09-10 19:25:47,3.61,3.71,3.58,3.7,34999471
2025-09-11 19:25:47,3.7,3.74,3.65,3.65,39716383
2025-09-12 19:25:47,3.65,3.69,3.56,3.58,9250281
2025-09-13 19:25:47,3.58,3.59,3.52,3.56,46566630
2025-09-14 19:25:47,3.56,3.6,3.53,3.55,12833615
2025-09-15 19:25:47,3.55,3.58,3.51,3.52,49151866
2025-09-16 19:25:47,3.52,3.56,3.43,3.48,43487267
2025-09-17 19:25:47,3.48,3.62,3.43,3.57,25779962
2025-09-18 19:25:47,3.57,3.59,3.41,3.47,17828997
2025-09-19 19:25:47,3.47,3.48,3.42,3.45,33826257
2025-09-20 19:25:47,3.45,3.46,3.38,3.4,25993956
2025-09-21 19:25:47,3.4,3.43,3.28,3.34,30681312
2025-09-22 19:25:47,3.34,3.36,3.23,3.29,7025611
2025-09-23 19:25:47,3.29,3.34,3.19,3.24,20552418
2025-09-24 19:25:47,3.24,3.26,3.13,3.16,41092052
2025-09-25 19:25:47,3.16,3.19,3.13,3.17,44404926
2025-09-26 19:25:47,3.17,3.24,3.15,3.18,31084587
2025-09-27 19:25:47,3.18,3.23,3.14,3.22,4782173
2025-09-28 19:25:47,3.22,3.3,3.21,3.27,37247121
2025-09-29 19:25:47,3.27,3.28,3.2,3.23,28126224
2025-09-30 19:25:47,3.23,3.3,3.23,3.24,19693948
2025-10-01 19:25:47,3.24,3.36,3.24,3.34,7682472
2025-10-02 19:25:47,3.34,3.37,3.28,3.35,10343177
2025-10-03 19:25:47,3.35,3.43,3.31,3.39,6236970
2025-10-04 19:25:47,3.39,3.4,3.25,3.31,2137695
2025-10-05 19:25:47,3.31,3.37,3.29,3.32,45609346
2025-10-06 19:25:47,3.32,3.39,3.28,3.34,47749160
2025-10-07 19:25:47,3.34,3.34,3.28,3.33,8252690
2025-10-08 19:25:47,3.33,3.41,3.29,3.38,42634121
2025-10-09 19:25:47,3.38,3.38,3.26,3.32,25286319
2025-10-10 19:25:47,3.32,3.37,3.29,3.34,7768766
2025-10-11 19:25:47,3.34,3.43,3.33,3.43,19314859
2025-10-12 19:25:47,3.43,3.57,3.41,3.51,37525524
2025-10-13 19:25:47,3.51,3.56,3.44,3.47,46794790
2025-10-14 19:25:47,3.47,3.54,3.34,3.38,45131532
2025-10-15 19:25:47,3.38,3.4,3.32,3.32,6637168
2025-10-16 19:25:47,3.32,3.44,3.29,3.42,40746779
2025-10-17 19:25:47,3.42,3.47,3.4,3.41,36476355
2025-10-18 19:25:47,3.41,3.53,3.38,3.47,42263984
2025-10-19 19:25:47,3.47,3.52,3.32,3.37,2273543
2025-10-20 19:25:47,3.37,3.49,3.36,3.44,8191924
2025-10-21 19:25:47,3.44,3.46,3.38,3.43,8056809
2025-10-22 19:25:47,3.43,3.51,3.4,3.47,10523809
2025-10-23 19:25:47,3.47,3.57,3.43,3.56,48973342
2025-10-24 19:25:47,3.56,3.58,3.52,3.55,20866917
2025-10-25 19:25:47,3.55,3.64,3.49,3.58,9826311
2025-10-26 19:25:47,3.58,3.62,3.5,3.57,10974762
2025-10-27 19:25:47,3.57,3.59,3.43,3.49,47191505
2025-10-28 19:25:47,3.49,3.54,3.37,3.44,24334452
2025-10-29 19:25:47,3.44,3.48,3.36,3.39,17112126
2025-10-30 19:25:47,3.39,3.46,3.39,3.46,21179291
2025-10-31 19:25:47,3.46,3.57,3.44,3.56,45283871
2025-11-01 19:25:47,3.56,3.61,3.44,3.5,2271741
2025-11-02 19:25:47,3.5,3.53,3.5,3.52,6920855
2025-11-03 19:25:47,3.52,3.53,3.4,3.45,47139187
2025-11-04 19:25:47,3.45,3.51,3.41,3.41,28753245
2025-11-05 19:25:47,3.41,3.47,3.4,3.43,3244397
2025-11-06 19:25:47,3.43,3.45,3.33,3.38,44452234
2025-11-07 19:25:47,3.38,3.47,3.34,3.46,30497962
2025-11-08 19:25:47,3.46,3.51,3.37,3.41,11974945
2025-11-09 19:25:47,3.41,3.55,3.39,3.5,25000564
2025-11-10 19:25:47,3.5,3.61,3.49,3.56,20882433
2025-11-11 19:25:47,3.56,3.68,3.52,3.63,2363815
2025-11-12 19:25:47,3.63,3.71,3.57,3.67,4113789
2025-11-13 19:25:47,3.67,3.8,3.62,3.74,31997700
2025-11-14 19:25:47,3.74,3.75,3.65,3.72,2551488
2025-11-15 19:25:47,3.72,3.77,3.65,3.67,12631536
2025-11-16 19:25:47,3.67,3.76,3.65,3.76,21921719
2025-11-17 19:25:47,3.76,3.79,3.7,3.71,23152844
2025-11-18 19:25:47,3.71,3.8,3.68,3.79,28769966
2025-11-19 19:25:47,3.79,3.85,3.63,3.69,7350102
2025-11-20 19:25:47,3.69,3.71,3.6,3.67,27469020
2025-11-21 19:25:47,3.67,3.69,3.65,3.67,5838805
2025-11-22 19:25:47,3.67,3.68,3.59,3.65,18986859
2025-11-23 19:25:47,3.65,3.67,3.58,3.62,39225027
2025-11-24 19:25:47,3.62,3.65,3.56,3.58,5871656
2025-11-25 19:25:47,3.58,3.7,3.52,3.67,9538852
2025-11-26 19:25:47,3.67,3.74,3.56,3.61,41884268
2025-11-27 19:25:47,3.61,3.68,3.55,3.59,8542446
2025-11-28 19:25:47,3.59,3.7,3.53,3.65,48529453
2025-11-29 19:25:47,3.65,3.69,3.6,3.61,14572070
2025-11-30 19:25:47,3.61,3.68,3.54,3.64,40781291
2025-12-01 19:25:47,3.64,3.72,3.59,3.68,41369374
2025-12-02 19:25:47,3.68,3.73,3.54,3.6,35592285
2025-12-03 19:25:47,3.6,3.65,3.5,3.52,44813399
2025-12-04 19:25:47,3.52,3.54,3.45,3.52,42289123
2025-12-05 19:25:47,3.52,3.57,3.42,3.44,6096260
2025-12-06 19:25:47,3.44,3.49,3.43,3.47,41171118
2025-12-07 19:25:47,3.47,3.52,3.43,3.5,28272513
2025-12-08 19:25:47,3.5,3.5,3.45,3.46,34553355
2025-12-09 19:25:47,3.46,3.47,3.36,3.39,21207251
2025-12-10 19:25:47,3.39,3.42,3.23,3.29,39290347
2025-12-11 19:25:47,3.29,3.31,3.23,3.24,43231006
2025-12-12 19:25:47,3.24,3.27,3.15,3.2,43350311
2025-12-13 19:25:47,3.2,3.22,3.17,3.18,49698564
2025-12-14 19:25:47,3.18,3.26,3.16,3.26,8610817
2025-12-15 19:25:47,3.26,3.36,3.22,3.33,34096412
2025-12-16 19:25:47,3.33,3.37,3.23,3.27,32799504
2025-12-17 19:25:47,3.27,3.32,3.21,3.22,25468365
2025-12-18 19:25:47,3.22,3.29,3.22,3.29,43689799
2025-12-19 19:25:47,3.29,3.3,3.18,3.21,37066319
2025-12-20 19:25:47,3.21,3.24,3.18,3.21,46678782
2025-12-21 19:25:47,3.21,3.26,3.19,3.23,13676992
2025-12-22 19:25:47,3.23,3.33,3.21,3.29,10451261
2025-12-23 19:25:47,3.29,3.4,3.27,3.38,24337501
2025-12-24 19:25:47,3.38,3.42,3.22,3.29,49468465
2025-12-25 19:25:47,3.29,3.36,3.26,3.32,44522613
2025-12-26 19:25:47,3.32,3.34,3.23,3.29,8486598
2025-12-27 19:25:47,3.29,3.36,3.26,3.36,9474095
2025-12-28 19:25:47,3.36,3.4,3.35,3.39,34008839
2025-12-29 19:25:47,3.39,3.46,3.27,3.34,43802450
2025-12-30 19:25:47,3.34,3.4,3.19,3.24,34771638
2025-12-31 19:25:47,3.24,3.25,3.15,3.18,27461224
2026-01-01 19:25:47,3.18,3.29,3.17,3.23,46267494
2026-01-02 19:25:47,3.23,3.26,3.13,3.16,6851318
2026-01-03 19:25:47,3.16,3.2,3.15,3.16,41696034
2026-01-04 19:25:47,3.16,3.24,3.14,3.2,27224049
2026-01-05 19:25:47,3.2,3.24,3.1,3.11,45041296
2026-01-06 19:25:47,3.11,3.11,3.04,3.05,31571419
2026-01-07 19:25:47,3.05,3.06,3.03,3.04,8403517
2026-01-08 19:25:47,3.04,3.07,2.99,3.0,27418256
2026-01-09 19:25:47,3.0,3.03,2.87,2.92,24082612
2026-01-10 19:25:47,2.92,2.94,2.85,2.86,31646934
2026-01-11 19:25:47,2.86,2.91,2.83,2.85,36138486
2026-01-12 19:25:47,2.85,2.92,2.83,2.9,18801106
2026-01-13 19:25:47,2.9,2.99,2.86,2.97,18376187
2026-01-14 19:25:47,2.97,2.98,2.91,2.92,22483624
2026-01-15 19:25:47,2.92,2.94,2.91,2.93,26195840
2026-01-16 19:25:47,2.93,3.0,2.9,2.99,12923368
2026-01-17 19:25:47,2.99,3.07,2.98,3.02,7797639
2026-01-18 19:25:47,3.02,3.13,2.98,3.09,13606382
2026-01-19 19:25:47,3.09,3.12,3.02,3.03,44911119
2026-01-20 19:25:47,3.03,3.07,2.94,2.95,44157242
2026-01-21 19:25:47,2.95,3.05,2.91,3.0,32205776
2026-01-22 19:25:47,3.0,3.02,2.91,2.95,15302004
2026-01-23 19:25:47,2.95,2.98,2.85,2.86,30745610
2026-01-24 19:25:47,2.86,2.99,2.81,2.94,19793629
2026-01-25 19:25:47,2.94,3.01,2.92,3.01,12744742
2026-01-26 19:25:47,3.01,3.04,2.97,2.99,4883158
2026-01-27 19:25:47,2.99,3.04,2.96,2.96,23234527
2026-01-28 19:25:47,2.96,3.02,2.95,2.97,14406000
2026-01-29 19:25:47,2.97,2.98,2.93,2.97,10640007
2026-01-30 19:25:47,2.97,3.01,2.93,2.95,10776367
2026-01-31 19:25:47,2.95,2.98,2.88,2.89,16754450
2026-02-01 19:25:47,2.89,2.93,2.88,2.9,38458164
2026-02-02 19:25:47,2.9,2.9,2.83,2.83,45400658
2026-02-03 19:25:47,2.83,2.91,2.82,2.87,38069665
2026-02-04 19:25:47,2.87,2.89,2.85,2.86,24271192
2026-02-05 19:25:47,2.86,2.9,2.79,2.82,34217665
2026-02-06 19:25:47,2.82,2.87,2.74,2.74,27525258
2026-02-07 19:25:47,2.74,2.8,2.7,2.79,10226126
2026-02-08 19:25:47,2.79,2.9,2.78,2.87,3326008
2026-02-09 19:25:47,2.87,2.93,2.81,2.92,6245628
2026-02-10 19:25:47,2.92,2.98,2.91,2.97,14419490
2026-02-11 19:25:47,2.97,2.98,2.94,2.96,5634665
2026-02-12 19:25:47,2.96,3.02,2.91,2.93,37783754
2026-02-13 19:25:47,2.93,2.94,2.87,2.91,46678549
2026-02-14 19:25:47,2.91,2.95,2.86,2.92,13895454
2026-02-15 19:25:47,2.92,3.05,2.87,2.99,14157512
2026-02-16 19:25:47,2.99,3.05,2.92,2.95,18115671
2026-02-17 19:25:47,2.95,3.07,2.91,3.01,15808540
2026-02-18 19:25:47,3.01,3.13,2.96,3.07,35487965
2026-02-19 19:25:47,3.07,3.1,3.0,3.03,45578070
2026-02-20 19:25:47,3.03,3.08,2.92,2.98,37615929
2026-02-21 19:25:47,2.98,3.0,2.89,2.95,29688206
2026-02-22 19:25:47,2.95,2.97,2.91,2.92,47321325
2026-02-23 19:25:47,2.92,2.93,2.81,2.84,38786721
2026-02-24 19:25:47,2.84,2.86,2.76,2.81,7952973
2026-02-25 19:25:47,2.81,2.86,2.7,2.74,46374656
2026-02-26 19:25:47,2.74,2.76,2.72,2.75,39349956
2026-02-27 19:25:47,2.75,2.85,2.72,2.81,30356447
2026-02-28 19:25:47,2.81,2.85,2.71,2.75,2221232
2026-03-01 19:25:47,2.75,2.82,2.7,2.77,30400765
2026-03-02 19:25:47,2.77,2.8,2.72,2.72,40840060
2026-03-03 19:25:47,2.72,2.77,2.64,2.66,14490663
2026-03-04 19:25:47,2.66,2.71,2.64,2.64,9220172
2026-03-05 19:25:47,2.64,2.72,2.64,2.69,28588896
2026-03-06 19:25:47,2.69,2.73,2.58,2.63,39053511
2026-03-07 19:25:47,2.63,2.69,2.6,2.66,38209137
2026-03-08 19:25:47,2.66,2.69,2.59,2.63,30242979
2026-03-09 19:25:47,2.63,2.69,2.62,2.67,34381523
2026-03-10 19:25:47,2.67,2.67,2.61,2.64,39543536
2026-03-11 19:25:47,2.64,2.64,2.54,2.58,28310575
2026-03-12 19:25:47,2.58,2.6,2.54,2.6,32641854
2026-03-13 19:25:47,2.6,2.7,2.59,2.67,10104836
2026-03-14 19:25:47,2.67,2.72,2.58,2.61,27702527
2026-03-15 19:25:47,2.61,2.68,2.59,2.66,3133034
2026-03-16 19:25:47,2.66,2.67,2.61,2.61,3902363
2026-03-17 19:25:47,2.61,2.66,2.56,2.59,5526646
2026-03-18 19:25:47,2.59,2.62,2.52,2.55,34520398
2026-03-19 19:25:47,2.55,2.59,2.5,2.56,46857260
2026-03-20 19:25:47,2.56,2.61,2.46,2.51,20572514
2026-03-21 19:25:47,2.51,2.51,2.44,2.48,2084120
2026-03-22 19:25:47,2.48,2.48,2.46,2.48,27883181
2026-03-23 19:25:47,2.48,2.5,2.44,2.48,48243383
2026-03-24 19:25:47,2.48,2.5,2.45,2.47,42754435
2026-03-25 19:25:47,2.47,2.55,2.43,2.53,23428524
2026-03-26 19:25:47,2.53,2.55,2.48,2.5,20198483
2026-03-27 19:25:47,2.5,2.51,2.47,2.51,17489010
2026-03-28 19:25:47,2.51,2.59,2.46,2.55,49232528
2026-03-29 19:25:47,2.55,2.57,2.49,2.5,2949608
2026-03-30 19:25:47,2.5,2.57,2.49,2.53,33877843
2026-03-31 19:25:47,2.53,2.6,2.51,2.59,40305506
2026-04-01 19:25:47,2.59,2.6,2.55,2.55,46449089
2026-04-02 19:25:47,2.55,2.58,2.5,2.57,16813779
2026-04-03 19:25:47,2.57,2.61,2.53,2.6,31149350
2026-04-04 19:25:47,2.6,2.61,2.51,2.53,1828823
2026-04-05 19:25:47,2.53,2.56,2.43,2.47,18882822
2026-04-06 19:25:47,2.47,2.53,2.47,2.52,18692305
2026-04-07 19:25:47,2.52,2.61,2.5,2.58,14794235
2026-04-08 19:25:47,2.58,2.62,2.51,2.53,33319022
2026-04-09 19:25:47,2.53,2.58,2.43,2.46,13109063
2026-04-10 19:25:47,2.46,2.49,2.35,2.39,48921334
2026-04-11 19:25:47,2.39,2.42,2.37,2.39,40141416
2026-04-12 19:25:47,2.39,2.4,2.35,2.37,31123122
2026-04-13 19:25:47,2.37,2.44,2.34,2.41,44681274
2026-04-14 19:25:47,2.41,2.41,2.36,2.36,31897252
2026-04-15 19:25:47,2.36,2.39,2.32,2.38,30003881
2026-04-16 19:25:47,2.38,2.47,2.35,2.44,47114894
2026-04-17 19:25:47,2.44,2.53,2.4,2.48,16659695
2026-04-18 19:25:47,2.48,2.5,2.41,2.45,35534914
2026-04-19 19:25:47,2.45,2.46,2.39,2.43,13370291
2026-04-20 19:25:47,2.43,2.43,2.35,2.38,11820650
2026-04-21 19:25:47,2.38,2.41,2.36,2.39,8335853
2026-04-22 19:25:47,2.39,2.46,2.35,2.45,42885011
2026-04-23 19:25:47,2.45,2.51,2.45,2.49,2481579
2026-04-24 19:25:47,2.49,2.51,2.46,2.48,25310715
2026-04-25 19:25:47,2.48,2.49,2.37,2.42,30678359
2026-04-26 19:25:47,2.42,2.44,2.36,2.38,49930273
2026-04-27 19:25:47,2.38,2.4,2.32,2.36,49581189
2026-04-28 19:25:47,2.36,2.4,2.26,2.3,14079523
2026-04-29 19:25:47,2.3,2.32,2.23,2.24,2704849
2026-04-30 19:25:47,2.24,2.26,2.15,2.19,7518581
2026-05-01 19:25:47,2.19,2.24,2.17,2.22,32617231
2026-05-02 19:25:47,2.22,2.26,2.19,2.25,26201630
2026-05-03 19:25:47,2.25,2.27,2.21,2.26,3779799
2026-05-04 19:25:47,2.26,2.33,2.24,2.32,1968617
2026-05-05 19:25:47,2.32,2.33,2.29,2.32,6329571
2026-05-06 19:25:47,2.32,2.34,2.25,2.28,15297078
2026-05-07 19:25:47,2.28,2.29,2.17,2.21,9802390
2026-05-08 19:25:47,2.21,2.23,2.18,2.19,24654317
2026-05-09 19:25:47,2.19,2.23,2.13,2.16,9834107
2026-05-10 19:25:47,2.16,2.19,2.09,2.12,41530436
2026-05-11 19:25:47,2.12,2.16,2.09,2.14,28798692
2026-05-12 19:25:47,2.14,2.17,2.12,2.13,42870109
2026-05-13 19:25:47,2.13,2.16,2.1,2.15,49062694
2026-05-14 19:25:47,2.15,2.17,2.13,2.14,11605721
2026-05-15 19:25:47,2.14,2.16,2.07,2.08,31269139
2026-05-16 19:25:47,2.08,2.11,2.05,2.11,18752181
2026-05-17 19:25:47,2.11,2.13,2.05,2.07,26283093
2026-05-18 19:25:47,2.07,2.1,2.06,2.09,14844238
2026-05-19 19:25:47,2.09,2.12,2.04,2.07,21632662
2026-05-20 19:25:47,2.07,2.08,2.07,2.07,42258102
2026-05-21 19:25:47,2.07,2.09,2.03,2.06,4324866
2026-05-22 19:25:47,2.06,2.06,2.0,2.01,19679219
2026-05-23 19:25:47,2.01,2.04,1.99,2.03,3430820
2026-05-24 19:25:47,2.03,2.09,1.99,2.05,46056069
2026-05-25 19:25:47,2.05,2.08,2.02,2.04,8094326
2026-05-26 19:25:47,2.04,2.06,1.99,2.0,43687164
2026-05-27 19:25:47,2.0,2.02,1.98,2.02,5003672
2026-05-28 19:25:47,2.02,2.05,1.96,1.98,48245430
2026-05-29 19:25:47,1.98,1.98,1.94,1.96,40529643
2026-05-30 19:25:47,1.96,1.97,1.88,1.91,9456094
2026-05-31 19:25:47,1.91,1.91,1.9,1.91,28725597
2026-06-01 19:25:47,1.91,1.91,1.9,1.91,21919989
2026-06-02 19:25:47,1.91,1.93,1.82,1.85,25623503
2026-06-03 19:25:47,1.85,1.88,1.79,1.81,21104239
2026-06-04 19:25:47,1.81,1.84,1.78,1.8,32752907
2026-06-05 19:25:47,1.8,1.87,1.79,1.86,27810038
2026-06-06 19:25:47,1.86,1.88,1.8,1.83,22182470
2026-06-07 19:25:47,1.83,1.85,1.78,1.79,13395539
2026-06-08 19:25:47,1.79,1.79,1.74,1.76,35534097
2026-06-09 19:25:47,1.76,1.79,1.72,1.72,43059285
2026-06-10 19:25:47,1.72,1.76,1.69,1.75,18257659
2026-06-11 19:25:47,1.75,1.78,1.7,1.71,18848471
2026-06-12 19:25:47,1.71,1.73,1.7,1.72,38128937
2026-06-13 19:25:47,1.72,1.75,1.69,1.73,5179310
2026-06-14 19:25:47,1.73,1.78,1.71,1.76,35291919
2026-06-15 19:25:47,1.76,1.78,1.7,1.73,38014463
2026-06-16 19:25:47,1.73,1.73,1.66,1.68,36326928
2026-06-17 19:25:47,1.68,1.72,1.61,1.64,39962770
2026-06-18 19:25:47,1.64,1.66,1.61,1.64,34573291
2026-06-19 19:25:47,1.64,1.69,1.62,1.68,29337069
2026-06-20 19:25:47,1.68,1.69,1.62,1.64,5705267
2026-06-21 19:25:47,1.64,1.71,1.64,1.69,39559656
2026-06-22 19:25:47,1.69,1.74,1.66,1.71,45144001
2026-06-23 19:25:47,1.71,1.74,1.7,1.74,12721172
2026-06-24 19:25:47,1.74,1.76,1.71,1.71,22746642
2026-06-25 19:25:47,1.71,1.72,1.71,1.71,16168388
2026-06-26 19:25:47,1.71,1.72,1.68,1.71,34227462
2026-06-27 19:25:47,1.71,1.73,1.67,1.7,15867356
2026-06-28 19:25:47,1.7,1.73,1.66,1.68,1881011
2026-06-29 19:25:47,1.68,1.71,1.65,1.69,23456225
2026-06-30 19:25:47,1.69,1.73,1.68,1.72,17178863
2026-07-01 19:25:47,1.72,1.75,1.7,1.7,37006806
2026-07-02 19:25:47,1.7,1.73,1.67,1.72,17839175
2026-07-03 19:25:47,1.72,1.79,1.7,1.76,42280939
2026-07-04 19:25:47,1.76,1.77,1.71,1.73,12254275
2026-07-05 19:25:47,1.73,1.76,1.7,1.75,39004062
2026-07-06 19:25:47,1.75,1.8,1.72,1.78,31392777
2026-07-07 19:25:47,1.78,1.82,1.75,1.81,33768400
2026-07-08 19:25:47,1.81,1.86,1.8,1.84,23054321
2026-07-09 19:25:47,1.84,1.85,1.82,1.82,1041297
2026-07-10 19:25:47,1.82,1.87,1.81,1.87,14149832
2026-07-11 19:25:47,1.87,1.89,1.84,1.89,43796498
2026-07-12 19:25:47,1.89,1.89,1.84,1.87,5823101
2026-07-13 19:25:47,1.87,1.93,1.86,1.92,25307364
2026-07-14 19:25:47,1.92,1.94,1.84,1.87,16674509
2026-07-15 19:25:47,1.87,1.87,1.84,1.85,17340200
2026-07-16 19:25:47,1.85,1.92,1.83,1.9,16707434
2026-07-17 19:25:47,1.9,1.9,1.84,1.86,47425971
2026-07-18 19:25:47,1.86,1.88,1.78,1.8,37788788
2026-07-19 19:25:47,1.8,1.82,1.75,1.77,42322569
2026-07-20 19:25:47,1.77,1.78,1.75,1.77,38289406
2026-07-21 19:25:47,1.77,1.84,1.74,1.82,22716324
2026-07-22 19:25:47,1.82,1.85,1.77,1.8,41613487
2026-07-23 19:25:47,1.8,1.82,1.74,1.77,27042639
2026-07-24 19:25:47,1.77,1.79,1.76,1.78,25837637
2026-07-25 19:25:47,1.78,1.79,1.72,1.73,12104282
2026-07-26 19:25:47,1.73,1.8,1.7,1.77,48257042
2026-07-27 19:25:47,1.77,1.78,1.73,1.74,47320340
2026-07-28 19:25:47,1.74,1.74,1.69,1.71,38250403
2026-07-29 19:25:47,1.71,1.76,1.69,1.73,14830518
2026-07-30 19:25:47,1.73,1.74,1.71,1.72,28575694
2026-07-31 19:25:47,1.72,1.76,1.7,1.74,12925928
2026-08-01 19:25:47,1.74,1.75,1.68,1.71,38751961
2026-08-02 19:25:47,1.71,1.77,1.69,1.75,35729639
2026-08-03 19:25:47,1.75,1.79,1.72,1.79,30261213
2026-08-04 19:25:47,1.79,1.84,1.76,1.81,14309367
2026-08-05 19:25:47,1.81,1.84,1.75,1.76,9954493
2026-08-06 19:25:47,1.76,1.76,1.72,1.73,26157674
2026-08-07 19:25:47,1.73,1.73,1.65,1.68,41121665
2026-08-08 19:25:47,1.68,1.71,1.66,1.68,11769215
2026-08-09 19:25:47,1.68,1.7,1.65,1.66,15515473
2026-08-10 19:25:47,1.66,1.71,1.63,1.7,29924345
2026-08-11 19:25:47,1.7,1.7,1.63,1.65,46207351
2026-08-12 19:25:47,1.65,1.73,1.63,1.7,45417583
2026-08-13 19:25:47,1.7,1.71,1.67,1.68,7703865
2026-08-14 19:25:47,1.68,1.69,1.67,1.67,45751443
2026-08-15 19:25:47,1.67,1.72,1.67,1.71,1810573
2026-08-16 19:25:47,1.71,1.76,1.68,1.75,13332070
2026-08-17 19:25:47,1.75,1.78,1.71,1.74,34770116
2026-08-18 19:25:47,1.74,1.75,1.68,1.69,2905679
2026-08-19 19:25:47,1.69,1.73,1.67,1.73,36753801
2026-08-20 19:25:47,1.73,1.79,1.7,1.77,44268160
2026-08-21 19:25:47,1.77,1.78,1.74,1.74,40043057
2026-08-22 19:25:47,1.74,1.76,1.71,1.76,46481396
2026-08-23 19:25:47,1.76,1.77,1.74,1.75,21349331
2026-08-24 19:25:47,1.75,1.76,1.72,1.74,10138492
2026-08-25 19:25:47,1.74,1.76,1.74,1.74,46594135
2026-08-26 19:25:47,1.74,1.77,1.72,1.74,38021557
2026-08-27 19:25:47,1.74,1.81,1.74,1.77,12891766
2026-08-28 19:25:47,1.77,1.81,1.74,1.74,35921904
2026-08-29 19:25:47,1.74,1.77,1.73,1.76,48084649
2026-08-30 19:25:47,1.76,1.77,1.73,1.77,27218960
